LOINC_NUM,LONG_COMMON_NAME,reference_fact
30898-1,Plasma volume by Scintigraphy,Test: Plasma volume | System: ^Patient | Units: mL | Info: Total plasma volume determined using Iodine-125 labeled human serum albumin
13678-8,Alpha ketoglutarate/Creatinine [Mass Ratio] in Urine,Test: Alpha ketoglutarate/Creatinine | System: Urine | Units: mg/g creatinine | Info: 2-oxoglutarate & alpha ketoglutarate are the same thing
1990-1,Cholecalciferol (Vit D3) [Mass/volume] in Serum or Plasma,Test: Cholecalciferol | System: Ser/Plas | Units: ng/mL | Info: Vitamin D
30899-9,Blood volume by Scintigraphy,Test: Blood volume | System: ^Patient | Units: mL | Info: Total Blood Volume = Erythrocyte Volume + Plasma Volume
3050-2,Triiodothyronine resin uptake (T3RU) in Serum or Plasma,Test: Triiodothyronine resin uptake (T3RU) | System: Ser/Plas | Units: % | Info: Resin & T3 added to patient serum. Proportion of tracer bound by solid matrix measured. Result for p
33877-2,Tetrahydrobiopterin/Biopterin in Urine,"Test: Tetrahydrobiopterin/Biopterin | System: Urine | Units: umol/umol | Info: A low %BH4 is characteristic of dihydropteridine reductase deficiency, which leads to phenylalanine "
14629-0,Bilirubin.direct [Moles/volume] in Serum or Plasma,"Test: Bilirubin.glucuronidated+Bilirubin.albumin bound | System: Ser/Plas | Units: umol/L | Info: Except when measured by differential light absorption, direct bilirubin included glucuronidated and "
14630-8,Bilirubin.indirect [Moles/volume] in Serum or Plasma,Test: Bilirubin.non-glucuronidated | System: Ser/Plas | Units: umol/L | Info: Method can be WET CHEMISTRY or DRY SLIDE (Bu)
14631-6,Bilirubin.total [Moles/volume] in Serum or Plasma,"Test: Bilirubin | System: Ser/Plas | Units: umol/L | Info: Method can be DIRECT SPECTOPHOTOMETRY, WET CHEMISTRY or DRY SLIDE (TBIL)"
2535-3,Lactate dehydrogenase 1 [Enzymatic activity/volume] in Serum or Plasma by Chemical separation,Test: Lactate dehydrogenase 1 | System: Ser/Plas | Units: arb U/L | Info: What is this methodology as chemical?
2280-6,Fibronectin [Mass/volume] in Plasma,Test: Fibronectin | System: Plas | Units: ug/mL | Info: I found this measured on ascitic fluid
2281-4,Flavin adenine dinucleotide [Mass/volume] in Serum,Test: Flavin adenine dinucleotide | System: Ser | Units: mg/L | Info: ?Used in test procedure - is this measurable
33225-4,Fine Granular Casts [#/area] in Urine sediment by Automated count,Test: Granular casts.fine | System: Urine sed | Units: /HPF | Info: Automated counters measure the number concentration directly and calculate values for the per HPF (o
104801-6,Beta globulin [Mass/volume] in Serum or Plasma,Test: Beta globulin | System: Ser/Plas | Units: mg/L | Info: A test for Beta globulin in serum or plasma via any electrophoresis method.  A parent code for those
104805-7,Creatinine renal clearance predicted,Test: Creatinine renal clearance.predicted | System: Ser/Plas | Units: mL/min | Info: A test for Creatinine renal clearance. predicted in serum or plasma via any method.   A parent code 
104812-3,Base excess in Venous cord blood,Test: Base excess | System: BldCoV | Units: mmol/L | Info: A base excess in venous cord blood used as a parent code for those with pre-coordinated methods.
104813-1,Gamma globulin [Mass/volume] in Serum or Plasma,Test: Gamma globulin | System: Ser/Plas | Units: mg/L | Info: A test for Gamma globulin in serum or plasma via any method.  A parent code for those with pre-coord
26904-3,2-Methylcitrate [Moles/volume] in Serum or Plasma,Test: 2-Methylcitrate | System: Ser/Plas | Units: nmol/L | Info: same as methylcitrate
104816-4,Beta hydroxybutyrate [Moles/volume] in Blood,Test: Beta hydroxybutyrate | System: Bld | Units: mmol/L | Info: A test for the presence of Beta hydroxybutyrate in urine.  This is a parent code for those with pre-
42727-8,Fibrin D-dimer [Mass/volume] in Cerebral spinal fluid by Latex agglutination,"Test: Fibrin D-dimer | System: CSF | Units: ug/L | Info: The CSF assay is a manual, semiquantitative, slide latex agglutination assay. One of three results a"
21582-2,Tryptase [Mass/volume] in Serum or Plasma,Test: Tryptase | System: Ser/Plas | Units: ug/L;ng/mL | Info: Tryptase is a neutral protease sored in secretory granules of mast cells
2120-4,Chylomicrons [Mass/volume] in Serum or Plasma,Test: Chylomicrons | System: Ser/Plas | Units: mg/dL | Info: Is this QN as in lipoprotein electrophoresis? Need QL by observation.
30919-5,Iron [Mass/volume] in Urine collected for unspecified duration,Test: Iron | System: Urine | Units: ug/L | Info: Urine Test result for timed intervals other than 24H or Random.
100842-4,Nonalcoholic steatohepatitis score in Serum or Plasma Calculated by FAST,Test: Nonalcoholic steatohepatitis score | System: Ser/Plas | Units: score | Info: Fast  is a score used by healthcare professionals to aid in the identification of patients with susp
100843-2,Liver fibrosis score in Serum or Plasma by Calculated.Agile3+,Test: Liver fibrosis score | System: Ser/Plas | Units: score | Info: Agile is a set of scores estimating the degree of liver fibrosis in patients with suspicion of nonal
30922-9,Magnesium [Mass/volume] in Urine collected for unspecified duration,Test: Magnesium | System: Urine | Units: mg/L | Info: Urine Test result for timed intervals other than 24H or Random.
14116-8,IgG synthesis rate [Mass/time] in Serum and CSF by calculation,"Test: IgG synthesis rate | System: Ser+CSF | Units: mg/24 H | Info: IgG synthesis expresses the synthesis of IgG inside the blood brain barrier, in mg/day, calculated w"
100978-6,Thyroxine.free.gestational [Moles/volume] in Serum or Plasma by Immunoassay,"Test: Thyroxine.free.gestational | System: Ser/Plas | Units: pmol/L | Info: During pregnancy, a two-step immunoassay procedure which involves an extra step to remove interferin"
22695-1,Carnitine/Creatinine [Molar ratio] in Urine,"Test: Carnitine/Creatinine | System: Urine | Units: umol/mol creatinine | Info: ""Carnitine"" is an alternative way to say total carnitines which = free carnitine + acylcarnitines, o"
2462-0,IgE [Mass/volume] in Serum,"Test: IgE | System: Ser | Units: ug/L | Info: Most laboratories report in terms of international units, not mass.  Double check with your source l"
31157-1,Carboxyhemoglobin [Mass/volume] in Blood,"Test: Carboxyhemoglobin | System: Bld | Units: g/dL | Info: Requester confirmed that this is g/dL, not saturation."
18261-8,Cholesterol in LDL [Mass/volume] in Serum or Plasma ultracentrifugate,Test: Cholesterol.in LDL | System: Ser/Plas.ultracentrifugate | Units: mg/dL | Info: This method is used to calculate LDL in specimens that have a triglyceride value greater that 400 mL
14149-9,Corticotropin Big Fragment [Mass/volume] in Serum or Plasma,Test: Corticotropin.big fragment | System: Ser/Plas | Units: pg/mL | Info: High molecular wt fragment of ACTH; high levels found in ectopic tumor syndrome and certain malignan
33227-0,Coarse Granular Casts [#/area] in Urine sediment by Automated count,Test: Granular casts.coarse | System: Urine sed | Units: /HPF | Info: Automated counters measure the number concentration directly and calculate values for the per HPF (o
14152-3,Bilirubin.direct [Mass/volume] in Body fluid,"Test: Bilirubin.glucuronidated+Bilirubin.albumin bound | System: Body fld | Units: mg/dL | Info: Except when measured by differential light absorption, direct bilirubin included glucuronidated and "
18263-4,Cholesterol in HDL [Mass/volume] in Serum or Plasma ultracentrifugate,Test: Cholesterol.in HDL | System: Ser/Plas.ultracentrifugate | Units: mg/dL | Info: This method is used to calculate HDL in specimens that have a triglyceride value greater that 400 mg
2793-8,Phosphofructokinase F subunit/Phosphofructokinase.total in Platelets,Test: Phosphofructokinase.F subunit/Phosphofructokinase.total | System: Platelets | Units: % | Info: NFR is probably not the right property. These are probably not being tested as fractions of total ph
3059-3,Trypsin [Enzymatic activity/volume] in Duodenal fluid,Test: Trypsin | System: Duod fld | Units: arb U/L | Info: Trypsin is an enzyme that catalyses the cleavage of peptide linkages involving carboxy group of eith
30934-4,Natriuretic peptide B [Mass/volume] in Serum or Plasma,Test: Natriuretic peptide.B | System: Ser/Plas | Units: ng/L;pg/mL | Info: Test kit allows the use of whole blood as well as plasma - RBCs are filtered out and the test is per
33768-3,Leukocyte clumps [#/volume] in Urine by Automated count,Test: Leukocyte clumps | System: Urine | Units: /uL | Info: Automated counters measure the number concentration directly and calculate values for the per HPF (o
14678-7,Cortisol [Moles/volume] in Serum or Plasma --PM trough specimen,Test: Cortisol^PM trough specimen | System: Ser/Plas | Units: nmol/L | Info: Identifies an evening specimen when cortisol is at its lowest point in a circadian cycle -often cons
14679-5,Cortisol [Moles/volume] in Serum or Plasma --AM peak specimen,Test: Cortisol^AM peak specimen | System: Ser/Plas | Units: nmol/L | Info: Identifies a morning specimen when cortisol is at its highest point in a circadian cycle - often con
2794-6,Phosphofructokinase F subunit/Phosphofructokinase.total in Leukocytes,Test: Phosphofructokinase.F subunit/Phosphofructokinase.total | System: WBC | Units: % | Info: NFR is probably not the right property. These are probably not being tested as fractions of total ph
1649-3,Calcitriol [Mass/volume] in Serum or Plasma,"Test: Calcitriol | System: Ser/Plas | Units: pg/mL | Info: 1,25-calcitriol is IUPAC name, EUC just has calcitriol"
2795-3,Phosphofructokinase L subunit/Phosphofructokinase.total in Red Blood Cells,Test: Phosphofructokinase.L subunit/Phosphofructokinase.total | System: RBC | Units: % | Info: NFR is probably not the right property. These are probably not being tested as fractions of total ph
2796-1,Phosphofructokinase M subunit/Phosphofructokinase.total in Red Blood Cells,Test: Phosphofructokinase.M subunit/Phosphofructokinase.total | System: RBC | Units: % | Info: NFR is probably not the right property. These are probably not being tested as fractions of total ph
39459-3,Bicarbonate [Moles/volume] standard in Venous cord blood,Test: Bicarbonate^^standard | System: BldCoV | Units: mmol/L | Info: Concentration of bicarbonate in whole blood at 38 degree Celsius equilibrated at a pCO2 of 40 mm Hg 
35365-6,Vitamin D+Metabolites [Mass/volume] in Serum or Plasma,"Test: Vitamin D+Metabolites | System: Ser/Plas | Units: ng/mL | Info: Total vitamin D - includes D2, D3 and 25-OH"
26811-0,2-Methylcitrate [Moles/volume] in Urine,Test: 2-Methylcitrate | System: Urine | Units: umol/L | Info: same as methylcitrate
1833-3,Alpha-1-Fetoprotein [Mass/volume] in Cerebral spinal fluid,"Test: Alpha-1-Fetoprotein | System: CSF | Units: ug/L | Info: Used principally as a tumor marker for a form of testicular cancer, but can be elevated in many othe"
34163-6,Oxygen content in Blood,Test: Oxygen content | System: Bld | Units: mol/L | Info: Be very careful about mapping to this term. We cannot confirm that anyone reports it in this manner 
2134-5,Coproporphyrin [Moles/volume] in Red Blood Cells,Test: Coproporphyrin | System: RBC | Units: nmol/L | Info: ?RBC can't find this EUCLIDES code. In EUCLIDES I have coproporphyrin = A01530
33244-5,Guanidinoacetate [Moles/volume] in Serum or Plasma,Test: Guanidinoacetate | System: Ser/Plas | Units: mmol/mL | Info: Used to assess abnormalities in the synthesis of creatine.
1756-6,Albumin in CSF/Albumin in Serum or Plasma,Test: Albumin.CSF/Albumin.SerPl | System: Ser/Plas+CSF | Units: Ratio | Info: The albumin quotient (AQ; CSF albumin/serum or plasma albumin x 100) is an important measurement to 
10561-9,Carnitine [Moles/volume] in Semen,"Test: Carnitine | System: Semen | Units: mmol/L | Info: ""Carnitine"" is an alternative way to say total carnitines which = free carnitine + acylcarnitines, o"
101544-5,Bacterial versus viral infection likelihood [Score] by calculation,Test: Bacterial versus viral infection likelihood | System: ^Patient | Units: score | Info: The test generates a numeric score that falls within discrete interpretation categories based on the
35384-7,Estradiol (E2) [Mass/volume] in Serum or Plasma by High sensitivity method,Test: Estradiol | System: Ser/Plas | Units: pg/mL | Info: Quantitative measures of estradiol by high sensitivity assays (e.g. LC/MS/MS) are necessary to measu
33898-8,Bilirubin.conjugated+indirect [Mass/volume] in Serum or Plasma,Test: Bilirubin.glucuronidated+Bilirubin.non-glucuronidated | System: Ser/Plas | Units: mg/dL | Info: Method is DRY SLIDE (NBILI or BuBc)
20403-2,Fibronectin.fetal [Mass/volume] in Vaginal fluid,Test: Fibronectin.fetal | System: Vag | Units: ng/mL | Info: Fetal isoform of fibronectin found in amniotic fluid and placenta. Found in cervical and vaginal flu
25114-0,2-Methylcitrate/Creatinine [Molar ratio] in Urine,Test: 2-Methylcitrate/Creatinine | System: Urine | Units: mmol/mol creatinine | Info: same as methylcitrate
24448-3,Carnitine [Moles/time] in 24 hour Urine,"Test: Carnitine | System: Urine | Units: umol/24 H | Info: ""Carnitine"" is an alternative way to say total carnitines which = free carnitine + acylcarnitines, o"
101736-7,Calcium hydrogen phosphate dihydrate crystals [Energy Difference] in 24 hour Urine,Test: Calcium hydrogen phosphate dihydrate crystals | System: Urine | Units: kJ/mol | Info: Calcium hydrogen phosphate dihydrate (CHPD) is found quite frequently in urinary calculi (stones). T
14182-0,Thrombin antithrombin complex Ag [Mass/volume] in Platelet poor plasma by Immunoassay,Test: Thrombin antithrombin complex Ag | System: PPP | Units: ng/mL | Info: antithrombin III binds to thrombin forming a 1:1 complex
39460-1,Bicarbonate [Moles/volume] standard in Arterial cord blood,Test: Bicarbonate^^standard | System: BldCoA | Units: mmol/L | Info: Concentration of bicarbonate in whole blood at 38 degree Celsius equilibrated at a pCO2 of 40 mm Hg 
11277-1,Epithelial cells.squamous [#/area] in Urine sediment by Microscopy high power field,Test: Epithelial cells.squamous | System: Urine sed | Units: /HPF | Info: One of three types of epithelial cells
11278-9,Bladder cells [#/area] in Urine sediment by Microscopy high power field,Test: Bladder cells | System: Urine sed | Units: /HPF | Info: One of three types of epithelial cells
24451-7,Carnitine [Moles/mass] in Tissue,"Test: Carnitine | System: Tiss | Units: nmol/mg | Info: ""Carnitine"" is an alternative way to say total carnitines which = free carnitine + acylcarnitines, o"
33666-9,Erythrocytes.dysmorphic [#/volume] in Urine by Light microscopy,Test: Erythrocytes.dysmorphic | System: Urine | Units: 10*6/L | Info: These are the erythrocytes shown by Fairley as being associated with Glomerular bleeding
2885-2,Protein [Mass/volume] in Serum or Plasma,"Test: Protein | System: Ser/Plas | Units: g/L;g/dL | Info: Although there is a qualitative difference between total protein in plasma and serum, the QUANTITATI"
19214-6,Oxygen [Partial pressure] saturation adjusted to 0.5 in Arterial blood,Test: Oxygen^^saturation adjusted to 0.5 | System: BldA | Units: mm Hg | Info: The pO2 of a given blood sample at which hemoglobin of the blood is held saturated
11579-0,Thyrotropin [Units/volume] in Serum or Plasma by Detection limit <= 0.05 mIU/L,"Test: Thyrotropin | System: Ser/Plas | Units: mIU/L;mcU/mL | Info: This is a so called 2nd generation test and ""detection limit"" given is the analytic detection limit "
106158-9,Insulin [Units/volume] in DBS by Immunoassay,Test: Insulin | System: Bld.dot | Units: uIU/mL | Info: This assay is a quantitative determination of insulin extracted from dried blood spots through chemi
106530-9,Albumin.glycated/Albumin.total [Molar ratio] in Serum or Plasma by Immunoassay,"Test: Albumin.glycated/Albumin.total | System: Ser/Plas | Units: mmol/mol | Info: This term measures glycated albumin, which reflects glucose bound to lysine residues in albumin, is "
19215-3,Oxygen [Partial pressure] saturation adjusted to 0.5 in Capillary blood,Test: Oxygen^^saturation adjusted to 0.5 | System: BldC | Units: mm Hg | Info: The pO2 of a given blood sample at which hemoglobin of the blood is hald saturated
33200-7,Amyloid beta 42 peptide [Mass/volume] in Plasma,Test: Amyloid beta 42 peptide | System: Plas | Units: pg/mL | Info: Abeta 42 level is elevated in individuals whose chromosomes carry the genetic mutations characterist
19216-1,Oxygen [Partial pressure] saturation adjusted to 0.5 in Venous blood,Test: Oxygen^^saturation adjusted to 0.5 | System: BldV | Units: mm Hg | Info: The pO2 of a given blood sample at which hemoglobin of the blood is hald saturated
14288-5,Carnitine [Moles/volume] in Serum or Plasma,"Test: Carnitine | System: Ser/Plas | Units: umol/L;mcmol/dL; mcmol/L; umole/L | Info: ""Carnitine"" is an alternative way to say total carnitines which = free carnitine + acylcarnitines, o"
19217-9,Oxygen [Partial pressure] saturation adjusted to 0.5 in Mixed venous blood,Test: Oxygen^^saturation adjusted to 0.5 | System: BldMV | Units: mm Hg | Info: The pO2 of a given blood sample at which hemoglobin of the blood is hald saturated
19218-7,Oxygen content in Arterial blood,Test: Oxygen content | System: BldA | Units: mol/L | Info: Be very careful about mapping to this term. We cannot confirm that anyone reports it in this manner 
19219-5,Oxygen content in Capillary blood,Test: Oxygen content | System: BldC | Units: mol/L | Info: Be very careful about mapping to this term. We cannot confirm that anyone reports it in this manner 
19220-3,Oxygen content in Venous blood,Test: Oxygen content | System: BldV | Units: mol/L | Info: Be very careful about mapping to this term. We cannot confirm that anyone reports it in this manner 
19221-1,Oxygen content in Mixed venous blood,Test: Oxygen content | System: BldMV | Units: mol/L | Info: Be very careful about mapping to this term. We cannot confirm that anyone reports it in this manner 
19223-7,"Carbon dioxide, total [Moles/volume] in Mixed venous blood",Test: Carbon dioxide | System: BldMV | Units: mmol/L | Info: CO2 counterpart of oxygen content
2888-6,Protein [Mass/volume] in Urine,Test: Protein | System: Urine | Units: g/L;mg/dL | Info: The protein concentration that is reported in electrophoresis is the same as that reported routinely
19230-2,Bicarbonate [Moles/volume] standard in Arterial blood,Test: Bicarbonate^^standard | System: BldA | Units: mmol/L | Info: Concentration of bicarbonate in whole blood at 38 degree Celsius equilibrated at a pCO2 of 40 mm Hg 
19231-0,Bicarbonate [Moles/volume] standard in Capillary blood,Test: Bicarbonate^^standard | System: BldC | Units: mmol/L | Info: Concentration of bicarbonate in whole blood at 38 degree Celsius equilibrated at a pCO2 of 40 mm Hg 
33667-7,Prostate specific Ag.protein bound [Mass/volume] in Serum or Plasma,Test: Prostate specific Ag.protein bound | System: Ser/Plas | Units: ng/mL; ug/L | Info: Complexed PSA is the difference between Total and free PSA
19232-8,Bicarbonate [Moles/volume] standard in Venous blood,Test: Bicarbonate^^standard | System: BldV | Units: mmol/L | Info: Concentration of bicarbonate in whole blood at 38 degree Celsius equilibrated at a pCO2 of 40 mm Hg 
19233-6,Bicarbonate [Moles/volume] standard in Mixed venous blood,Test: Bicarbonate^^standard | System: BldMV | Units: mmol/L | Info: Concentration of bicarbonate in whole blood at 38 degree Celsius equilibrated at a pCO2 of 40 mm Hg 
33670-1,Platelet aggregation [Time] in Platelet rich plasma by collagen induced lag High dose,Test: Platelet aggregation | System: PRP | Units: s | Info: This is the lag phase between addition of collagen and platelet aggregation
101997-5,Clot initiation.kaolin induced [Time] in Blood by Thromboelastography,"Test: Clot initiation | System: Bld | Units: min | Info: Thrombelastography determination of time to initial clot formation (reaction time or R), stimulated "
101998-3,Clot formation.kaolin induced [Time] in Blood by Thromboelastography,"Test: Clot formation | System: Bld | Units: min | Info: In thromboelastography, clot formation time (K) is the time for clot firmness to increase from 2mm ("
102000-7,Maximum clot strength amplitude [Length] in Blood by Thromboelastography.kaolin induced,"Test: Maximum clot strength amplitude | System: Bld | Units: mm | Info: Thrombelastography determination of clot strength, stimulated with kaolin"
19235-1,Base excess standard in Arterial blood by calculation,Test: Base excess^^standard | System: BldA | Units: mmol/L | Info: the base excess of extracellular fluid
102004-9,Clot angle.kaolin induced in Blood by Thromboelastography^after addition of heparinase,"Test: Clot angle | System: Bld | Units: deg | Info: Thrombelastography determination of clot initiation, stimulated by kaolin, and with heparinase to ne"
106983-0,Testis expressed Protein 101 [Mass/volume] in Semen by Immunoassay,Test: Testis expressed Protein 101 | System: Semen | Units: ng/mL | Info: This term represents an assay for a testis-specific glycoprotein that is highly expressed in spermat
19236-9,Base excess standard in Capillary blood by calculation,Test: Base excess^^standard | System: BldC | Units: mmol/L | Info: the base excess of extracellular fluid
107162-0,Lipoprotein a [Moles/volume] in DBS by Turbidimetry,"Test: Lipoprotein (little a) | System: Bld.dot | Units: nmol/L | Info: This term represents an assay quantifying lipoprotein(a) (Lp(a)) levels in blood samples, including "
19237-7,Base excess standard in Venous blood by calculation,Test: Base excess^^standard | System: BldV | Units: mmol/L | Info: the base excess of extracellular fluid
14805-6,Lactate dehydrogenase [Enzymatic activity/volume] in Serum or Plasma by Pyruvate to lactate reaction,Test: Lactate dehydrogenase | System: Ser/Plas | Units: arb U/L | Info: Ortho measures piruvate lactate which is three times higher than the reaction going the other direct
19238-5,Base excess standard in Mixed venous blood by calculation,Test: Base excess^^standard | System: BldMV | Units: mmol/L | Info: the base excess of extracellular fluid
29760-6,Bilirubin.conjugated [Moles/volume] in Serum or Plasma,Test: Bilirubin.glucuronidated | System: Ser/Plas | Units: umol/L | Info: Method is DRY SLIDE (Bc)
24471-5,Platelet function (closure time) [Time] in Blood by Collagen+Epinephrine induced,"Test: Platelet function | System: Bld | Units: s | Info: Procedure used to simulate in vivo vascular injury which results in platelet attachment, activation "
21035-1,11-Deoxycortisol [Mass/volume] in Serum or Plasma --morning specimen,Test: 11-Deoxycortisol^morning specimen | System: Ser/Plas | Units: ug/dL | Info: Most labs base normals on assumption the specimen is drawn between 7 AM and 9 AM.
32046-5,Pregnancy associated plasma protein A [Units/volume] in Serum or Plasma,Test: Pregnancy associated plasma protein A | System: Ser/Plas | Units: IU/L;mIU/L | Info: Also called PAPPA. Used for testing of Down syndrome and other fetal disorders.
107372-5,von Willebrand factor activity.glycoprotein Ib gain of function (GPIbM)von Willebrand factor activity.glycoprotein Ib gain of function (GPIbM) actual/normal in Platelet poor plasma by Turbidimetry,Test: von Willebrand factor activity.glycoprotein Ib gain of function (GPIbM) actual/Normal | System: PPP | Units: % | Info: This test measures von Willebrand factor (VWF) activity using a turbidimetric method with recombinan
19254-2,Oxygen [Partial pressure] adjusted to patient's actual temperature in Blood,Test: Oxygen^^adjusted to patient's actual temperature | System: Bld | Units: mm Hg | Info: The partial pressure of oxygen at which hemoglobin is 50% saturated with oxygen. Often called p50 (w
10226-9,Oxygen content in Intravascular space,Test: Oxygen content | System: Intravascular space.XXX | Units: mol/L | Info: We can not confirm that any lab reports it in this manner - perhaps as number of molecules of oxygen
10232-7,Oxygen content in Aorta root,Test: Oxygen content | System: Aorta.root | Units: mol/L | Info: We can not confirm that any lab reports it in this manner - perhaps as number of molecules of oxygen
10233-5,Oxygen content in Left atrium,Test: Oxygen content | System: Heart.atrium.left | Units: mol/L | Info: We can not confirm that any lab reports it in this manner - perhaps as number of molecules of oxygen
10234-3,Oxygen content in Right atrium,Test: Oxygen content | System: Heart.atrium.right | Units: mol/L | Info: We can not confirm that any lab reports it in this manner - perhaps as number of molecules of oxygen
10235-0,Oxygen content in High right atrium,Test: Oxygen content | System: Heart.atrium.right.high | Units: mol/L | Info: We can not confirm that any lab reports it in this manner - perhaps as number of molecules of oxygen
10236-8,Oxygen content in Low right atrium,Test: Oxygen content | System: Heart.atrium.right.low | Units: mol/L | Info: We can not confirm that any lab reports it in this manner - perhaps as number of molecules of oxygen
10237-6,Oxygen content in Mid right atrium,Test: Oxygen content | System: Heart.atrium.right.mid | Units: mol/L | Info: We can not confirm that any lab reports it in this manner - perhaps as number of molecules of oxygen
10238-4,Oxygen content in Left ventricle,Test: Oxygen content | System: Heart.ventricle.left | Units: mol/L | Info: We can not confirm that any lab reports it in this manner - perhaps as number of molecules of oxygen
10239-2,Oxygen content in Right ventricular outflow tract,Test: Oxygen content | System: Heart.ventricle.right.outflow tract | Units: mol/L | Info: We can not confirm that any lab reports it in this manner - perhaps as number of molecules of oxygen
10240-0,Oxygen content in Right ventricle,Test: Oxygen content | System: Heart.ventricle.right | Units: mol/L | Info: We can not confirm that any lab reports it in this manner - perhaps as number of molecules of oxygen
10241-8,Oxygen content in Coronary sinus,Test: Oxygen content | System: Coronary sinus | Units: mol/L | Info: We can not confirm that any lab reports it in this manner - perhaps as number of molecules of oxygen
10242-6,Oxygen content in Ductus arteriosus,Test: Oxygen content | System: Ductus arteriosus | Units: mol/L | Info: We can not confirm that any lab reports it in this manner - perhaps as number of molecules of oxygen
10243-4,Oxygen content in Inferior vena cava,Test: Oxygen content | System: Vena cava.inferior | Units: mol/L | Info: We can not confirm that any lab reports it in this manner - perhaps as number of molecules of oxygen
10244-2,Oxygen content in Left pulmonary artery,Test: Oxygen content | System: Pulmonary artery.left | Units: mol/L | Info: We can not confirm that any lab reports it in this manner - perhaps as number of molecules of oxygen
10245-9,Oxygen content in Main pulmonary artery,Test: Oxygen content | System: Pulmonary artery.main | Units: mol/L | Info: We can not confirm that any lab reports it in this manner - perhaps as number of molecules of oxygen
10246-7,Oxygen content in Right pulmonary artery,Test: Oxygen content | System: Pulmonary artery.right | Units: mol/L | Info: We can not confirm that any lab reports it in this manner - perhaps as number of molecules of oxygen
10247-5,Oxygen content in Pulmonary wedge,Test: Oxygen content | System: Pulmonary wedge | Units: mol/L | Info: We can not confirm that any lab reports it in this manner - perhaps as number of molecules of oxygen
10248-3,Oxygen content in Superior vena cava,Test: Oxygen content | System: Vena cava.superior | Units: mol/L | Info: We can not confirm that any lab reports it in this manner - perhaps as number of molecules of oxygen
19255-9,Oxygen [Partial pressure] adjusted to patient's actual temperature in Arterial blood,Test: Oxygen^^adjusted to patient's actual temperature | System: BldA | Units: mm Hg | Info: The partial pressure of oxygen at which hemoglobin is 50% saturated with oxygen. Often called p50 (w
19256-7,Oxygen [Partial pressure] adjusted to patient's actual temperature in Capillary blood,Test: Oxygen^^adjusted to patient's actual temperature | System: BldC | Units: mm Hg | Info: The partial pressure of oxygen at which hemoglobin is 50% saturated with oxygen. Often called p50 (w
33671-9,Platelet aggregation [Time] in Control Platelet rich plasma by collagen induced lag High dose,Test: Platelet aggregation | System: PRP^Control | Units: s | Info: This is the lag phase between addition of collagen and platelet aggregation
33218-9,Bacteria [#/area] in Urine sediment by Automated count,Test: Bacteria | System: Urine sed | Units: /HPF | Info: Automated counters measure the number concentration directly and calculate values for the per HPF (o
1863-0,Anion gap in Serum or Plasma by Calculated.4Ions,Test: Anion gap | System: Ser/Plas | Units: mmol/L | Info: [(NA+)]-[(Cl-)+(CO2-)]+K
33342-7,Epithelial cells [#/area] in Urine sediment by Automated count,Test: Epithelial cells | System: Urine sed | Units: /HPF | Info: Automated counters measure the number concentration directly and calculate values for the per HPF (o
38480-0,Carnitine [Moles/volume] in DBS,"Test: Carnitine | System: Bld.dot | Units: umol/L | Info: ""Carnitine"" is an alternative way to say total carnitines which = free carnitine + acylcarnitines, o"
21052-6,Adenosine monophosphate.cyclic.nephrogenous [Moles/volume] in Urine and Serum or Plasma,Test: Adenosine monophosphate.cyclic.nephrogenous | System: Urine+Ser/Plas | Units: nmol/dL | Info: Urinary excretion of cAMP minus that filtered by the glomerulus
103676-3,Soluble triggering receptor expressed on myeloid cells-1 [Mass/volume] in Serum or Plasma by Immunoassay,Test: Soluble triggering receptor expressed on myeloid cells-1 | System: Ser/Plas | Units: pg/mL | Info: Immunoassay for measuring the in vitro quantitative determination of sTREM-1 in human plasma.
22665-4,Bilirubin.delta [Moles/volume] in Serum or Plasma,Test: Bilirubin.albumin bound | System: Ser/Plas | Units: umol/L | Info: Method is DRY SLIDE; = (TBIL-(Bu+Bc))
2411-7,Hexokinase 1/Hexokinase.total in Red Blood Cells,"Test: Hexokinase 1/Hexokinase.total | System: RBC | Units: % | Info: Hexokinase in erythrocytes can be measured as U/g Hb, U/10^12 Ercs, or U/ml Ercs. In human RBCs ther"
24520-9,Phosphate [Moles/volume] in Red Blood Cells,Test: Phosphate | System: RBC | Units: mmol/L RBC | Info: (WBPhos - (SPhos x (1 - Hematocrit)))/ Hematocrit
33222-1,Oval fat bodies (globules) [#/area] in Urine sediment by Automated count,Test: Oval fat bodies (globules) | System: Urine sed | Units: /HPF | Info: Automated counters measure the number concentration directly and calculate values for the per HPF (o
2412-5,Hexokinase 3/Hexokinase.total in Red Blood Cells,"Test: Hexokinase 3/Hexokinase.total | System: RBC | Units: % | Info: NFR is probably not the right property. Hexokinase in erythrocytes can be measured as U/g Hb, U/10^1"
20633-4,1-Methylhistidine [Moles/volume] in Serum or Plasma,Test: 1-Methylhistidine | System: Ser/Plas | Units: mcmol/dL; mcmol/L; umol/L | Info: Genetic metabolic specialist (from Canada) point out that plasma may be the traditional sample of ch
20634-2,Alpha aminobutyrate [Moles/volume] in Serum or Plasma,Test: Alpha aminobutyrate | System: Ser/Plas | Units: mcmol/dL; mcmol/L; umol/L | Info: Genetic metabolic specialist (from Canada) point out that plasma may be the traditional sample of ch
104112-8,Mucopolysaccharidosis [Enzymatic activity/volume] in DBS,"Test: Mucopolysaccharidosis | System: Bld.dot | Units: umol/h/L | Info: This test is evaluate enzymatic activity to ruling out mucopolysaccharidosis types II, IIIA, IIIB, I"
20635-9,3-Methylhistidine [Moles/volume] in Serum or Plasma,Test: 3-Methylhistidine | System: Ser/Plas | Units: mcmol/dL; mcmol/L; umol/L | Info: Genetic metabolic specialist (from Canada) point out that plasma may be the traditional sample of ch
20636-7,Alanine [Moles/volume] in Serum or Plasma,Test: Alanine | System: Ser/Plas | Units: mcmol/dL; mcmol/L; umol/L | Info: Genetic metabolic specialist (from Canada) point out that plasma may be the traditional sample of ch
17855-8,Hemoglobin A1c/Hemoglobin.total in Blood by calculation,Test: Hemoglobin A1c/Hemoglobin.total | System: Bld | Units: % | Info: Changing from the property from Mass fraction to substance fraction has not effect on the meaning  w
104116-9,Multiple sulfatase deficiency [Enzymatic activity/volume] in DBS,"Test: Multiple sulfatase deficiency | System: Bld.dot | Units: umol/h/L | Info: This term is for a test is to rule out multiple sulfatase deficiency i.e., iduronate-2- sulfatase, h"
20637-5,Arginine [Moles/volume] in Serum or Plasma,Test: Arginine | System: Ser/Plas | Units: mcmol/dL; mcmol/L; umol/L | Info: Genetic metabolic specialist (from Canada) point out that plasma may be the traditional sample of ch
20638-3,Asparagine [Moles/volume] in Serum or Plasma,Test: Asparagine | System: Ser/Plas | Units: mcmol/dL; mcmol/L; umol/L | Info: Genetic metabolic specialist (from Canada) point out that plasma may be the traditional sample of ch
20639-1,Aspartate [Moles/volume] in Serum or Plasma,Test: Aspartate | System: Ser/Plas | Units: mcmol/dL; mcmol/L; umol/L | Info: Genetic metabolic specialist (from Canada) point out that plasma may be the traditional sample of ch
20640-9,Citrulline [Moles/volume] in Serum or Plasma,Test: Citrulline | System: Ser/Plas | Units: mcmol/dL; mcmol/L; umol/L | Info: Genetic metabolic specialist (from Canada) point out that plasma may be the traditional sample of ch
20641-7,Cysteine [Moles/volume] in Serum or Plasma,Test: Cysteine | System: Ser/Plas | Units: umol/L | Info: Genetic metabolic specialist (from Canada) point out that plasma may be the traditional sample of ch
20642-5,Glutamate [Moles/volume] in Serum or Plasma,Test: Glutamate | System: Ser/Plas | Units: mcmol/dL; mcmol/L; umol/L | Info: Genetic metabolic specialist (from Canada) point out that plasma may be the traditional sample of ch
20643-3,Glutamine [Moles/volume] in Serum or Plasma,Test: Glutamine | System: Ser/Plas | Units: mcmol/dL; mcmol/L; umol/L | Info: Genetic metabolic specialist (from Canada) point out that plasma may be the traditional sample of ch
33223-9,Hyaline casts [#/area] in Urine sediment by Automated count,Test: Hyaline casts | System: Urine sed | Units: /HPF | Info: Automated counters measure the number concentration directly and calculate values for the per HPF (o
20644-1,Glycine [Moles/volume] in Serum or Plasma,Test: Glycine | System: Ser/Plas | Units: mcmol/dL; mcmol/L; umol/L | Info: Genetic metabolic specialist (from Canada) point out that plasma may be the traditional sample of ch
20645-8,Histidine [Moles/volume] in Serum or Plasma,Test: Histidine | System: Ser/Plas | Units: mcmol/dL; mcmol/L; umol/L | Info: Genetic metabolic specialist (from Canada) point out that plasma may be the traditional sample of ch
20646-6,Homocystine [Moles/volume] in Serum or Plasma,Test: Homocystine | System: Ser/Plas | Units: umol/L | Info: Genetic metabolic specialist (from Canada) point out that plasma may be the traditional sample of ch
20647-4,Hydroxyproline [Moles/volume] in Serum or Plasma,Test: Hydroxyproline | System: Ser/Plas | Units: mcmol/dL; mcmol/L; umol/L | Info: Genetic metabolic specialist (from Canada) point out that plasma may be the traditional sample of ch
1708-7,Acetylcholinesterase [Enzymatic activity/volume] in Amniotic fluid,Test: Acetylcholinesterase | System: Amnio fld | Units: arb U/L | Info: ACHE
1710-3,Acetylcholinesterase [Enzymatic activity/volume] in Serum or Plasma,Test: Acetylcholinesterase | System: Ser/Plas | Units: arb U/L | Info: ACHE
20648-2,Isoleucine [Moles/volume] in Serum or Plasma,Test: Isoleucine | System: Ser/Plas | Units: mcmol/dL; mcmol/L; umol/L | Info: Genetic metabolic specialist (from Canada) point out that plasma may be the traditional sample of ch
20649-0,Leucine [Moles/volume] in Serum or Plasma,Test: Leucine | System: Ser/Plas | Units: mcmol/dL; mcmol/L; umol/L | Info: Genetic metabolic specialist (from Canada) point out that plasma may be the traditional sample of ch
20650-8,Lysine [Moles/volume] in Serum or Plasma,Test: Lysine | System: Ser/Plas | Units: mcmol/dL; mcmol/L; umol/L | Info: Genetic metabolic specialist (from Canada) point out that plasma may be the traditional sample of ch
10835-7,Lipoprotein a [Mass/volume] in Serum or Plasma,Test: Lipoprotein (little a) | System: Ser/Plas | Units: mg/L;mg/dL | Info: Not same as Alpha Lipoprotein
13540-0,"Carbon dioxide, total [Moles/volume] in Cerebral spinal fluid",Test: Carbon dioxide | System: CSF | Units: mmol/L | Info: Confirmatory test for paroxysmal nocturnal hemoglobinuria (pnh)
13590-5,Activated protein C resistance [Time Ratio] in Platelet poor plasma by Coagulation assay,Test: Activated protein C resistance | System: PPP | Units: ratio | Info: APC Resistance is a ratio of aPTT with APC to aPTT without APC
20651-6,Methionine [Moles/volume] in Serum or Plasma,Test: Methionine | System: Ser/Plas | Units: mcmol/dL; mcmol/L; umol/L | Info: Genetic metabolic specialist (from Canada) point out that plasma may be the traditional sample of ch
104645-7,Glucosylceramide [Mass/volume] in Plasma by LC/MS/MS,Test: Glucosylceramide | System: Plas | Units: ug/mL | Info: This term is for the assay of Glucosylceramide (GL-1) biomarker level for Gaucher and Fabry patients
20652-4,Ornithine [Moles/volume] in Serum or Plasma,Test: Ornithine | System: Ser/Plas | Units: mcmol/dL; mcmol/L; umol/L | Info: Genetic metabolic specialist (from Canada) point out that plasma may be the traditional sample of ch
20654-0,Phosphoserine [Moles/volume] in Serum or Plasma,Test: Phosphoserine | System: Ser/Plas | Units: mcmol/dL; mcmol/L; umol/L | Info: Genetic metabolic specialist (from Canada) point out that plasma may be the traditional sample of ch
20655-7,Proline [Moles/volume] in Serum or Plasma,Test: Proline | System: Ser/Plas | Units: mcmol/dL; mcmol/L; umol/L | Info: Genetic metabolic specialist (from Canada) point out that plasma may be the traditional sample of ch
20656-5,Serine [Moles/volume] in Serum or Plasma,Test: Serine | System: Ser/Plas | Units: mcmol/dL; mcmol/L; umol/L | Info: Genetic metabolic specialist (from Canada) point out that plasma may be the traditional sample of ch
20657-3,Taurine [Moles/volume] in Serum or Plasma,Test: Taurine | System: Ser/Plas | Units: mcmol/dL; mcmol/L; umol/L | Info: Genetic metabolic specialist (from Canada) point out that plasma may be the traditional sample of ch
20658-1,Threonine [Moles/volume] in Serum or Plasma,Test: Threonine | System: Ser/Plas | Units: mcmol/dL; mcmol/L; umol/L | Info: Genetic metabolic specialist (from Canada) point out that plasma may be the traditional sample of ch
20659-9,Tryptophan [Moles/volume] in Serum or Plasma,Test: Tryptophan | System: Ser/Plas | Units: mcmol/dL; mcmol/L; umol/L | Info: Genetic metabolic specialist (from Canada) point out that plasma may be the traditional sample of ch
20660-7,Tyrosine [Moles/volume] in Serum or Plasma,Test: Tyrosine | System: Ser/Plas | Units: mcmol/dL; mcmol/L; umol/L | Info: Genetic metabolic specialist (from Canada) point out that plasma may be the traditional sample of ch
20661-5,Valine [Moles/volume] in Serum or Plasma,Test: Valine | System: Ser/Plas | Units: mcmol/dL; mcmol/L; umol/L | Info: Genetic metabolic specialist (from Canada) point out that plasma may be the traditional sample of ch
30895-7,Renin [Units/volume] in Plasma,Test: Renin | System: Plas | Units: mcU/mL; mU/L | Info: This term represents the amount of renin in International units.  WHO International Reference Prepar
18182-6,Osmolality of Serum or Plasma by calculated by sum of electrolytes,"Test: Observation | System: Ser/Plas | Units: mOsm/kg | Info: Calculated from glucose, bun, and sodium"
30897-3,Total Erythrocyte Volume by Scintigraphy,Test: Erythrocyte volume | System: ^Patient | Units: mL | Info: Total circulating erythrocyte volume is determined using Chromium-51 (or other isotope) labeled red 
43755-8,Casts [#/area] in Urine sediment by Automated count,Test: Casts | System: Urine sed | Units: /HPF | Info: Automated counters measure the number concentration directly and calculate values for the per HPF (o
46702-7,Leukocytes [#/area] in Urine sediment by Automated count,Test: Leukocytes | System: Urine sed | Units: /HPF | Info: Automated counters measure the number concentration directly and calculate values for the per HPF (o
47214-2,Homeostasis model assessment,Test: Homeostasis model assessment | System: Ser/Plas | Units: Index | Info: Used to quantify insulin resistance. Formulat is Glucose (mg/dL)) x Insulin (mU/mL) / 405 or Glucose
47539-2,3-Methylhistidine [Moles/volume] in DBS,Test: 3-Methylhistidine | System: Bld.dot | Units: umol/L | Info: The tentative opinion of the HTSP review (5/13/08) committee was that this marker has no clinical ut
48067-3,Fibrin D-dimer [Mass/volume] in Platelet poor plasma by Immunoassay.FEU,Test: Fibrin D-dimer | System: PPP | Units: ug/mL FEU | Info: D-dimer is considered a coagulation or hemostasis assay and will usually require platelet poor plasm
48664-7,Fibrinogen [Mass/volume] in Platelet poor plasma by Coagulation.derived,Test: Fibrinogen | System: PPP | Units: g/L | Info: The change in optical properties during the prothrombin time reaction is used to determine fibrinoge
49013-6,Pancreastatin [Mass/volume] in Serum or Plasma,Test: Pancreastatin | System: Ser/Plas | Units: pg/mL | Info: Pancreastatin is a 49 amino acid peptide first isolated from porcine pancreas. Pancreastatin has a p
49029-2,Cortisol Free/Cortisone free [Mass Ratio] in Urine,Test: Cortisol.free/Cortisone.free | System: Urine | Units: ug/ug | Info: Determining the ratio of urinary-free cortisol to cortisone is useful in evaluating patients with ap
49058-1,aPTT in Blood drawn from CRRT circuit by Coagulation assay,Test: Coagulation | System: BldCRRT | Units: s | Info: Test for Continuous Renal Replacement Therapy aPTT. Activated partial thromboplastin time (aPTT) per
49135-7,Fractional excretion of sodium [Ratio] in Urine and Serum or Plasma,"Test: Fractional excretion of sodium | System: Urine+Ser/Plas | Units: % | Info: The fractional excretion of sodium is calculated as follows, where the asterisk is being used to ind"
49136-5,Creatine kinase.MB/Creatine kinase.total [Ratio] in Serum or Plasma,"Test: Creatine kinase.MB/Creatine kinase.total | System: Ser/Plas | Units: % | Info: Sometimes called ""CK-MB mass/total CK activity-ratio"" this parameter is now often referred to as the"
49230-6,Acetylcholinesterase [Enzymatic activity/mass] in Red Blood Cells,Test: Acetylcholinesterase | System: RBC | Units: U/g Hb | Info: Used in diagnosis of pesticide toxicity or succinylcholine toxicity. Also used to evaluate paroxysma
49231-4,Cholinesterase [Enzymatic activity/mass] in Red Blood Cells,Test: Cholinesterase | System: RBC | Units: U/g Hb | Info: The best test for detecting chronic organophosphate poisoning-preferred over serum acetylcholinester
49333-8,Galactitol [Moles/volume] in Amniotic fluid,Test: Galactitol | System: Amnio fld | Units: umol/L | Info: useful for prenatal diagnosis of Galactosemia
49505-1,Erythrocyte clumps [#/area] in Urine sediment by Automated count,Test: Erythrocyte clumps | System: Urine sed | Units: /HPF | Info: Automated counters measure the number concentration directly and calculate values for the per HPF (o
50057-9,Fractional excretion of phosphate [Ratio] in Urine and Serum or Plasma collected for unspecified duration,Test: Fractional excretion of phosphate | System: Urine+Ser/Plas | Units: % | Info: (Ph U x Creat Ser) / (Ph Ser x Creat U) x 100
50233-6,Leukocyte clumps [#/area] in Urine sediment by Automated count,Test: Leukocyte clumps | System: Urine sed | Units: /HPF | Info: Automated counters measure the number concentration directly and calculate values for the per HPF (o
50235-1,Mucus [#/area] in Urine sediment by Automated count,Test: Mucus | System: Urine sed | Units: /HPF | Info: Automated counters measure the number concentration directly and calculate values for the per HPF (o
50366-4,Prolactin monomeric/Prolactin.total in Serum or Plasma,Test: Prolactin.monomeric/Prolactin.total | System: Ser/Plas | Units: % | Info: Prolactin is measured before and after PEG-treatment of the sample. The PEG treatment precipitates t
50378-9,von Willebrand factor (vWf).collagen binding activity/von Willebrand factor Ag [Ratio] in Platelet poor plasma by Immunoassay,Test: von Willebrand factor.collagen binding activity/von Willebrand factor Ag | System: PPP | Units: ratio | Info: This term represents a ratio of two results that are expressed as percentages of normal: the von Wil
50675-8,Calcium-phosphorus product [(Mass/volume)*2] in Serum or Plasma,Test: Calcium-phosphorus product | System: Ser/Plas | Units: mg2/dL2 | Info: Calcium x Phosphate
50982-8,Horowitz index in Blood,Test: Horowitz index | System: Bld+Inhl gas | Units: mm Hg | Info: A ratio with numerator = oxygen partial pressure (PaO2) in mmHg and denominator = fraction of inspir
50983-6,Horowitz index in Capillary blood,Test: Horowitz index | System: BldC+Inhl gas | Units: mm Hg | Info: A ratio with numerator = capillary oxygen partial pressure (PaO2) in mmHg and denominator = fraction
50984-4,Horowitz index in Arterial blood,Test: Horowitz index | System: BldA+Inhl gas | Units: mm Hg | Info: A ratio with numerator = arterial oxygen partial pressure (PaO2) in mmHg and denominator = fraction 
50985-1,Horowitz index in Mixed venous blood,Test: Horowitz index | System: BldMV+Inhl gas | Units: mm Hg | Info: A ratio with numerator = mixed venous oxygen partial pressure (PaO2) in mmHg and denominator = fract
50986-9,Horowitz index in Venous blood,Test: Horowitz index | System: BldV+Inhl gas | Units: mm Hg | Info: A ratio with numerator = venous oxygen partial pressure (PaO2) in mmHg and denominator = fraction of
50987-7,Horowitz index adjusted to patients actual temperature in Blood,Test: Horowitz index^^adjusted to patient's actual temperature | System: Bld+Inhl gas | Units: mm Hg | Info: A ratio with numerator = oxygen partial pressure (PaO2) in mmHg and denominator = fraction of inspir
50988-5,Horowitz index adjusted to patients actual temperature in Capillary blood,Test: Horowitz index^^adjusted to patient's actual temperature | System: BldC+Inhl gas | Units: mm Hg | Info: A ratio with numerator = capillary oxygen partial pressure (PaO2) in mmHg and denominator = fraction
50989-3,Horowitz index adjusted to patients actual temperature in Arterial blood,Test: Horowitz index^^adjusted to patient's actual temperature | System: BldA+Inhl gas | Units: mm Hg | Info: A ratio with numerator = arterial oxygen partial pressure (PaO2) in mmHg and denominator = fraction 
51478-6,Mucus [#/volume] in Urine by Automated count,Test: Mucus | System: Urine | Units: /uL | Info: Automated counters measure the number concentration directly and calculate values for the per HPF (o
51479-4,Spermatozoa [#/volume] in Urine by Automated count,Test: Spermatozoa | System: Urine | Units: /uL | Info: Automated counters measure the number concentration directly and calculate values for the per HPF (o
51480-2,Bacteria [#/volume] in Urine by Automated count,Test: Bacteria | System: Urine | Units: /uL | Info: Automated counters measure the number concentration directly and calculate values for the per HPF (o
51481-0,Yeast [#/volume] in Urine by Automated count,Test: Yeast | System: Urine | Units: /uL | Info: Automated counters measure the number concentration directly and calculate values for the per HPF (o
51482-8,Crystals [#/volume] in Urine by Automated count,Test: Crystals | System: Urine | Units: /uL | Info: Automated counters measure the number concentration directly and calculate values for the per HPF (o
51483-6,Casts [#/volume] in Urine by Automated count,Test: Casts | System: Urine | Units: /uL | Info: Automated counters measure the number concentration directly and calculate values for the per HPF (o
51484-4,Hyaline casts [#/volume] in Urine by Automated count,Test: Hyaline casts | System: Urine | Units: /uL | Info: Automated counters measure the number concentration directly and calculate values for the per HPF (o
51485-1,Epithelial cells.non-squamous [#/volume] in Urine by Automated count,Test: Epithelial cells.non-squamous | System: Urine | Units: /uL | Info: Automated counters measure the number concentration directly and calculate values for the per HPF (o
51486-9,Epithelial cells.squamous [#/volume] in Urine by Automated count,Test: Epithelial cells.squamous | System: Urine | Units: /uL | Info: Automated counters measure the number concentration directly and calculate values for the per HPF (o
51487-7,Leukocytes [#/volume] in Urine by Automated count,Test: Leukocytes | System: Urine | Units: /uL | Info: Automated counters measure the number concentration directly and calculate values for the per HPF (o
52122-9,Prothrombin time (PT) post heparin neutralization in Platelet poor plasma by Coagulation assay,Test: Coagulation | System: PPP | Units: s | Info: Heparin contamination from plasma of patients on heparin therapy or from plasma transported in a hep
53053-5,Carnitine [Moles/volume] in Amniotic fluid,"Test: Carnitine | System: Amnio fld | Units: umol/L | Info: ""Carnitine"" is an alternative way to say total carnitines which = free carnitine + acylcarnitines, o"
53071-7,Carnitine [Moles/volume] in Cerebral spinal fluid,"Test: Carnitine | System: CSF | Units: umol/L | Info: ""Carnitine"" is an alternative way to say total carnitines which = free carnitine + acylcarnitines, o"
53203-6,Hexenoylcarnitine (C6:1) [Moles/volume] in DBS,Test: Hexenoylcarnitine (C6:1) | System: Bld.dot | Units: umol/L | Info: The tentative opinion of the HTSP review (5/13/08) committee was that this marker has no clinical ut
53204-4,Heptanoylcarnitine (C7) [Moles/volume] in DBS,Test: Heptanoylcarnitine (C7) | System: Bld.dot | Units: umol/L | Info: The tentative opinion of the HTSP review (5/13/08) committee was that this marker has no clinical ut
53205-1,Phenylacetylcarnitine (PheC2) [Moles/volume] in DBS,Test: Phenylacetylcarnitine (PheC2) | System: Bld.dot | Units: umol/L | Info: The tentative opinion of the HTSP review (5/13/08) committee was that this marker has no clinical ut
53206-9,Salicylylcarnitine (SalC) [Moles/volume] in DBS,Test: Salicylylcarnitine (Salc) | System: Bld.dot | Units: umol/L | Info: The tentative opinion of the HTSP review (5/13/08) committee was that this marker has no clinical ut
53207-7,Nonanoylcarnitine (C9) [Moles/volume] in DBS,Test: Nonanoylcarnitine (C9) | System: Bld.dot | Units: umol/L | Info: The tentative opinion of the HTSP review (5/13/08) committee was that this marker has no clinical ut
53208-5,Decatrienoylcarnitine (C10:3) [Moles/volume] in DBS,Test: Decatrienoylcarnitine (C10:3) | System: Bld.dot | Units: umol/L | Info: The tentative opinion of the HTSP review (5/13/08) committee was that this marker has no clinical ut
53209-3,Dehydrosuberylcarnitine (C8:1-DC) [Moles/volume] in DBS,Test: Dehydrosuberylcarnitine (C8:1-DC) | System: Bld.dot | Units: umol/L | Info: The tentative opinion of the HTSP review (5/13/08) committee was that this marker has no clinical ut
53210-1,Suberylcarnitine (C8-DC) [Moles/volume] in DBS,Test: Suberylcarnitine (C8-DC) | System: Bld.dot | Units: umol/L | Info: The tentative opinion of the HTSP review (5/13/08) committee was that this marker has no clinical ut
53211-9,Dehydrosebacylcarnitine (C10:1-DC) [Moles/volume] in DBS,Test: Dehydrosebacylcarnitine (C10:1-DC) | System: Bld.dot | Units: umol/L | Info: The tentative opinion of the HTSP review (5/13/08) committee was that this marker has no clinical ut
53212-7,Sebacylcarnitine (C10-DC) [Moles/volume] in DBS,Test: Sebacylcarnitine (C10-DC) | System: Bld.dot | Units: umol/L | Info: The tentative opinion of the HTSP review (5/13/08) committee was that this marker has no clinical ut
53213-5,Dicarboxydodecenoylcarnitine (C12:1-DC) [Moles/volume] in DBS,Test: Dicarboxydodecenoylcarnitine (C12:1-DC) | System: Bld.dot | Units: umol/L | Info: The tentative opinion of the HTSP review (5/13/08) committee was that this marker has no clinical ut
53214-3,Dicarboxydodecanoylcarnitine (C12-DC) [Moles/volume] in DBS,Test: Dicarboxydodecanoylcarnitine (C12-DC) | System: Bld.dot | Units: umol/L | Info: The tentative opinion of the HTSP review (5/13/08) committee was that this marker has no clinical ut
53215-0,Dicarboxytetradecenoylcarnitine (C14:1-DC) [Moles/volume] in DBS,Test: Dicarboxytetradecenoylcarnitine (C14:1-DC) | System: Bld.dot | Units: umol/L | Info: The tentative opinion of the HTSP review (5/13/08) committee was that this marker has no clinical ut
53216-8,Dicarboxytetradecanoylcarnitine (C14-DC) [Moles/volume] in DBS,Test: Dicarboxytetradecanoylcarnitine (C14-DC) | System: Bld.dot | Units: umol/L | Info: The tentative opinion of the HTSP review (5/13/08) committee was that this marker has no clinical ut
53217-6,Dicarboxypalmitoleylcarnitine (C16:1-DC) [Moles/volume] in DBS,Test: Dicarboxypalmitoleylcarnitine (C16:1-DC) | System: Bld.dot | Units: umol/L | Info: The tentative opinion of the HTSP review (5/13/08) committee was that this marker has no clinical ut
53218-4,Dicarboxypalmitoylcarnitine (C16-DC) [Moles/volume] in DBS,Test: Dicarboxypalmitoylcarnitine (C16-DC) | System: Bld.dot | Units: umol/L | Info: The tentative opinion of the HTSP review (5/13/08) committee was that this marker has no clinical ut
53219-2,Dicarboxyoleylcarnitine (C18:1-DC) [Moles/volume] in DBS,Test: Dicarboxyoleylcarnitine (C18:1-DC) | System: Bld.dot | Units: umol/L | Info: The tentative opinion of the HTSP review (5/13/08) committee was that this marker has no clinical ut
53220-0,Dicarboxystearoylcarnitine (C18-DC) [Moles/volume] in DBS,Test: Dicarboxystearoylcarnitine (C18-DC) | System: Bld.dot | Units: umol/L | Info: The tentative opinion of the HTSP review (5/13/08) committee was that this marker has no clinical ut
53587-2,Beta globulin.abnormal band [Mass/volume] in Serum or Plasma by Electrophoresis,Test: Beta globulin.abnormal band | System: Ser/Plas | Units: g/L | Info: Abnormal band at the same place as beta bglobulin
54434-6,Lipoprotein.beta.subparticle [Moles/volume] in Serum or Plasma,Test: Lipoprotein.beta.subparticle | System: Ser/Plas | Units: nmol/L | Info: Total number of LDL particles (LDL-P) in namomoles per liter (1 nmol/L=6x10(14) particles/L)
55200-0,Carnitine [Moles/volume] in Body fluid,"Test: Carnitine | System: Body fld | Units: umol/L | Info: ""Carnitine"" is an alternative way to say total carnitines which = free carnitine + acylcarnitines, o"
55440-2,Cholesterol.in LDL (real) [Mass/volume] in Serum or Plasma by VAP,"Test: Cholesterol.in LDL | System: Ser/Plas | Units: mg/dL | Info: Unlike ""direct LDL"" kits, the VAP method directly measures real LDL separately from Lp(a), IDL and V"
55827-0,Acid alpha glucosidase [Enzymatic activity/volume] in DBS,Test: Acid alpha glucosidase | System: Bld.dot | Units: umol/L/h | Info: This is a newborn screening test to detect enzymatic activity in dried blood spot to screen for Pomp
55908-8,Alpha galactosidase A [Enzymatic activity/volume] in DBS,Test: Alpha galactosidase A | System: Bld.dot | Units: umol/L/h | Info: This is a newborn screening test to detect enzymatic activity in dried blood spot to screen for Fabr
55962-5,Oxygen content in Cord blood,Test: Oxygen content | System: BldCo | Units: mmol/L | Info: We can not confirm that any lab reports it in this manner - perhaps as number of molecules of oxygen
56913-7,Corticotropin [Mass/volume] in Plasma --morning specimen,"Test: Corticotropin^morning specimen | System: Plas | Units: pg/mL | Info: Most labs base normals on assumption the specimen is drawn between 7 AM and 9 AM."""
57824-5,Cortisol Free [Mass/volume] in Serum or Plasma --AM peak specimen,Test: Cortisol.free^AM peak specimen | System: Ser/Plas | Units: ug/dL | Info: Identifies a morning specimen when free cortisol is at its highest point in a circadian cycle - ofte
57825-2,Cortisol Free [Mass/volume] in Serum or Plasma --PM trough specimen,Test: Cortisol.free^PM trough specimen | System: Ser/Plas | Units: ug/dL | Info: Identifies an evening specimen when free cortisol is at its lowest point in a circadian cycle -often
5786-9,Epithelial casts [#/area] in Urine sediment by Microscopy low power field,Test: Epithelial casts | System: Urine sed | Units: /LPF | Info: Casts are easily seen in low power field but can exceed size of HPF
5789-3,Fatty casts [#/area] in Urine sediment by Microscopy low power field,Test: Fatty casts | System: Urine sed | Units: /LPF | Info: Casts are easily seen in low power field but can exceed size of HPF
5793-5,Granular casts [#/area] in Urine sediment by Microscopy low power field,Test: Granular casts | System: Urine sed | Units: /LPF | Info: Casts are easily seen in low power field but can exceed size of HPF
5807-3,RBC casts [#/area] in Urine sediment by Microscopy low power field,Test: Erythrocyte casts | System: Urine sed | Units: /LPF | Info: Casts are easily seen in low power field but can exceed size of HPF
5819-8,Waxy casts [#/area] in Urine sediment by Microscopy low power field,Test: Waxy casts | System: Urine sed | Units: /LPF | Info: Casts are easily seen in low power field but can exceed size of HPF
5820-6,WBC casts [#/area] in Urine sediment by Microscopy low power field,Test: Leukocyte casts | System: Urine sed | Units: /LPF | Info: Casts are easily seen in low power field but can exceed size of HPF
58448-2,Microalbumin ug/min [Mass/time] in 24 hour Urine,Test: Albumin ug/min | System: Urine | Units: ug/min | Info: The use of ug/min in the component name is an exception to the usual LOINC rule of ignoring powers o
58941-6,Bilirubin [Mass/volume] in Skin,Test: Bilirubin | System: Skin | Units: mg/dL | Info: Measures the bilirubin content of skin (not capillaries) via measures of reflected light at specifie
59009-1,Fractional excretion of urea [Ratio] in Urine and Serum or Plasma collected for unspecified duration,Test: Fractional excretion of urea | System: Urine+Ser/Plas | Units: % | Info: (Urea U x Creat Ser) / (Urea Ser x Creat U) x 100
59010-9,Fractional excretion of potassium [Ratio] in Urine and Serum or Plasma collected for unspecified duration,Test: Fractional excretion of potassium | System: Urine+Ser/Plas | Units: % | Info: (K U x Creat Ser) / (K Ser x Creat U) x 100
59261-8,Hemoglobin A1c/Hemoglobin.total standardized per IFCC-RMP for CDT in Blood,"Test: Hemoglobin A1c/Hemoglobin.total^^standardized per IFCC-RMP for CDT | System: Bld | Units: mmol/mol | Info: This term is not proposed for use in the United States, who will continue to use the NGSP protocol a"
59275-8,Oxygen capacity [Volume Fraction] in Arterial blood,"Test: Oxygen capacity | System: BldA | Units: ml/dl | Info: Oxygen capacity is similar to oxygen content, but allows for carboxyhemoglobin and methemoglobin con"
59830-0,Erythrocytes in 3 hour Urine sediment by Light microscopy,"Test: Erythrocytes | System: Urine sed | Units: RBC/min | Info: The Addis count determines the number of erythrocytes, leukocytes, epithelial cells, casts, and prot"
60438-9,Diamine oxidase [Units/volume] in Serum or Plasma,Test: Diamine oxidase | System: Ser/Plas | Units: arb U/mL | Info: This is an enzyme but its concentration is measured immunologically. Therfore the property is ACnc a
62320-7,T-cell receptor excision circle [#/volume] in DBS by NAA with probe detection,"Test: T-cell receptor excision circle | System: Bld.dot | Units: copies | Info: In newborn screening laboratories where dried blood spots (DBS) are the only available specimens, th"
66853-3,Myeloperoxidase [Moles/volume] in Plasma,"Test: Myeloperoxidase | System: Plas | Units: pmol/L | Info: This code is based on ClevelanHeartLab's CardioMPO test, but does not exclude its use for similar te"
67151-1,Troponin T.cardiac [Mass/volume] in Serum or Plasma by High sensitivity method,"Test: Troponin T.cardiac | System: Ser/Plas | Units: ng/L | Info: The ""high sensitivity"" troponin assays manufactured by different vendors have different analytical c"
67701-3,Glutarylcarnitine (C5-DC)+3-Hydroxyhexanoylcarnitine (C6-OH)/Palmitoylcarnitine (C16) [Molar ratio] in DBS,Test: Glutarylcarnitine (C5-DC)+3-Hydroxyhexanoylcarnitine (C6-OH)/Palmitoylcarnitine (C16) | System: Bld.dot | Units: Ratio | Info: This ratio may be computed only when using the non-derivatized tandem mass spectrometry (MS/MS) meth
67708-8,Malonylcarnitine (C3-DC)+3-Hydroxybutyrylcarnitine (C4-OH) [Moles/volume] in DBS,Test: Malonylcarnitine (C3-DC)+3-Hydroxybutyrylcarnitine (C4-OH) | System: Bld.dot | Units: umol/L | Info: This analyte is measured using the non-derivatized tandem mass spectrometry (MS/MS) method and is no
67709-6,Methylmalonylcarnitine (C4-DC)+3-Hydroxyisovalerylcarnitine (C5-OH) [Moles/volume] in DBS,Test: Methylmalonylcarnitine (C4-DC)+3-Hydroxyisovalerylcarnitine (C5-OH) | System: Bld.dot | Units: umol/L | Info: This analyte is measured using the non-derivatized tandem mass spectrometry (MS/MS) method and is no
67710-4,Glutarylcarnitine (C5-DC)+3-Hydroxyhexanoylcarnitine (C6-OH) [Moles/volume] in DBS,Test: Glutarylcarnitine (C5-DC)+3-Hydroxyhexanoylcarnitine (C6-OH) | System: Bld.dot | Units: umol/L | Info: This analyte is measured using the non-derivatized tandem mass spectrometry (MS/MS) method and is no
67711-2,Glutarylcarnitine (C5-DC)+3-Hydroxyhexanoylcarnitine (C6-OH)/Octanoylcarnitine (C8) [Molar ratio] in DBS,Test: Glutarylcarnitine (C5-DC)+3-Hydroxyhexanoylcarnitine (C6-OH)/Octanoylcarnitine (C8) | System: Bld.dot | Units: Ratio | Info: This ratio may be computed only when using the non-derivatized tandem mass spectrometry (MS/MS) meth
68324-3,von Willebrand factor (vWf).activity actual/normal in Platelet poor plasma by Immunoassay,Test: von Willebrand factor.activity actual/Normal | System: PPP | Units: % | Info: This is an automated latex enhanced immunoassayterm  based on HemosIL's von Willebrand Factor Activi
6891-6,Testosterone.free+weakly bound/Testosterone.total in Serum or Plasma,Test: Testosterone.free+weakly bound/Testosterone.total | System: Ser/Plas | Units: % | Info: Bioavailable=free plus weakly bound
68916-6,dRVVT W excess phospholipid actual/normal (normalized LA confirm),"Test: Coagulation actual/normal | System: PPP | Units: % | Info: If the coagulation defect corrects with excess phospholipid, it confirms the likely presence of phos"
68970-3,Gamma hydroxybutyrate [Moles/volume] in Specimen,"Test: Gamma hydroxybutyrate | System: XXX | Units: umol/L | Info: specimen type is used for unknown substances, or liquids"
68973-7,IgA.intrathecally synthesized/IgA.total in Cerebral spinal fluid,"Test: IgA.intrathecally synthesized/IgA.total | System: CSF | Units: % | Info: Note that both the numerator and denominator are concentration of the same protein in the CSF, ..BUT"
68974-5,IgG.intrathecally synthesized/IgG.total in Cerebral spinal fluid,"Test: IgG.intrathecally synthesized/IgG.total | System: CSF | Units: % | Info: Note that both the numerator and denominator are concentration of the same protein in the CSF, ..BUT"
68975-2,IgM.intrathecally synthesized/IgM.total in Cerebral spinal fluid,"Test: IgM.intrathecally synthesized/IgM.total | System: CSF | Units: % | Info: Note that both the numerator and denominator are concentration of the same protein in the CSF, ..BUT"
69569-2,Risk of ovarian malignancy algorithm score in Serum or Plasma --premenopausal,"Test: Risk of ovarian malignancy algorithm score^premenopausal | System: Ser/Plas | Units: score | Info: In the formula for the ROMA score, the HE4 is in units of pmol/L and the CA125 is in units of ""U/ml"""
69570-0,Risk of ovarian malignancy algorithm score in Serum or Plasma --postmenopausal,"Test: Risk of ovarian malignancy algorithm score^postmenopausal | System: Ser/Plas | Units: score | Info: In the formula for the ROMA score, the HE4 is in units of pmol/L and the CA125 is in units of ""U/ml"""
69947-0,Triglyceride [Moles/volume] in Pericardial fluid,Test: Triglyceride | System: Pericard fld | Units: mmol/L | Info: Triglycerides in pericardial fluid is determined to differentiate exudate from transudate in pericar
69964-5,Bicarbonate [Moles/volume] standard in Plasma,Test: Bicarbonate^^standard | System: Plas | Units: mmol/L | Info: Concentration of bicarbonate in plasma separated anaerobically from whole blood at 38 degree Celsius
70179-7,1-Methylhistidine [Moles/volume] in Serum or Plasma from Fetus,Test: 1-Methylhistidine | System: Ser/Plas^Fetus | Units: umol/L | Info: The collection of fetal cord blood in utero is performed for antenatal screening of metabolic diseas
70180-5,Alpha aminoadipate [Moles/volume] in Serum or Plasma from Fetus,Test: Alpha aminoadipate | System: Ser/Plas^Fetus | Units: umol/L | Info: The collection of fetal cord blood in utero is performed for antenatal screening of metabolic diseas
70181-3,Alpha aminobutyrate [Moles/volume] in Serum or Plasma from Fetus,Test: Alpha aminobutyrate | System: Ser/Plas^Fetus | Units: umol/L | Info: The collection of fetal cord blood in utero is performed for antenatal screening of metabolic diseas
70239-9,Testosterone [Moles/volume] in Serum or Plasma by Detection limit <= 3.47 pmol/L,Test: Testosterone | System: Ser/Plas | Units: pmol/L | Info: The detection limit of <= 3.47 pmol/L is the molar equivalent for <= 1.0 ng/dL (see LOINC 49041-7).
70240-7,Testosterone Free [Moles/volume] in Serum or Plasma by Detection limit <= 3.47 pmol/L,Test: Testosterone.free | System: Ser/Plas | Units: pmol/L | Info: The detection limit of <= 3.47 pmol/L is the molar equivalent for <= 1.0 ng/dL (see LOINC 49042-5).
70259-7,Triglyceride in pericardial fluid/Triglyceride in serum,Test: Triglyceride.pericard fld/Triglyceride.serum | System: Pericard fld+Ser/Plas | Units: Ratio | Info: Pericardial fluid to serum tryglyceride ratio is determined to distinguish cirrohotic (non-malignant
70260-5,Triglyceride in peritoneal fluid/Triglyceride in serum,Test: Triglyceride.periton fld/Triglyceride.serum | System: Periton fld+Ser/Plas | Units: Ratio | Info: Peritoneal fluid to serum tryglyceride ratio is determined to distinguish cirrohotic (non-malignant)
70261-3,Cholesterol in peritoneal fluid/Cholesterol in serum,Test: Cholesterol.periton fld/Cholesterol.serum | System: Periton fld+Ser/Plas | Units: Ratio | Info: Peritoneal fluid to serum cholesterol ratio is determined to distinguish cirrohotic (non-malignant) 
70263-9,Cholesterol in pericardial fluid/Cholesterol in serum,Test: Cholesterol.pericard fld/Cholesterol.serum | System: Pericard fld+Ser/Plas | Units: Ratio | Info: Pericardial fluid to serum cholesterol ratio is determined to aide in the diagnosis of cholesterol p
70264-7,Creatinine in pleural fluid/Creatinine in serum,Test: Creatinine.plr fld/Creatinine.serum | System: Ser/Plas+Plr fld | Units: Ratio | Info: Pleural fluid to serum creatinine ratio is determined to help diagnose the cause of pleural effusion
70265-4,Protein in pericardial fluid/Protein in serum,Test: Protein.pericard fld/Protein.serum | System: Pericard fld+Ser/Plas | Units: Ratio | Info: Total protein concentration is typically lower in pericardial fluid compared to serum. The ratio of 
70266-2,Creatinine in peritoneal fluid/Creatinine in serum,Test: Creatinine.periton fld/Creatinine.serum | System: Periton fld+Ser/Plas | Units: Ratio | Info: The ratio of peritoneal fluid to serum creatinine is determined to help diagnose the cause of impair
70267-0,Protein in peritoneal fluid/Protein in serum,Test: Protein.periton fld/Protein.serum | System: Periton fld+Ser/Plas | Units: Ratio | Info: Total protein concentration is typically lower in peritoneal fluid compared to serum.  The ratio of 
70268-8,Cholesterol in pleural fluid/Cholesterol in serum,"Test: Cholesterol.plr fld/Cholesterol.serum | System: Ser/Plas+Plr fld | Units: Ratio | Info: Pleural fluid to serum cholesterol ratio is determined to help diagnose the cause of pleuritis, pleu"
70269-6,Triglyceride in pleural fluid/Triglyceride in serum,"Test: Triglyceride.plr fld/Triglyceride.serum | System: Ser/Plas+Plr fld | Units: Ratio | Info: Pleural fluid to serum triglyceride ratio is determined to help diagnose the cause of pleuritis, ple"
70664-8,Parathyrin.intact intraoperative percent change in Serum or Plasma,Test: Parathyrin.intact intraoperative percent change | System: Ser/Plas | Units: % | Info: Primary hyperparathyroidism is treated by surgically removing one or multiple glands. The decision o
71386-7,Hepcidin 25 amino acid peptide [Moles/volume] in Serum or Plasma,Test: Hepcidin 25 peptide | System: Ser/Plas | Units: nmol/L | Info: This test is used in the work up and management of hemochromatosis.  Submitter's laboratory uses the
71425-3,Natriuretic peptide.B prohormone N-Terminal [Mass/volume] in Blood by Immunoassay,Test: Natriuretic peptide.B prohormone N-Terminal | System: Bld | Units: pg/mL | Info: This term refers to point of care (often CLIA waived) testing in a clinical or lab setting for the q
71426-1,C reactive protein [Mass/volume] in Blood by High sensitivity method,Test: C reactive protein | System: Bld | Units: mg/L | Info: This term refers to point of care (often CLIA waived) testing in a clinical or lab setting for the q
71427-9,Fibrin D-dimer [Mass/volume] in Blood by Rapid immunoassay,Test: Fibrin D-dimer | System: Bld | Units: ug/mL | Info: This term refers to point of care (often CLIA waived) testing in a clinical or lab setting for the q
72160-5,Holo-transcobalamin II [Moles/volume] in Serum,"Test: Holo-transcobalamin II | System: Ser | Units: pmol/L | Info: The fraction of vitamin B12 bound to transcobalamin II (TC-II), normally <30% of the total, is consi"
72261-1,Bilirubin excess [Moles/volume] in Serum and CSF,Test: Bilirubin excess | System: Ser+CSF | Units: umol/L | Info: The bilirubin excess is the most sophisticated parameter to exclude subarachnoidal hemorrhage in pat
72262-9,Methemoglobin [Moles/volume] in Cerebral spinal fluid,Test: Methemoglobin | System: CSF | Units: mmol/L | Info: The bilirubin excess is the most sophisticated parameter to exclude subarachnoidal hemorrhage in pat
72263-7,Oxyhemoglobin [Moles/volume] in Cerebral spinal fluid,Test: Oxyhemoglobin | System: CSF | Units: mmol/L | Info: The bilirubin-excess is the most sophisticated parameter to exclude subarachnoidal hemorrhage in pat
72270-2,Urea nitrogen [Mass/volume] in Serum or Plasma --pre contrast,Test: Urea nitrogen^pre contrast | System: Ser/Plas | Units: mg/dL | Info: Blood urea nitrogen (BUN) and creatinine tests may be ordered to evaluate kidney function prior to s
72271-0,Creatinine [Mass/volume] in Serum or Plasma --pre contrast,Test: Creatinine^pre contrast | System: Ser/Plas | Units: mg/dL | Info: Blood urea nitrogen (BUN) and creatinine tests may be ordered to evaluate kidney function prior to s
72337-9,Protein S Ag [Units/volume] in Platelet poor plasma by Immunoassay,Test: Protein S Ag | System: PPP | Units: IU/mL | Info: Protein S antigen testing by immunologic methods is performed using a reference sample calibrated ag
72491-4,Bile acid [Moles/volume] in Stool,Test: Bile acid | System: Stool | Units: mmol/L | Info: Bile acids are mostly absorbed in the intestine. A small amount is excreted into the feces or urine.
72603-4,Beta hydroxybutyrate + Acetoacetate [Moles/volume] in Blood,"Test: Beta hydroxybutyrate+Acetoacetate | System: Bld | Units: mmol/L | Info: Beta-hydroxybutyrate and acetoacetate are separately measured, the sum constitutes the Ketosis in ca"
72660-4,Beta-trace protein [Mass/volume] in Ear fluid,"Test: Beta-trace protein | System: Ear fluid | Units: mg/L | Info: Ear fluid drainage is tested to see determine if the fluid is really CSF, endolymph or perilymph (CS"
72720-6,Base excess.100% oxygenated [Moles/volume] standard in Capillary blood by calculation,Test: Base excess.100% oxygenated^^standard | System: BldC | Units: mmol/L | Info: Base excess of fully oxygenated capillary blood.
72721-4,Base excess.100% oxygenated [Moles/volume] standard in Arterial blood by calculation,Test: Base excess.100% oxygenated^^standard | System: BldA | Units: mmol/L | Info: Base excess of fully oxygenated arterial blood.
72722-2,Base excess.100% oxygenated [Moles/volume] standard in Mixed venous blood by calculation,Test: Base excess.100% oxygenated^^standard | System: BldMV | Units: mmol/L | Info: Base excess of fully oxygenated mixed venous blood.
72723-0,Base excess.100% oxygenated [Moles/volume] standard in Venous blood by calculation,Test: Base excess.100% oxygenated^^standard | System: BldV | Units: mmol/L | Info: Base excess of fully oxygenated venous blood.
72821-2,Creatinine [Mass/time] by Calculated in Urine collected for unspecified duration,Test: Creatinine | System: Urine | Units: mg/24 H | Info: This term is used to report the average mass rate for creatinine accounting for the possibility of v
73557-1,Thyroxine (T4) free [Mass/volume] in Cord blood,"Test: Thyroxine.free | System: BldCo | Units: ng/dL | Info: In newborn infants, the reference range for free thyroxine varies with gestational age at time of bi"
73561-3,Insulin-like growth factor-I [Z-score] in Serum or Plasma,Test: Insulin-like growth factor-I | System: Ser/Plas | Units: Z-score | Info: IGF-1 is used by physicians as a screening test for growth hormone deficiency and excess in acromega
73571-2,Osmol gap of Stool,Test: Osmol gap | System: Stool | Units: mosm/kg H2O | Info: Stool osmotic gap is calculated to evaluate the cause of chronic diarrhea. It is the difference betw
73675-1,Adenosine triphosphate/Adenosine diphosphate [Entitic molar ratio] in Platelets,Test: Adenosine triphosphate/Adenosine diphosphate | System: Platelets | Units: umol/umol | Info: Adenosine diphosphate (ADP) and adenosine triphosphate (ATP) is extracted from platelets. The submit
73913-6,Glycine in CSF/Glycine in plasma,Test: Glycine CSF/Glycine plas | System: Plas+CSF | Units: ratio | Info: Relative substance concentration of glycine in CSF-to-plasma is measured for the diagnosis of glycin
73958-1,Cholesterol esterase [Enzymatic activity/volume] in DBS,"Test: Cholesterol esterase | System: Bld.dot | Units: nmol/h/mL | Info: Measurement of cholesterol esterase (lysosomal acid lipase, LAL) activity in dried blood spots (DBS)"
73978-9,von Willebrand factor (vWf).activity [Units/volume] in Platelet poor plasma by Immunoassay,"Test: von Willebrand factor.activity | System: PPP | Units: arb U/mL | Info: Von Willebrand Factor Activity (VWF Activity, vWF:Act) in plasma specimens can be quantitatively det"
74433-4,Cholestanol/Cholesterol in Serum or Plasma,Test: Cholestanol/Cholesterol | System: Ser/Plas | Units: % | Info: The ratio of cholestanol to cholesterol in serum or plasma is calculated from individual analytes. C
74434-2,Bilirubin.total/Total in Stone by Infrared spectroscopy,Test: Bilirubin/Total | System: Calculus | Units: % | Info: Evaluation of bilirubin in gallstones by infared spectroscopy (IRS) is performed to determine the ty
74436-7,D-Lactate [Moles/mass] in Stool,"Test: D-lactate | System: Stool | Units: mmol/kg | Info: Elevated levels of D-lactate in stool specimens is seen in patients with D-Lactate acidosis, a uniqu"
74438-3,Lactose/Creatinine [Molar ratio] in Urine,Test: Lactose/Creatinine | System: Urine | Units: mmol/mol creatinine | Info: The ratio of lactose to creatinine helps assess outcome in infants with hypoxic/ischemic encephalopa
74443-3,Sucrose/Creatinine [Molar ratio] in 5 hour Urine --post XXX g sugar solution PO,Test: Sucrose/Creatinine^post XXX g sugar solution PO | System: Urine | Units: mmol/mol creatinine | Info: Measurement of sucrose per creatinine levels in urine collected for 5 hours after oral ingestion of 
74481-3,Tyrosine/Phenylalanine [Molar ratio] in DBS,Test: Tyrosine/Phenylalanine | System: Bld.dot | Units: ratio | Info: The tyrosine to phenylalanine ratio is one of the values used to screen newborns for Tyrosinemia typ
74516-6,Calcium [Moles/volume] in Saliva (oral fluid),Test: Calcium | System: Saliva | Units: mmol/L | Info: Some hint in research literature indicates that calcium levels are associated with carries and ename
74541-4,Surfactant pulmonary-associated protein D [Mass/volume] in Serum,Test: Surfactant pulmonary-associated protein D | System: Ser | Units: mg/L | Info: The submitter's lab measures Surfactant pulmonary-associated protein D (SFTPD) by a sandwich enzyme 
74544-8,Tocopherols [Entitic substance] in Red Blood Cells,"Test: Tocopherols | System: RBC | Units: umol/10*13 RBC | Info: Determination of total tocopherols (alpha, beta, delta, and gamma) in erythrocytes for evaluation of"
74585-1,Coenzyme Q cytochrome C reductase (Complex III)/Citrate synthase [Enzymatic activity ratio] in Tissue,Test: Coenzyme Q cytochrome C reductase/Citrate synthase | System: Tiss | Units: ratio | Info: Ranked ratio between the activity of complex III and citrate synthase. This ratio gives an idea abou
74586-9,Coenzyme Q cytochrome C reductase (Complex III) [Enzymatic activity/mass] in Tissue,Test: Coenzyme Q cytochrome C reductase | System: Tiss | Units: nmol/min/mg protein | Info: Determination of complex III activity by spectroscopy at 550 nm quantification. Complex III transfer
74590-1,NADH cytochrome C reductase/Citrate synthase [Enzymatic activity ratio] in Tissue,Test: NADH cytochrome C reductase/Citrate synthase | System: Tiss | Units: ratio | Info: Assesses the ratio between the activity of Complex I + III and citrate synthase. This ratio gives an
74636-2,Protein.monoclonal band 3 [Mass/time] in 24 hour Urine by Electrophoresis,Test: Protein.monoclonal band 3 | System: Urine | Units: mg/24 H | Info: Monoclonal Protein Peak 3 in 24 hour urine quantitation by electrophoresis. Protein in urine can be 
74637-0,Protein.monoclonal band 2 [Mass/time] in 24 hour Urine by Electrophoresis,Test: Protein.monoclonal band 2 | System: Urine | Units: mg/24 H | Info: Monoclonal Protein Peak 2 in 24 hour urine quantitation by electrophoresis.  Protein in urine can be
74755-0,Placental growth factor [Mass/volume] in Serum,"Test: Placental growth factor | System: Ser | Units: pg/mL | Info: The placental growth factor (PlGF) assay is for use in the diagnosis of preeclampsia, in conjunction"
74756-8,Soluble fms-like tyrosine kinase-1 [Mass/volume] in Serum,Test: Soluble fms-like tyrosine kinase-1 | System: Ser | Units: pg/mL | Info: Immunoassay for the in vitro quantitative determination of soluble fms-like tyrosine-1 (sFlt-1) in h
74757-6,Soluble fms-like tyrosine kinase-1/placental growth factor [Ratio] in Serum,Test: Soluble fms-like tyrosine kinase-1/placental growth factor | System: Ser | Units: % | Info: sFlt-1 levels are higher and PIGF levels lower in women that develop preeclampsia than women with a 
74767-5,Tryptophan [Moles/volume] in Platelet rich plasma,Test: Tryptophan | System: PRP | Units: nmol/L | Info: Determination of tryptophan levels in platelet rich plasma is useful in diagnosing carcinoid tumors 
74768-3,5-Hydroxytryptophan [Moles/volume] in Platelet rich plasma,Test: 5-hydroxytryptophan | System: PRP | Units: nmol/L | Info: Determination of 5-hydroxytryptophan (5-HTP) levels in platelet rich plasma is useful in diagnosing 
74769-1,5-Hydroxyindoleacetate [Moles/volume] in Platelet rich plasma,Test: 5-Hydroxyindoleacetate | System: PRP | Units: nmol/L | Info: Determination of 5-hydroxyindoleacetic acid (5-HIAA) levels in platelet rich plasma is useful in dia
74795-6,Total thyroxine binding capacity in Serum or Plasma,Test: Total thyroxine binding capacity | System: Ser/Plas | Units: T-uptake units | Info: T-uptake  in T uptake units.  T uptake units bear a rough INVERSE relationship to the other T uptake
74806-1,Lithium [Moles/volume] in Serum or Plasma --trough,Test: Lithium^trough | System: Ser/Plas | Units: mmol/L | Info: Lithium is measured for compliance and toxicity. The standard draw time for lithium is at least 10 -
74807-9,Transferrin receptor.soluble/log Ferritin index [Mass Ratio] in Serum or Plasma,Test: Transferrin receptor.soluble/log Ferritin index | System: Ser/Plas | Units: ratio | Info: The human soluble transferrin receptor (sTfR)/log ferritin index is intended as an aid in the diagno
74808-7,von Willebrand factor (vWf).activity actual/normal in Platelet poor plasma by Immunoassay --immediately after 1:1 addition of normal plasma,Test: von Willebrand factor.activity actual/Normal^immediately after 1:1 addition of normal plasma | System: PPP | Units: % | Info: Decreased levels of von Willebrand factor (vWF) activity can lead to significant bleeding abnormalit
74809-5,von Willebrand factor (vWf).activity actual/normal in Control Platelet poor plasma by Immunoassay,Test: von Willebrand factor.activity actual/Normal | System: PPP^Control | Units: % | Info: Mixing studies are performed  using patient plasma and normal control plasma to determine the cause 
74862-4,IgG.kappa [Mass/volume] in Serum or Plasma,"Test: IgG.kappa | System: Ser/Plas | Units: g/L | Info: Immunoglobulins are made up of two identical heavy chains which define the immunoglobulin class (A, "
74863-2,IgG.lambda [Mass/volume] in Serum or Plasma,"Test: IgG.lambda | System: Ser/Plas | Units: g/L | Info: Immunoglobulins are made up of two identical heavy chains which define the immunoglobulin class (A, "
74864-0,IgA.kappa [Mass/volume] in Serum or Plasma,"Test: IgA.kappa | System: Ser/Plas | Units: g/L | Info: Immunoglobulins are made up of two identical heavy chains which define the immunoglobulin class (A, "
74865-7,IgA.lambda [Mass/volume] in Serum or Plasma,"Test: IgA.lambda | System: Ser/Plas | Units: g/L | Info: Immunoglobulins are made up of two identical heavy chains which define the immunoglobulin class (A, "
74866-5,IgM.kappa [Mass/volume] in Serum or Plasma,"Test: IgM.kappa | System: Ser/Plas | Units: g/L | Info: Immunoglobulins are made up of two identical heavy chains which define the immunoglobulin class (A, "
74867-3,IgM.lambda [Mass/volume] in Serum or Plasma,"Test: IgM.lambda | System: Ser/Plas | Units: g/L | Info: Immunoglobulins are made up of two identical heavy chains which define the immunoglobulin class (A, "
74868-1,IgG.kappa/IgG.lambda [Mass Ratio] in Serum or Plasma,"Test: IgG.kappa/IgG.lambda | System: Ser/Plas | Units: ratio | Info: Measuring both the IgGκ and IgGλ, calculating the IgGκ/IgGλ ratio, and then comparing with normal su"
74869-9,IgA.kappa/IgA.lambda [Mass Ratio] in Serum or Plasma,"Test: IgA.kappa/IgA.lambda | System: Ser/Plas | Units: ratio | Info: Measuring both the IgAκ and IgAλ, calculating the IgAκ/IgAλ ratio, and then comparing with normal su"
74870-7,IgM.kappa/IgM.lambda [Mass Ratio] in Serum or Plasma,Test: IgM.kappa/IgM.lambda | System: Ser/Plas | Units: ratio | Info: Usage of the IgMκ/IgMλ ratio may compensate for any fluctuation in plasma volume and hematocrit. Thi
74871-5,Rivaroxaban [Mass/volume] in Platelet poor plasma by Chromogenic method,Test: Rivaroxaban | System: PPP | Units: ng/mL | Info: Chromogenic quantitative assay performed on plasma using either manual or automated methods to manag
74894-7,Mannitol [Moles/time] in 5 hour Urine --post XXX g sugar solution PO,Test: Mannitol^post XXX g sugar solution PO | System: Urine | Units: mmol/5 H | Info: Measurement of mannitol levels in urine collected for 5 hours after oral ingestion of a sugar soluti
74896-2,Lactate [Moles/mass] in Stool,Test: Lactate | System: Stool | Units: mmol/kg | Info: Lactate may be elevated in stool specimens of patient's with ulcerative colitis and gut resections. 
74899-6,Lactulose/Mannitol [Molar ratio] in 5 hour Urine --post XXX g sugar solution PO,Test: Lactulose/mannitol^post XXX g sugar solution PO | System: Urine | Units: ratio | Info: The ratio of lactulose to mannitol percent recovery in urine collected for 5 hours after oral ingest
74904-4,DOPamine [Moles/volume] in Cerebral spinal fluid,"Test: DOPamine | System: CSF | Units: nmol/L | Info: Dopamine is a major transmitter in the extrapyramidal system of the brain, and important in regulati"
75025-7,Coproporphyrin 3/Porphyrins.total in Stool,Test: Coproporphyrin 3/Porphyrins.total | System: Stool | Units: % | Info: Total fecal porphyrins are markedly increased especially in active HCP (Hereditary Coproporphyria) a
75212-1,Malonylcarnitine (C3-DC)/Decanoylcarnitine (C10) [Molar ratio] in DBS,Test: Malonylcarnitine (C3-DC)/Decanoylcarnitine (C10) | System: Bld.dot | Units: ratio | Info: C3DC (Malonylcarnitine)/C10 (Decanoylcarnitine) is a marker for malonic acidemia (also known as malo
75213-9,Malonylcarnitine (C3-DC)+3-Hydroxybutyrylcarnitine (C4-OH)/Decanoylcarnitine (C10) [Molar ratio] in DBS,Test: Malonylcarnitine (C3-DC)+3-Hydroxybutyrylcarnitine (C4-OH)/Decanoylcarnitine (C10) | System: Bld.dot | Units: ratio | Info: C3DC (Malonylcarnitine)+C4OH (3-Hydroxybutyrylcarnitine)/C10 (Decanoylcarnitine) is a marker for mal
75214-7,Arginine/Ornithine [Molar ratio] in DBS,"Test: Arginine/Ornithine | System: Bld.dot | Units: ratio | Info: Arginine/Ornithine is a marker for argininemia, which is one of the secondary conditions on the HHS "
75215-4,Ornithine/Citrulline [Molar ratio] in DBS,"Test: Ornithine/Citrulline | System: Bld.dot | Units: ratio | Info: Ornithine/Citrulline is a marker for gyrate atrophy of the retina, ornithine transcarbamylase defici"
75216-2,Glutarylcarnitine (C5-DC)/Malonylcarnitine (C3-DC) [Molar ratio] in DBS,Test: Glutarylcarnitine (C5-DC)/Malonylcarnitine (C3-DC) | System: Bld.dot | Units: ratio | Info: C5DC (Glutarylcarnitine)/C3DC (Malonylcarnitine) is a marker for malonic acidemia (also known as mal
75217-0,Biotinidase [Enzymatic activity/volume] in DBS,"Test: Biotinidase | System: Bld.dot | Units: nmoL/mL/min | Info: Biotinidase is a marker for biotinidase deficiency, which is one of the core conditions on the HHS S"
75239-4,Albumin.ischemia modified [Units/volume] in Serum,Test: Albumin.ischemia modified | System: Ser | Units: arb U/mL | Info: Quantitative assay to rule out acute coronary syndromes in low risk patients.
75241-0,Procalcitonin [Mass/volume] in Serum or Plasma by Immunoassay,Test: Procalcitonin | System: Ser/Plas | Units: ng/mL | Info: An automated quantitative enzyme immunoassay for the measurement of human procalcitonin (PCT) intend
75266-7,Glutarylcarnitine (C5-DC)/Octanoylcarnitine+Decanoylcarnitine (C8+C10) [Molar ratio] in DBS,Test: Glutarylcarnitine (C5-DC)/Octanoylcarnitine+Decanoylcarnitine (C8+C10) | System: Bld.dot | Units: ratio | Info: Marker for Glutaric acidemia type I
75267-5,Glutarylcarnitine (C5-DC)/Palmitoylcarnitine (C16) [Molar ratio] in DBS,Test: Glutarylcarnitine (C5-DC)/Palmitoylcarnitine (C16) | System: Bld.dot | Units: ratio | Info: A marker for Glutaric acidemia type I.
75268-3,Leucine/Phenylalanine [Molar ratio] in DBS,Test: Leucine/Phenylalanine | System: Bld.dot | Units: ratio | Info: A marker for Maple syrup urine disease.
75363-2,Creatinine [Moles/volume] in Vitreous fluid,Test: Creatinine | System: Vitr fld | Units: umol/L | Info: Vitreous fluid creatinine testing on a deceased patient provides information on previous dehydration
75364-0,Urea [Moles/volume] in Vitreous fluid,Test: Urea | System: Vitr fld | Units: umol/L | Info: Vitreous fluid urea testing on a deceased patient provides information on previous dehydration statu
75639-5,Lactate dehydrogenase in body fluid/Lactate dehydrogenase in serum,Test: Lactate dehydrogenase.body fld/Lactate dehydrogenase.serum | System: Body fld+Ser/Plas | Units: ratio | Info: LDH body fluid to LDH serum ratio aids in determining whether a fluid is an exudate (actively secret
75709-6,Calcitonin [Mass/volume] in Lymph node fine needle aspirate,Test: Calcitonin | System: Lymph node.FNA | Units: pg/mL | Info: Measurement of calcitonin levels in fine-needle aspiration specimens from athyrotic individuals trea
75736-9,Lysophosphatidylcholine(16:0) [Moles/volume] in Plasma,"Test: Lysophosphatidylcholine(16:0) | System: Plas | Units: umol/L | Info: A screening aid in patients presenting with decreased high density lipid (HDL) cholesterol, to inves"
75737-7,Lysophosphatidylcholine(18:0) [Moles/volume] in Plasma,"Test: Lysophosphatidylcholine(18:0) | System: Plas | Units: umol/L | Info: A screening aid in patients presenting with decreased high density lipid (HDL) cholesterol, to inves"
75884-7,aPTT.lupus sensitive/aPTT.lupus sensitive W excess phospholipid (screen to confirm ratio),Test: Coagulation surface induced.lupus sensitive/Coagulation surface induced.lupus sensitive.excess phospholipid | System: PPP | Units: ratio | Info: The aPTT screen to confirm ratio formula is based on the 2009 International Society on Thrombosis an
76027-2,Mannose-6-phosphate isomerase [Enzymatic activity/mass] in Fibroblast,Test: Mannose-6-phosphate isomerase | System: Fibroblasts | Units: nmol/min/mg protein | Info: Mannose-6-phosphate isomerase (MPI) levels are measured in fibroblasts for the diagnosis of congenit
76134-6,Sucrose [Moles/time] in 5 hour Urine --post XXX g sugar solution PO,Test: Sucrose^post XXX g sugar solution PO | System: Urine | Units: mmol/5 H | Info: Measurement of sucrose levels in urine collected for 5 hours after oral ingestion of a sugar solutio
76135-3,Inositol Free/Creatinine [Molar ratio] in 5 hour Urine --post XXX g sugar solution PO,Test: Inositol.free/Creatinine^post XXX g sugar solution PO | System: Urine | Units: mmol/mol creatinine | Info: Measurement of inositol.free (myoinositol) per creatinine levels in urine collected for 5 hours afte
76136-1,Lactulose [Moles/time] in 5 hour Urine --post XXX g sugar solution PO,Test: Lactulose^post XXX g sugar solution PO | System: Urine | Units: mmol/5 H | Info: Measurement of lactulose levels in urine collected for 5 hours after oral ingestion of a sugar solut
761-7,Neutrophils [#/volume] in Urine by Automated count,Test: Neutrophils | System: Urine | Units: /uL | Info: Automated counters measure the number concentration directly and calculate values for the per HPF (o
76347-4,Dehydroepiandrosterone sulfate (DHEA-S)/Cortisol [Molar ratio] in Serum or Plasma,Test: Dehydroepiandrosterone sulfate/Cortisol | System: Ser/Plas | Units: umol/nmol | Info: Dehydroepiandrosterone-S (DHEA-S) and cortisol are both hormones that are produced by the adrenal gl
76348-2,Pregnancy associated plasma protein A [Multiple of the median] adjusted in Serum or Plasma,"Test: Pregnancy associated plasma protein A^^adjusted | System: Ser/Plas | Units: M.o.M | Info: The adjusted PAPP-A is adjusted for factors like age, weight, and diabetic status."
76352-4,Testosterone/Cortisol [Molar ratio] in Serum or Plasma,Test: Testosterone/Cortisol | System: Ser/Plas | Units: nmol/nmol | Info: The testosterone/cortisol ratio (T/C ratio) is an indicator of recovery from exercise or over-traini
76475-3,Cortisone free [Moles/volume] in Serum or Plasma,Test: Cortisone.free | System: Ser/Plas | Units: nmol/L | Info: Measurement of free cortisone is useful in diagnosing patients with low-renin hypertension caused by
76480-3,Albumin [Moles/volume] in Cerebral spinal fluid,Test: Albumin | System: CSF | Units: umol/L | Info: CSF albumin measurements quantify the albumin CSF/serum ratio which is elevated in a blood brain bar
76481-1,Alpha 1 antitrypsin [Moles/volume] in Serum or Plasma,"Test: Alpha 1 antitrypsin | System: Ser/Plas | Units: umol/L | Info: This term was created for, but not limited in use to, the cobas Tina-quant α1-Antitrypsin ver.2 test"
76482-9,Apolipoprotein B [Moles/volume] in Serum or Plasma,"Test: Apolipoprotein B | System: Ser/Plas | Units: umol/L | Info: This term was created for, but not limited in use to, the cobas Tina-quant Apolipoprotein B test kit"
76483-7,Apolipoprotein A-I [Moles/volume] in Serum or Plasma,"Test: Apolipoprotein A-I | System: Ser/Plas | Units: umol/L | Info: This term was created for, but not limited in use to, the cobas Tina-quant Apolipoprotein A-I ver.2 "
76484-5,Beta-2-Microglobulin [Moles/volume] in Serum or Plasma,"Test: Beta-2-Microglobulin | System: Ser/Plas | Units: nmol/L | Info: This term was created for, but not limited in use to, the cobas Tina-quant β2-Microglobulin test kit"
76485-2,C reactive protein [Moles/volume] in Serum or Plasma,"Test: C reactive protein | System: Ser/Plas | Units: nmol/L | Info: This term was created for, but not limited in use to, the cobas C-Reactive Protein Gen.3 test kit."
76487-8,IgA [Moles/volume] in Serum or Plasma,"Test: IgA | System: Ser/Plas | Units: umol/L | Info: This term is based on, but not limited to, the cobas Tina-quant IgA Gen.2 test kit."
76488-6,IgE [Mass/volume] in Serum or Plasma by Immunoassay,"Test: IgE | System: Ser/Plas | Units: ng/mL | Info: This term was created for but not limited in use to, the cobas IgE II test kit using a sandwich prin"
76489-4,IgG [Moles/volume] in Cerebral spinal fluid,"Test: IgG | System: CSF | Units: umol/L | Info: IgG in CSF is used to evaluate central nervous system (CNS) infections, neoplasms or primary neurolo"
76490-2,IgG [Moles/volume] in Urine,Test: IgG | System: Urine | Units: umol/L | Info: Urinary IgG is used in combination with urinary albumin to distinguish selective vs. unselective for
76491-0,IgM [Moles/volume] in Serum or Plasma,"Test: IgM | System: Ser/Plas | Units: umol/L | Info: This term was created for, but not limited in use to, the cobas Tina-quant IgM Gen.2 test kit."
76651-9,Zinc transporter 8 Ab [Units/volume] in Serum or Plasma by Immunoassay,"Test: Zinc transporter 8 Ab | System: Ser/Plas | Units: arb U/mL | Info: Quantitative determination of ZnT8 Ab in serum or plasma. This term was created for, but not limited"
76665-9,Protein [Mass/volume] in Cerebral spinal fluid --1st tube,Test: Protein^1st tube | System: CSF | Units: g/L | Info: A sample of cerebrospinal fluid (CSF) is collected using a procedure called a lumbar puncture or spi
76666-7,Protein [Mass/volume] in Cerebral spinal fluid --2nd tube,Test: Protein^2nd tube | System: CSF | Units: g/mL | Info: A sample of cerebrospinal fluid (CSF) is collected using a procedure called a lumbar puncture or spi
76667-5,Protein [Mass/volume] in Cerebral spinal fluid --3rd tube,Test: Protein^3rd tube | System: CSF | Units: g/mL | Info: A sample of cerebrospinal fluid (CSF) is collected using a procedure called a lumbar puncture or spi
76668-3,Protein [Mass/volume] in Cerebral spinal fluid --4th tube,Test: Protein^4th tube | System: CSF | Units: g/mL | Info: A sample of cerebrospinal fluid (CSF) is collected using a procedure called a lumbar puncture or spi
76669-1,Glucose [Moles/volume] in Cerebral spinal fluid --1st tube,Test: Glucose^1st tube | System: CSF | Units: mmol/L | Info: A sample of cerebrospinal fluid (CSF) is collected using a procedure called a lumbar puncture or spi
76670-9,Glucose [Moles/volume] in Cerebral spinal fluid --2nd tube,Test: Glucose^2nd tube | System: CSF | Units: mmol/L | Info: A sample of cerebrospinal fluid (CSF) is collected using a procedure called a lumbar puncture or spi
76671-7,Glucose [Moles/volume] in Cerebral spinal fluid --3rd tube,Test: Glucose^3rd tube | System: CSF | Units: mmol/L | Info: A sample of cerebrospinal fluid (CSF) is collected using a procedure called a lumbar puncture or spi
76672-5,Glucose [Moles/volume] in Cerebral spinal fluid --4th tube,Test: Glucose^4th tube | System: CSF | Units: mmol/L | Info: A sample of cerebrospinal fluid (CSF) is collected using a procedure called a lumbar puncture or spi
76688-1,Alpha-1-acid glycoprotein/Creatinine [Mass Ratio] in Urine,Test: Alpha-1-acid glycoprotein/Creatinine | System: Urine | Units: mg/g creatinine | Info: The alpha-1-acid glycoprotein/creatinine ratio is used to monitor the effectiveness of renal dialysi
76765-7,Phosphatidylcholine.saturated [Moles/volume] in Amniotic fluid,"Test: Phosphatidylcholine.saturated | System: Amnio fld | Units: umol/L | Info: An increased concentration of amniotic fluid saturated phosphatidylcholine (SPC), which is the major"
77150-1,Energy content [Energy/mass] in 24 hour Stool.dried,Test: Energy content | System: Stool.dried | Units: kcal/kg | Info: Determination of caloric value in dry stool specimen.
77158-4,Microalbumin [Moles/volume] in Urine by Detection limit <= 3.0 mg/L,"Test: Albumin | System: Urine | Units: umol/L | Info: This term was created for, but not limited in use to, the cobas Tina-quant Albumin test kit.  (Conve"
77161-8,Prothrombin activity [Units/volume] in Platelet poor plasma by Coagulation assay --immediately after addition of factor II depleted plasma,Test: Prothrombin.activity^immediately after addition of factor II depleted plasma | System: PPP | Units: IU/mL | Info: Tests for congenital or secondary deficiency of prothrombin (also called FII or factor II) by measur
77163-4,Alpha-1-Microglobulin [Moles/volume] in Urine,"Test: Alpha-1-Microglobulin | System: Urine | Units: nmol/L | Info: This term was created for, but not limited in use to, the submitter's Roche cobas Tina-quant α1-Micr"
77177-4,IgG [Moles/volume] in Serum or Plasma,"Test: IgG | System: Ser/Plas | Units: umol/L | Info: This term was created for, but not limited in use to, the Roche cobas Tina-quant IgG Gen.2 test kit."
77192-3,Prealbumin [Moles/volume] in Serum or Plasma,"Test: Prealbumin | System: Ser/Plas | Units: umol/L | Info: This term was created for, but not limited in use to, the Roche cobas PREA Preablumin test kit."
77253-3,Microalbumin/Creatinine [Ratio] in Urine by Detection limit <= 1.0 mg/L,Test: Albumin/Creatinine | System: Urine | Units: mg/mmol creatinine | Info: Measures the albumin excretion in urine to aid in the early detection of kidney disease (and increas
77340-8,Alpha 1 globulin [Mass/volume] by Electrophoresis in Urine collected for unspecified duration,"Test: Alpha 1 globulin | System: Urine | Units: mg/dl | Info: Urine protein electrophoresis fractions are used, in conjunction with other testing, to find M-bands"
77342-4,Beta 1 globulin [Mass/volume] by Electrophoresis in Urine collected for unspecified duration,"Test: Beta 1 globulin | System: Urine | Units: mg/dl | Info: Urine protein electrophoresis fractions are used, in conjunction with other testing, to find M-bands"
77343-2,Gamma globulin [Mass/volume] by Electrophoresis in Urine collected for unspecified duration,"Test: Gamma globulin | System: Urine | Units: mg/dl | Info: Urine protein electrophoresis fractions are used, in conjunction with other testing, to find M-bands"
77357-2,Nitrogen [Moles/mass] in 24 hour Stool,"Test: Nitrogen | System: Stool | Units: mmol/kg | Info: During protein catabolism, nitrogen is excreted in the feces. When protein catabolism is increased a"
77359-8,Protein [Mass/volume] in Saliva (oral fluid),Test: Protein | System: Saliva | Units: g/L | Info: An increase in total protein levels in saliva is associated with periodontal health and disease.[PMI
77360-6,Triglyceride [Mass/mass] in 24 hour Stool,Test: Triglyceride | System: Stool | Units: g/kg | Info: Elevated triglyceride in 24 hour stool specimens indicate fat malabsorption associated with a number
77367-1,Cholinesterase [Enzymatic activity/volume] in Serum or Plasma by calculation --Dibucaine,Test: Cholinesterase^dibucaine | System: Ser/Plas | Units: ukat/L | Info: People with genetic variants or acquired deficiencies of plasma cholinesterase that result in lower 
77370-5,Procollagen type I.N-terminal propeptide [Mass/volume] in Serum or Plasma by Immunoassay,"Test: Procollagen type I.N-terminal propeptide | System: Ser/Plas | Units: ng/mL | Info: This term was created for, but not limited in use to, the Roche cobas total P1NP, total procollagen "
77581-7,Alpha 2 globulin [Mass/volume] by Electrophoresis in Urine collected for unspecified duration,"Test: Alpha 2 globulin | System: Urine | Units: mg/dl | Info: Urine protein electrophoresis fractions are used, in conjunction with other testing, to find M-bands"
77620-3,Arginase-1 [Mass/volume] in Serum by Immunoassay,"Test: Arginase-1 | System: Ser | Units: ng/mL | Info: Arginase-1 (s-Arg-1, Liver-type) levels are measured to monitor patients with liver disorders or pre"
77621-1,Natriuretic peptide.B prohormone N-Terminal [Mass/volume] in Pleural fluid by Immunoassay,Test: Natriuretic peptide.B prohormone N-Terminal | System: Plr fld | Units: ng/L | Info: Brain natriuretic peptide (BNP) and amino-terminal proBNP (NT-proBNP) are significantly elevated in 
77622-9,Natriuretic peptide.B prohormone N-Terminal [Mass/volume] in Peritoneal dialysis fluid by Immunoassay,Test: Natriuretic peptide.B prohormone N-Terminal | System: Dial fld prt | Units: ng/L | Info: Brain natriuretic peptide (BNP) and amino-terminal proBNP (NT-proBNP) are significantly elevated in 
77683-1,Thrombin activatable fibrinolysis inhibitor [Units/volume] in Platelet poor plasma by Chromogenic method,"Test: Thrombin activatable fibrinolysis inhibitor | System: PPP | Units: % | Info: This term was created for, but not limited in use to, the submitter's Roche, STAGO, STACHROM TAFI te"
78006-4,Isotopic Glomerular filtration rate/1.73 sq M [Volume Rate/Area] in Urine and Serum or Plasma,Test: Glomerular filtration rate | System: Urine+Ser/Plas | Units: mL/min/1.73 sq m | Info: This test measures kidney filtration after injection of a radioactive tracer (e.g. technetium 99m DT
78358-9,"Acyl CoA dehydrogenases [Enzymatic activity/mass] in Fibroblast by [9,10-3H] palmitate substrate",Test: Acyl CoA dehydrogenases | System: Fibroblasts | Units: nmol/H/mg protein | Info: Fatty acid oxidation in medium- or long-chain acyl CoA dehydrogenase deficiencies can be measured by
78359-7,Acyl CoA dehydrogenases.palmitate substrate/Acyl CoA dehydrogenases.myristate substrate [Enzymatic activity ratio] in Fibroblast,Test: Acyl CoA dehydrogenases.palmitate substrate/Acyl CoA dehydrogenases.myristate substrate | System: Fibroblasts | Units: ratio | Info: Medium- and long-chain acyl CoA dehydrogenase deficiencies can be differentiated based on the ratio 
78441-3,Bilirubin.conjugated [Moles/volume] in Peritoneal fluid,"Test: Bilirubin.glucuronidated | System: Periton fld | Units: umol/L | Info: The presence of bilirubin in peritoneal fluid is a sign of choleperitoneum, which is a leakage of bi"
78442-1,Bilirubin.indirect [Moles/volume] in Peritoneal fluid,"Test: Bilirubin.non-glucuronidated | System: Periton fld | Units: umol/L | Info: The presence of bilirubin in peritoneal fluid is a sign of choleperitoneum, which is a leakage of bi"
78518-8,Cholesterol [Moles/volume] in Pericardial fluid,"Test: Cholesterol | System: Pericard fld | Units: mmol/L | Info: Measuring cholesterol in pericardial fluid is used to diagnose cholesterol pericarditis, an uncommon"
78532-9,Creatinine [Moles/volume] in Peritoneal dialysis fluid --2 hour dwell specimen,Test: Creatinine^2H dwell specimen | System: Dial fld prt | Units: umol/L | Info: A Peritoneal Equilibration Test (PET) is used to assess transport properties of the peritoneal membr
78533-7,Creatinine [Moles/volume] in Peritoneal dialysis fluid --4 hour dwell specimen,Test: Creatinine^4H dwell specimen | System: Dial fld prt | Units: umol/L | Info: A Peritoneal Equilibration Test (PET) is used to assess transport properties of the peritoneal membr
78534-5,Glucose [Moles/volume] in Peritoneal dialysis fluid --2 hour dwell specimen,Test: Glucose^2H dwell specimen | System: Dial fld prt | Units: mmol/L | Info: A Peritoneal Equilibration Test (PET) is used to assess transport properties of the peritoneal membr
78535-2,Glucose [Moles/volume] in Peritoneal dialysis fluid --4 hour dwell specimen,Test: Glucose^4H dwell specimen | System: Dial fld prt | Units: mmol/L | Info: A Peritoneal Equilibration Test (PET) is used to assess transport properties of the peritoneal membr
78536-0,Urea nitrogen [Moles/volume] in Peritoneal dialysis fluid --2 hour dwell specimen,Test: Urea nitrogen^2H dwell specimen | System: Dial fld prt | Units: mmol/L | Info: A Peritoneal Equilibration Test (PET) is used to assess transport properties of the peritoneal membr
78537-8,Urea nitrogen [Moles/volume] in Peritoneal dialysis fluid --4 hour dwell specimen,Test: Urea nitrogen^4H dwell specimen | System: Dial fld prt | Units: mmol/L | Info: A Peritoneal Equilibration Test (PET) is used to assess transport properties of the peritoneal membr
78685-5,Platelet aggregation [Units/volume] in Blood by collagen induced,Test: Platelet aggregation | System: Bld | Units: arb U/mL | Info: Assay for the quantitative in vitro determination of platelet function triggered by collagen. This t
78958-6,Cathepsin A [Enzymatic activity/mass] in Leukocytes,Test: Cathepsin A | System: WBC | Units: nmol/H/mg protein | Info: Cathepsin A enzyme activity in leukocytes is measured as part of a diagnostic work-up for galactosia
78961-0,IgG clearance/Albumin clearance [Ratio] in Urine and Serum or Plasma,"Test: IgG clearance/Albumin clearance | System: Urine+Ser/Plas | Units: ratio | Info: The ratio of IgG to albumin clearances, the selectivity index, is useful in the diagnosis and manage"
78962-8,IgG clearance/Transferrin clearance [Ratio] in Urine and Serum or Plasma,"Test: IgG clearance/Transferrin clearance | System: Urine+Ser/Plas | Units: ratio | Info: The ratio of IgG to transferrin clearances, the selectivity index, is useful in the diagnosis and ma"
78963-6,Mannose-6-phosphate isomerase [Enzymatic activity/mass] in Leukocytes,Test: Mannose-6-phosphate isomerase | System: WBC | Units: nmol/H/mg protein | Info: Mannose-6-phosphate isomerase (MPI) levels are measured in leukocytes for the diagnosis of congenita
78988-3,Cortisol [Moles/mass] in Hair,"Test: Cortisol | System: Hair | Units: nmol/g | Info: Elevated cortisol levels are associated with Cushing Syndrome (CS), and the severity of CS is associ"
78992-5,Melatonin [Mass/volume] in Saliva (oral fluid),Test: Melatonin | System: Saliva | Units: pg/mL | Info: Melatonin assays are used to evaluate the phase position of the biological clock and alignment of an
79127-7,Uroporphyrin 1 isomer/Creatinine [Mass Ratio] in Urine,Test: Uroporphyrin 1 isomer/Creatinine | System: Urine | Units: ug/g creatinine | Info: This test measures the ratio of uropophyrin I isomer to creatinine in the urine to determine whether
79129-3,Uroporphyrin 3 isomer/Creatinine [Mass Ratio] in Urine,Test: Uroporphyrin 3 isomer/Creatinine | System: Urine | Units: ug/g creatinine | Info: This test measures the ratio of uropophyrin 3 isomer to creatinine in the urine to determine whether
79406-5,IgM clearance/Albumin clearance [Ratio] in Serum and CSF,"Test: IgM clearance/Albumin clearance | System: Ser+CSF | Units: ratio | Info: CSF IgM, IgA, and IgG indexes are indicators of intrathecal immunoglobulin synthesis. The calculatio"
79411-5,Creatine transport protein [Enzymatic activity/mass] in Fibroblast by Creatine uptake assay,Test: Creatine transport protein | System: Fibroblasts | Units: pmol/24 H/mg protein | Info: Creatine uptake via the creatine transport protein is determined by measuring the incorporation of c
79493-3,3-Hydroxysuberate.unsaturated [Moles/volume] in Serum or Plasma,Test: 3-Hydroxysuberate.unsaturated | System: Ser/Plas | Units: umol/L | Info: Part of an organic acids profiling panel.
79525-2,3-Hydroxysebacate (3-OH-C8) unsaturated [Moles/volume] in Serum or Plasma,Test: 3-Hydroxysebacate.unsaturated | System: Ser/Plas | Units: umol/L | Info: Part of an organic acids profiling panel.
79567-4,Lysophosphatidylcholine(26:0) [Moles/volume] in DBS by LC/MS/MS,"Test: Lysophosphatidylcholine(26:0) | System: Bld.dot | Units: umol/L | Info: Lysophosphatidylcholine (26:0), or C26:0 LPC, levels are measured by a confirmatory method (e.g. HPL"
798-9,Erythrocytes [#/volume] in Urine by Automated count,Test: Erythrocytes | System: Urine | Units: /uL | Info: Automated counters measure the number concentration directly and calculate values for the per HPF (o
80154-8,Monolysocardiolipin/Cardiolipin [Molar ratio] in DBS,Test: Monolysocardiolipin/Cardiolipin | System: Bld.dot | Units: ratio | Info: The ratio of monolysocardiolipin to cardiolipin in dried blood spots is measured as a diagnostic tes
80202-5,Clotting time of depleted plasma with 1:1 phospholipid by Coagulation assay --after addition of factor X activated,Test: Clotting time | System: PPP | Units: s | Info: The test measures clotting time of a patient's plasma mixed with phospholipid (PL)-depleted plasma a
80515-0,Kappa light chains.free [Mass/volume] in Serum by Nephelometry,Test: Immunoglobulin light chains.kappa.free | System: Ser | Units: mg/mL | Info: This nephelometric assay provides a sensitive test for monitoring patients with monoclonal light cha
80516-8,Lambda light chains.free [Mass/volume] in Serum by Nephelometry,Test: Immunoglobulin light chains.lambda.free | System: Ser | Units: mg/mL | Info: This nephelometric assay provides a sensitive test for monitoring patients with monoclonal light cha
80517-6,Kappa light chains.free/Lambda light chains.free [Mass Ratio] in Serum by Nephelometry,Test: Immunoglobulin light chains.kappa.free/Immunoglobulin light chains.lambda.free | System: Ser | Units: Ratio | Info: An elevated kappa/lambda ratio supports the diagnosis of a monoclonal gammopathy and requires furthe
80611-7,Phosphate [Moles/volume] in Urine collected for unspecified duration,Test: Phosphate | System: Urine | Units: mmol/L | Info: This result code is to be used for urine test results with timed intervals other that 24H or random 
80613-3,Bicarbonate [Moles/volume] in Urine collected for unspecified duration,Test: Bicarbonate | System: Urine | Units: mmol/L | Info: This result code is to be used for urine test results with timed intervals other that 24H or random 
80627-3,Coagulation factor X activated inhibitor [Mass/volume] in Platelet poor plasma,"Test: Coagulation factor X activated inhibitor | System: PPP | Units: mg/L | Info: This term was created for, but not limited in used to, the submitter's STA Liquid Anti-Xa test kit."
80658-8,Activated clotting time (ACT) of Blood induced by Diatomaceous earth,Test: Activated clotting time | System: Bld | Units: s | Info: This is a point-of-care electrochemical assay that measures venous or arterial whole blood activated
80828-7,Pepsin A+Pepsinogen A [Mass/volume] in Lower respiratory specimen by Immunoassay,Test: Pepsin A+Pepsinogen A | System: Respiratory system specimen.lower | Units: ng/mL | Info: The presence of gastric pepsin A in a patient's airway is a marker for aspiration and assists in the
80892-3,Heparin unfractionated [Units/volume] in Blood by Heparin protamine titration,Test: Heparin.unfractionated | System: Bld | Units: arb U/mL | Info: The heparin assay measures the patient's actual circulating concentration of unfractionated heparin 
80893-1,Projected heparin concentration to reach target ACT [Units/volume] in Blood by calculation,Test: Projected heparin concentration to reach target ACT | System: Bld | Units: arb U/mL | Info: The projected heparin concentration is the amount of heparin required to increase the patient's ACT 
81430-1,Lactate dehydrogenase [Enzymatic activity/volume] in Peritoneal dialysis fluid by Lactate to pyruvate reaction,Test: Lactate dehydrogenase | System: Dial fld prt | Units: arb U/L | Info: Elevated lactate dehydrogenase is a marker for various types of tissue injury. In patients undergoin
81622-3,Hydroxyapatite [Energy Difference] in 24 hour Urine,Test: Hydroxyapatite | System: Urine | Units: kJ/mol | Info: Supersaturation of urine correlates with stone type. Measurement of supersaturated urine can be used
81623-1,Calcium oxalate [Energy Difference] in 24 hour Urine,Test: Calcium oxalate | System: Urine | Units: kJ/mol | Info: Supersaturation of urine correlates with stone type. Measurement of supersaturated urine can be used
81637-1,"Glucose meter to reference method correlation [Ratio] in Serum, Plasma or Blood by calculation",Test: Glucose meter to reference method correlation | System: Ser/Plas/Bld | Units: % | Info: The glucose correlation is a charted value used to monitor the accuracy of glucose meter results as 
81638-9,Clotting time of Capillary blood by Sukharev method,Test: Clotting time | System: BldC | Units: min | Info: The Sukharev clotting time uses capillary blood and a test tube called the Panchenkov's device that 
81639-7,Heparin dose response slope in Blood by Coagulation assay,Test: Heparin dose response slope | System: Bld | Units: sec/U/mL | Info: The heparin dose response slope is a measure of the increase in the clotting time of fresh whole blo
81643-9,von Willebrand factor (vWf) ristocetin cofactor/von Willebrand factor (vWf) Ag [Ratio] in Platelet poor plasma,Test: von Willebrand factor.ristocetin cofactor activity/von Willebrand factor Ag | System: PPP | Units: ratio | Info: This term represents a ratio of two results that are expressed as percentages of normal: the von Wil
82367-4,Peripheral deiodinase activity [Moles/time] in Serum or Plasma by Calculated.SPINA,"Test: Peripheral deiodinase activity | System: Ser/Plas | Units: nmol/s | Info: The sum activity of peripheral deiodinases (GD, also referred to as deiodination capacity or total d"
82368-2,Thyroid secretory capacity [Moles/time] in Serum or Plasma by Calculated.SPINA,Test: Thyroid secretory capacity | System: Ser/Plas | Units: pmol/s | Info: Thyroid secretory capacity (also called thyroid output or GT) is the maximum secretion rate of the t
82722-0,Potassium [Mass/volume] in Red Blood Cells,"Test: Potassium | System: RBC | Units: mg/L | Info: Among its many physiological functions in the body, potassium controls heart function and subsequent"
82812-9,Sodium [Mass/volume] in Red Blood Cells,Test: Sodium | System: RBC | Units: mg/L | Info: Measurement of intracellular sodium is performed in concert with the intracellular measurement of po
82871-5,Adenosine diphosphate [Entitic substance] in Platelets,Test: Adenosine diphosphate | System: Platelets | Units: nmol/10*8 platelets | Info: This test is performed for blood platelet activation functional analysis.
83064-6,Calcium.ionized [Moles/volume] in Blood drawn from CRRT circuit,Test: Calcium.ionized | System: BldCRRT | Units: mmol/L | Info: The ionized calcium concentration measured in a blood sample drawn from the circuit post continuous 
83070-3,25-Hydroxyvitamin D3+25-Hydroxyvitamin D2 [Mass/volume] in Serum or Plasma by Immunoassay,"Test: Calcidiol+ercalcidiol | System: Ser/Plas | Units: ng/mL | Info: This term was created for, but is not limited in use to, bioMerieux's VIDAS 25-OH Vitamin D TOTAL as"
83072-9,Alpha-1-Fetoprotein [Units/volume] in Serum or Plasma by Immunoassay,"Test: Alpha-1-Fetoprotein | System: Ser/Plas | Units: IU/mL | Info: This term was created for, but is not limited in use to, bioMerieux's VIDAS AFP assay, which is inte"
83074-5,Alpha-1-Fetoprotein [Units/volume] in Amniotic fluid by Immunoassay,"Test: Alpha-1-Fetoprotein | System: Amnio fld | Units: IU/mL | Info: This term was created for, but is not limited in use to, bioMerieux's VIDAS AFP assay, which is inte"
83077-8,Beta-2-Microglobulin [Mass/volume] in Urine by Immunoassay,"Test: Beta-2-Microglobulin | System: Urine | Units: mg/L | Info: This term was created for, but is not limited in use to, bioMerieux's VIDAS beta-2 Microglobulin ass"
83082-8,Cancer Ag 125 [Units/volume] in Serum or Plasma by Immunoassay,"Test: Cancer Ag 125 | System: Ser/Plas | Units: arb U/mL | Info: This term was created for, but is not limited in use to, bioMerieux's VIDAS CA 125 II assay, which i"
83083-6,Cancer Ag 15-3 [Units/volume] in Serum or Plasma by Immunoassay,"Test: Cancer Ag 15-3 | System: Ser/Plas | Units: arb U/mL | Info: This term was created for, but is not limited in use to, bioMerieux's VIDAS CA 15-3 assay, which is "
83084-4,Cancer Ag 19-9 [Units/volume] in Serum or Plasma by Immunoassay,"Test: Cancer Ag 19-9 | System: Ser/Plas | Units: arb U/mL | Info: This term was created for, but is not limited in use to, bioMerieux's VIDAS CA 19-9 assay, which is "
83085-1,Carcinoembryonic Ag [Mass/volume] in Serum or Plasma by Immunoassay,"Test: Carcinoembryonic Ag | System: Ser/Plas | Units: ng/mL | Info: This term was created for, but is not limited in use to, bioMerieux's VIDAS CEA assay, which is inte"
83086-9,Choriogonadotropin [Units/volume] in Serum or Plasma by Immunoassay,"Test: Choriogonadotropin | System: Ser/Plas | Units: mIU/mL | Info: This term was created for, but is not limited in use to, bioMerieux's VIDAS HCG assay, which is inte"
83088-5,Cortisol [Mass/volume] in Serum or Plasma by Immunoassay,"Test: Cortisol | System: Ser/Plas | Units: ng/mL | Info: This term was created for, but is not limited in use to, bioMerieux's VIDAS Cortisol S assay, which "
83089-3,Cortisol [Mass/volume] in 24 hour Urine by Immunoassay,"Test: Cortisol | System: Urine | Units: ng/mL | Info: This term was created for, but is not limited in use to, bioMerieux's VIDAS Cortisol S assay, which "
83092-7,Creatine kinase.MB [Mass/volume] in Serum or Plasma by Immunoassay,"Test: Creatine kinase.MB | System: Ser/Plas | Units: ng/mL | Info: This term was created for, but is not limited in use to, bioMerieux's VIDAS CK-MB assay, which is in"
83098-4,Follitropin [Units/volume] in Serum or Plasma by Immunoassay,"Test: Follitropin | System: Ser/Plas | Units: IU/mL | Info: This term was created for, but is not limited in use to, bioMerieux's VIDAS FSH assay, which is inte"
83099-2,Galectin 3 [Mass/volume] in Serum or Plasma by Immunoassay,"Test: Galectin 3 | System: Ser/Plas | Units: ng/mL | Info: This term was created for, but is not limited in use to, the bioMerieux VIDAS Galectin-3 assay, whic"
83103-2,Lutropin [Units/volume] in Serum or Plasma by Immunoassay,"Test: Lutropin | System: Ser/Plas | Units: IU/mL | Info: This term was created for, but is not limited in use to, bioMerieux's VIDAS LH assay, which is inten"
83104-0,Mullerian inhibiting substance [Mass/volume] in Serum or Plasma by Immunoassay,"Test: Mullerian inhibiting substance | System: Ser/Plas | Units: ng/mL | Info: This term for created for, but not limited in use to, bioMerieux's AMH assay, which is intended for "
83106-5,Myoglobin [Mass/volume] in Serum or Plasma by Immunoassay,"Test: Myoglobin | System: Ser/Plas | Units: ug/L | Info: This term was created for, but is not limited in use to, bioMerieux's VIDAS Myoglobin assay, which i"
83107-3,Natriuretic peptide.B prohormone N-Terminal [Mass/volume] in Serum or Plasma by Immunoassay,"Test: Natriuretic peptide.B prohormone N-Terminal | System: Ser/Plas | Units: pg/mL | Info: This term was created for, but is not limited in use to, bioMerieux's VIDAS NT-proBNP2 assay, which "
83109-9,Progesterone [Mass/volume] in Serum or Plasma by Immunoassay,"Test: Progesterone | System: Ser/Plas | Units: ng/mL | Info: This term was created for, but is not limited in use to, bioMerieux's VIDAS Progesterone assay, whic"
83111-5,Prolactin [Units/volume] in Serum or Plasma by Immunoassay,"Test: Prolactin | System: Ser/Plas | Units: uIU/mL | Info: This term was created for, but is not limited in use to, bioMerieux's VIDAS Prolactin assay, which i"
83112-3,Prostate specific Ag [Mass/volume] in Serum or Plasma by Immunoassay,"Test: Prostate specific Ag | System: Ser/Plas | Units: ng/mL | Info: This term was created for, but is not limited in use to, bioMerieux's VIDAS TPSA assay, which is int"
83113-1,Prostate Specific Ag Free [Mass/volume] in Serum or Plasma by Immunoassay,"Test: Prostate specific Ag.free | System: Ser/Plas | Units: ng/mL | Info: This term was created for, but is not limited in use to, bioMerieux's VIDAS FPSA assay, which is int"
83114-9,S100 calcium binding protein B [Mass/volume] in Serum by Immunoassay,Test: S100 calcium binding protein B | System: Ser | Units: ug/L | Info: This term is intended for the quantitative measurement of S100 calcium-binding protein B (S100B) in 
83117-2,Thyroglobulin IgG Ab [Units/volume] in Serum or Plasma by Immunoassay,"Test: Thyroglobulin Ab.IgG | System: Ser/Plas | Units: IU/mL | Info: This term was created for, but is not limited in use to, bioMerieux's VIDAS Anti-Tg assay, which is "
83118-0,Thyroperoxidase IgG Ab [Units/volume] in Serum or Plasma by Immunoassay,"Test: Thyroperoxidase Ab.IgG | System: Ser/Plas | Units: IU/mL | Info: This term was created for, but is not limited in use to, bioMerieux's VIDAS Anti-TPO assay, which is"
83119-8,Thyroxine (T4) [Mass/volume] in Serum or Plasma by Immunoassay,"Test: Thyroxine | System: Ser/Plas | Units: ug/L | Info: This term was created for, but is not limited in use to, bioMerieux's VIDAS T4 assay, which is inten"
83121-4,Thyroxine (T4) free [Moles/volume] in Serum or Plasma by Immunoassay,"Test: Thyroxine.free | System: Ser/Plas | Units: pmol/L | Info: This term was created for, but is not limited in use to, bioMerieux's VIDAS FT4 assay, which is inte"
83124-8,Triiodothyronine (T3) [Mass/volume] in Serum or Plasma by Immunoassay,"Test: Triiodothyronine | System: Ser/Plas | Units: ng/mL | Info: This term was created for, but is not limited in use to, bioMerieux's VIDAS T3 assay, which is inten"
83126-3,Triiodothyronine (T3) Free [Moles/volume] in Serum or Plasma by Immunoassay,"Test: Triiodothyronine.free | System: Ser/Plas | Units: pmol/L | Info: This term was created for, but is not limited in use to, bioMerieux's VIDAS FT3 assay, which is inte"
85358-0,Phosphatidylserine-prothrombin complex IgM Ab [Units/volume] in Serum or Plasma by Immunoassay,Test: Phosphatidylserine-prothrombin complex Ab.IgM | System: Ser/Plas | Units: EIA units | Info: Quantitative analysis of IgM antibodies to the phosphatidylserine-prothrombin complex in serum or pl
85359-8,Phosphatidylserine-prothrombin complex IgG Ab [Units/volume] in Serum or Plasma by Immunoassay,Test: Phosphatidylserine-prothrombin complex Ab.IgG | System: Ser/Plas | Units: EIA units | Info: Quantitative analysis of IgG antibodies to the phosphatidylserine-prothrombin complex in serum or pl
85379-6,Purine/Pyrimidine [Ratio] in Red Blood Cells by Spectrophotometry,Test: Purine/pyrimidine | System: RBC | Units: ratio | Info: The purine to pyrimidine ratio is a marker of pyrimidine-5-nucleotidase (P5N) which is an enzyme in 
85382-0,Osmolarity in Tear,Test: Osmolarity | System: Tear | Units: mOsm/L | Info: The osmolarity or concentration of the ocular tear fluid will indicate if the patient is being affec
85624-5,Kidney failure 2-year risk [Likelihood] by KFRE,"Test: Kidney failure 2Y risk | System: ^Patient | Units: % | Info: The two-year ""treated kidney failure"" risk as calculated by the Kidney Failure Risk Equation (KFRE),"
85625-2,Kidney failure 5-year risk [Likelihood] by KFRE,"Test: Kidney failure 5Y risk | System: ^Patient | Units: % | Info: The five-year ""treated kidney failure"" risk as calculated by the Kidney Failure Risk Equation (KFRE)"
85819-1,Clot firmness reduction [Length fraction] in Blood by Thromboelastography --60 min p max clot amplitude + heparinase,"Test: Clot firmness reduction^60M after maximum clot amplitude after addition of heparinase | System: Bld | Units: % | Info: In this assay, the reduction of clot firmness (i.e., clot lysis), is measured 60 minutes after maxim"
85820-9,Clot firmness reduction [Length fraction] in Blood by Thromboelastography --30 min p max clot amplitude + heparinase,"Test: Clot firmness reduction^30M after maximum clot amplitude after addition of heparinase | System: Bld | Units: % | Info: In this assay, the reduction of clot firmness (i.e., clot lysis), is measured 30 minutes after maxim"
86951-1,Lipoprotein associated phospholipase A2 [Enzymatic activity/volume] in Serum or Plasma,Test: Lipoprotein associated phospholipase A2 | System: Ser/Plas | Units: nmol/min/mL | Info: This term is used to report the function (enzymatic activity) rather than the amount of the enzyme.
87378-6,Isotopic Tubular extraction rate/1.73 sq M [Volume Rate/Area] in Serum or Blood,"Test: Tubular extraction rate/1.73 sq M | System: Ser/Bld | Units: mL/min/1.73 sq m | Info: This test is for the tubular extraction rate (TER) based on the clearance of a radioisotope (e.g., 9"
87437-0,Oxyhemoglobin [Mass/volume] in Plasma,Test: Oxyhemoglobin | System: Plas | Units: mg/dl | Info: Plasma oxyhemoglobin is used to evaluate for hemolysis when plasma free hemoglobin [LOINC: 721-1] ca
87449-5,Sulfur [Mass/volume] in Specimen,"Test: Sulfur | System: XXX | Units: mg/dl | Info: Quantitative measurement of sulfur levels in various human, veterinary, or environmental specimens, "
87451-1,Sodium [Mass/volume] in Specimen,"Test: Sodium | System: XXX | Units: mg/dL | Info: Quantitative measurement of sodium levels in various human, veterinary, or environmental specimens, "
87454-5,Potassium [Mass/volume] in Specimen,"Test: Potassium | System: XXX | Units: mg/dL | Info: Quantitative measurement of potassium levels in various human, veterinary, or environmental specimen"
87456-0,Phosphate [Mass/volume] in Specimen,"Test: Phosphate | System: XXX | Units: mg/dl | Info: Quantitative measurement of phosphorus levels in various human, veterinary, or environmental specime"
87469-3,Magnesium [Mass/volume] in Specimen,"Test: Magnesium | System: XXX | Units: ug/dL | Info: Quantitative measurement of magnesium levels in various human, veterinary, or environmental specimen"
87471-9,Iron [Mass/volume] in Specimen,"Test: Iron | System: XXX | Units: ug/dL | Info: Quantitative measurement of iron levels in various human, veterinary, or environmental specimens, in"
87475-0,Chloride [Mass/volume] in Specimen,"Test: Chloride | System: XXX | Units: ug/mL | Info: Quantitative measurement of chloride levels in various clinical or veterinary specimens, including s"
87477-6,Calcium in Specimen,"Test: Calcium | System: XXX | Units: % | Info: Quantitative measurement of calcium levels in various clinical or veterinary specimens, including ti"
87480-0,Bone ash/Bone.total in Bone,Test: Bone ash/Bone.total | System: Bone | Units: % | Info: The percent bone ash is used to detect osteopenic disease and determine the animal's nutritional sta
87498-2,3-Methoxytyramine.free/Creatinine [Molar ratio] in 24 hour Urine,Test: 3-Methoxytyramine.free/Creatinine | System: Urine | Units: nmol/mmol creatinine | Info: Part description for 3-Methoxytyramine: 3-methoxytyramine is a catecholamines derivative found in th
87499-0,3-Methoxytyramine.free [Molar ratio] in Urine,Test: 3-Methoxytyramine.free | System: Urine | Units: umol/mmol creatinine | Info: Part description for 3-Methoxytyramine: 3-methoxytyramine is a catecholamines derivative found in th
88018-7,Alanine/Lysine [Mass Ratio] in DBS,Test: Alanine/Lysine | System: Bld.dot | Units: ratio | Info: Elevated alanine levels is suggestive of a metabolic disorder. Since alanine levels can fluctuate de
88055-9,Liver fibrosis score in Serum by Calculated by ELF,"Test: Liver fibrosis score | System: Ser | Units: score | Info: This term was created for but is not limited to, the Enhanced Liver Fibrosis Score (ELF), which is i"
88106-0,Parathyrin.intact [Mass/volume] in Tissue fine needle aspirate,Test: Parathyrin.intact | System: Tiss.FNA | Units: pg/mL | Info: Parathyroid hormone (PTH) analysis in rinsed material obtained from fine-needle aspiration biopsy (F
88713-3,Phosphate [Mass/volume] in Stool,Test: Phosphate | System: Stool | Units: mg/dl | Info: Need a result level LOINC too
88888-3,"Pancreatic stone protein [Mass/volume] in Serum, Plasma or Blood by Rapid immunoassay","Test: Pancreatic stone protein | System: Ser/Plas/Bld | Units: ng/mL | Info: Quantitative levels of pancreatic stone protein in blood, serum or plasma specimens. This term was c"
88993-1,Acute kidney injury risk [Likelihood] by Calculated by NephroCheck,"Test: Acute kidney injury risk | System: ^Patient | Units: risk | Info: This term was created for the NephroCheck® test kit, which calculates the likelihood of acute kidney"
88996-4,Eicosapentaenoate (C20:5w3)/Arachidonate (C20:4w6) [Molar ratio] in Serum or Plasma,Test: Eicosapentaenoate/Arachidonate | System: Ser/Plas | Units: molar ratio | Info: A descreased ratio of eiscospentaenoate/arachidonate is a well recognized predictor of cardiovascula
88998-0,Omega-3 (EPA+DHA) index in Serum or Plasma,"Test: Eicosapentaenoate+Docosahexaenoate/Fatty acids.C14-C24 | System: Ser/Plas | Units: % | Info: The omega-3 index, defined as eicosapentaenoate (EPA)+ docosahexaenoate (DHA)/Fatty acids.C14-C24, i"
89324-8,Insulin intact [Units/volume] in Serum by LC/MS/MS,Test: Insulin.intact | System: Ser | Units: uIU/mL | Info: Intact insulin in serum is primarily measured for the assessment of insulin resistant syndromes and 
89363-6,Cholinesterase [Enzymatic activity/volume] in Body fluid,Test: Cholinesterase | System: Body fld | Units: kU/L | Info: This test can be run on body fluids that include the following: ascites; pleural fluid; synovial flu
89366-9,von Willebrand factor collagen binding adhesion inhibitor [Units/volume] in Platelet poor plasma by Chromogenic method,Test: von Willebrand factor collagen binding adhesion inhibitor | System: PPP | Units: Bethesda units/mL | Info: This terms was created for but not limited in use by TECHNOZYM vWF:CBA ELISA. The assay determines t
89579-7,Troponin I.cardiac [Mass/volume] in Serum or Plasma by High sensitivity method,"Test: Troponin I.cardiac | System: Ser/Plas | Units: ng/L | Info: The ""high sensitivity"" troponin assays manufactured by different vendors have different analytical c"
90237-9,Phenylacetylcarnitine (PheC2) [Moles/volume] in Serum or Plasma,"Test: Phenylacetylcarnitine (PheC2) | System: Ser/Plas | Units: nmol/mL | Info: The pattern of acylcarnitines, including phenylacetylcarnitine, is used to help diagnose and differe"
90919-2,Coagulation factor VIII.recombinant.bound/von Willebrand factor (vWf) Ag in Plasma by Immunoassay,Test: Coagulation factor VIII.recombinant.bound/von Willebrand factor Ag | System: Plas | Units: ratio | Info: This test measures the binding activity of von Willebrand factor (vWF) to Factor VIII as the ratio o
91120-6,Antithrombin in Platelet poor plasma by Chromo.no addition of heparin,"Test: Antithrombin | System: PPP | Units: % | Info: This term represents an antithrombin (AT) assay which, in contrast to typical AT assays, is performe"
91128-9,Clot strength [Length fraction] in Blood by Thromboelastography.platelet adenosine diphosphate receptor inhibited,Test: Clot strength | System: Bld | Units: % | Info: Calculation of percentage of clot strength that is lost due to inhibition of adenosine diphosphate (
91671-8,Transferrin.carbohydrate deficient.disialo/Transferrin.total standardized per IFCC-RMP for CDT in Serum or Plasma,Test: Transferrin.carbohydrate deficient.disialo/Transferrin.total^^standardized per IFCC-RMP for CDT | System: Ser/Plas | Units: % | Info: The percent fraction of disialotransferrin to total transferrin standardized per the International F
92726-9,17-Hydroxyprogesterone [Mass/volume] in DBS by LC/MS/MS,Test: 17-Hydroxyprogesterone | System: Bld.dot | Units: ng/mL | Info: This term should be used to report the 17-hydroxyprogesterone dried blood spot confirmatory testing 
92845-7,Insulin resistance score in Serum by Calculated.CardioIQ,"Test: Insulin resistance score | System: Ser | Units: score | Info: This term was created for Quest Diagnostics' CardioIQ insulin resistance score, which is part of the"
92891-1,Coagulation.INR goal in Platelet poor plasma by Prothrombin time (PT),Test: Coagulation.INR goal | System: PPP | Units: INR | Info: The patient-specific INR goal. This goal may be based on population-level or disease-specific guidel
92896-0,Aldosterone [Mass/volume] in Serum or Plasma by Radioimmunoassay (RIA),Test: Aldosterone | System: Ser/Plas | Units: ng/dL | Info: Aldosterone concentration measured by radioimmunoassay (RIA) and chemiluminescent immunoassay are we
93237-6,aPTT.lupus sensitive.excess phospholipid post heparin neutralization actual/normal in Platelet poor plasma by Coagulation assay,"Test: Coagulation actual/Normal | System: PPP | Units: % | Info: Normalized, confirmatory lupus sensitive aPTT measured after heparin neutralization, which removes t"
93450-5,Coagulation factor VIII inhibitor [Units/volume] in Platelet poor plasma by Chromogenic method,Test: Coagulation factor VIII Inhibitor | System: PPP | Units: Bethesda units/mL | Info: This term is created for but not restricted in use to a Nijmegen modification of the classic Bethesd
93695-5,Liver steatosis score in Serum or Plasma,"Test: Liver steatosis score | System: Ser/Plas | Units: score | Info: An estimate of the degree of liver steatosis based on a panel of liver-associated markers, often exp"
93706-0,Ethyl sulfate+Ethyl glucuronide [Mass/volume] in Urine by Screen method,Test: Ethyl sulfate+Ethyl glucuronide | System: Urine | Units: ng/mL | Info: This term is used to report the total amount of ethyl glucuronide and ethyl sulfate present in the s
93732-6,IgE [Units/volume] in Tear,"Test: IgE | System: Tear | Units: kIU/L | Info: The level of IgE in a tear sample can help diagnose patients with allergic conjunctivitis, and highe"
93746-6,Protein catabolic rate based on 24 hour Urine [Calculated],Test: Protein catabolic rate | System: Urine | Units: g/24 H | Info: Protein catabolic rates can be used to estimate protein intake in dialysis patients and determine if
93769-8,Choriogonadotropin.intact+Beta subunit [Mass/volume] in Serum or Plasma,Test: Choriogonadotropin.intact+Beta subunit | System: Ser/Plas | Units: ug/L | Info: The sum of human chorionic gonadotropin (hCG) plus the hCG beta-subunit in human serum and plasma is
93772-2,4-hydroxyglutamate/Creatinine [Molar ratio] in Urine,Test: 4-hydroxyglutamate/Creatinine | System: Urine | Units: mmol/mol | Info: The ratio of 4-hydroxyglutamic acid (4OHGlu) levels to creatinine in urine are measured as part of t
93852-2,N-Acetylgalactosamine-4-Sulfatase/N-Acetylgalactosamine-6-Sulfatase [Enzymatic activity ratio] in Urine,Test: N-acetylgalactosamine-4-sulfatase/N-acetylgalactosamine-6-sulfatase | System: Urine | Units: U/U | Info: The ratio of N-acetylgalactosamine 4-sulfatase to N-acetylgalactosamine 6-sulfatase helps differenti
93876-1,Ceramide risk score in Plasma by calculation,Test: Ceramide risk score | System: Plas | Units: score | Info: The ceramide risk score is calculated based on the results for all measured ceramides. A higher scor
94381-1,"2,3-dinor 11 beta-Prostaglandin F2 alpha/Creatinine [Mass Ratio] in 24 hour Urine","Test: 2,3-dinor 11 beta-Prostaglandin F2 alpha/Creatinine | System: Urine | Units: pg/mg creatinine | Info: The ratio of 2,3-dinor 11 beta-Prostaglandin F2 alpha (2,3-BPG) to creatinine in 24 hour urine speci"
94487-6,Galactosylceramidase [Enzymatic activity/mass] in Leukocytes by Confirmatory method,Test: Galactosylceramidase | System: WBC | Units: nmol/H/mg protein | Info: Confirmatory testing methods may vary between laboratories and include Liquid Chromatography-Tandem 
94488-4,Acid alpha glucosidase [Enzymatic activity/mass] in Leukocytes by Confirmatory method,Test: Acid alpha glucosidase | System: WBC | Units: nmol/H/mg protein | Info: Confirmatory testing methods may vary between laboratories and include Liquid Chromatography-Tandem 
94554-3,"Soluble CD14 subtype [Mass/volume] in Serum, Plasma or Blood by Immunoassay","Test: Soluble CD14 subtype | System: Ser/Plas/Bld | Units: ng/L | Info: Quantitative mass concentration of soluble CD14-subtype (sCD14-ST, also known as Presepsin) in whole"
94567-5,Valine [Moles/volume] in Serum or Plasma --post therapeutic diet,Test: Valine^post therapeutic diet | System: Ser/Plas | Units: nmol/mL | Info: This test measures the valine level in patients who have been diagnosed with maple syrup urine disea
94568-3,Isoleucine [Moles/volume] in Serum or Plasma --post therapeutic diet,Test: Isoleucine^post therapeutic diet | System: Ser/Plas | Units: nmol/mL | Info: This test measures the isoleucine level in patients who have been diagnosed with maple syrup urine d
94569-1,Leucine [Moles/volume] in Serum or Plasma --post therapeutic diet,Test: Leucine^post therapeutic diet | System: Ser/Plas | Units: nmol/mL | Info: This test measures the leucine level in patients who have been diagnosed with maple syrup urine dise
94570-9,Alloisoleucine [Moles/volume] in Serum or Plasma --post therapeutic diet,Test: Alloisoleucine^post therapeutic diet | System: Ser/Plas | Units: nmol/mL | Info: This test measures the alloisoleucine level in patients who have been diagnosed with maple syrup uri
9467-2,Calcium [Mass/volume] in Water,Test: Calcium | System: Water | Units: ppm | Info: PPM=G/ML*10^6
9478-9,Magnesium [Mass/volume] in Water,Test: Magnesium | System: Water | Units: ppm | Info: PPM=G/ML*10^6
9482-1,Potassium [Mass/volume] in Water,Test: Potassium | System: Water | Units: ppm | Info: PPM=G/ML*10^6
94839-8,Calcium [Mass/volume] in Urine from Fetus,Test: Calcium | System: Urine^Fetus | Units: mg/dl | Info: Fetal urine analysis for various biochemicals can indicate abnormalities in renal function prior to 
94840-6,Chloride [Moles/volume] in Urine from Fetus,Test: Chloride | System: Urine^Fetus | Units: mmol/L | Info: Fetal urine analysis for various biochemicals can indicate abnormalities in renal function prior to 
94841-4,Potassium [Moles/volume] in Urine from Fetus,Test: Potassium | System: Urine^Fetus | Units: mmol/L | Info: Fetal urine analysis for various biochemicals can indicate abnormalities in renal function prior to 
94842-2,Sodium [Moles/volume] in Urine from Fetus,Test: Sodium | System: Urine^Fetus | Units: mmol/L | Info: Fetal urine analysis for various biochemicals can indicate abnormalities in renal function prior to 
94844-8,Creatinine [Mass/volume] in Urine from Fetus,Test: Creatinine | System: Urine^Fetus | Units: mg/dl | Info: Fetal urine analysis for various biochemicals can indicate abnormalities in renal function prior to 
9485-4,Sodium [Mass/volume] in Water,Test: Sodium | System: Water | Units: ppm | Info: PPM=G/ML*10^6
94858-8,Glycerol [Moles/volume] in Serum by calculation,Test: Glycerol | System: Ser | Units: mcmol/L | Info: Glycerol concentration calculated based on the difference between triglyceride (TG) and glycerol-cor
94865-3,Triglyceride [Mass/volume] corrected for glycerol in Serum,Test: Triglyceride^^corrected for glycerol | System: Ser | Units: mg/dl | Info: Used to differentiate true hypertriglyceridemia from pseudohypertriglyceridemia. Triglyceride is nor
95593-0,25-hydroxyvitamin D2 [Mass/volume] in Capillary blood,Test: Ercalcidiol | System: BldC | Units: ng/mL | Info: Capillary blood has been shown to yield statistically higher 25(OH)D levels compared with venipunctu
95594-8,25-hydroxyvitamin D3 [Mass/volume] in Capillary blood,Test: Calcidiol | System: BldC | Units: ng/mL | Info: Capillary blood has been shown to yield statistically higher 25(OH)D levels compared with venipunctu
96249-8,Artifact [#/area] in Urine by Computer assisted method,Test: Artifact | System: Urine | Units: /field | Info: Automated algorithms typically classify particles as artifact if they cannot be identified with a sp
96267-0,Delta Coagulation [Time] in Platelet poor plasma by aPTT W excess hexagonal phase phospholipid,Test: Delta Coagulation | System: PPP | Units: s | Info: The difference between the screening aPTT with hexagonal phospholipid (PL) and confirmatory aPTT wit
96450-2,Hepatotocellular carcinoma risk [Score] GALAD,Test: Hepatocellular carcinoma risk | System: ^Patient | Units: score | Info: The GALAD score provides the probability of a patient having hepatocellular carcinoma (HCC).  It is 
96460-1,Thyroglobulin [Mass/volume] in Serum or Plasma by Immunoassay --post thyroglobulin antibody neutralization,Test: Thyroglobulin^post thyroglobulin antibody neutralization | System: Ser/Plas | Units: ng/mL | Info: This assay is intended to report the concentration of thyroglobulin (Tg) based on a confirmatory met
96504-6,Protein/Osmolality [Ratio] in Urine,Test: Protein/Osmolality | System: Urine | Units: ratio | Info: The urine protein to osmolality ratio is significantly correlated with 24-hour urine protein excreti
96588-9,Cholesterol [Mass/volume] in DBS,Test: Cholesterol | System: Bld.dot | Units: mg/dl | Info: Testing of total cholesterol may be performed using a dried blood spot for general wellness screenin
96692-9,Platelet-induced clot retraction in Blood by Microviscometry.glass bead induced,"Test: Platelet-induced clot retraction | System: Bld | Units: Arb U | Info: Strength of clot retraction by microviscometry is considered a measure of platelet function, as plat"
96694-5,Rate of fibrin formation [Units] in Blood by Microviscometry.diatomaceous earth induced,Test: Rate of fibrin formation | System: Bld | Units: Clot signal units/min | Info: Microviscometer analyzers used clinically for coagulation assays commonly report a unit for clot for
96703-4,Clot initiation.kaolin induced/Clot initiation.kaolin induced post heparin neutralization [Time Ratio] in Blood by calculation,Test: Clot initiation.kaolin induced/Clot initiation.kaolin induced^post heparin neutralization | System: Bld | Units: ratio | Info: The ratio of the kaolin-induced clot initiation time to the kaolin-induced clot initiation time in t
96705-9,Clot stiffness reduction percent due to fibrinolysis in Blood by calculation,"Test: Clot stiffness reduction due to fibrinolysis | System: Bld | Units: % | Info: The reduction of clot stiffness due to the effects of fibrinolysis, calculated based on the differen"
96706-7,Clot stiffness.platelet contribution (elasticity) in Blood by calculation,Test: Clot stiffness.platelet contribution | System: Bld | Units: hPa | Info: Contribution of platelets to clot stiffness where clot stiffness induced by tissue factor with block
96707-5,Clot stiffness.fibrinogen contribution.tissue factor induced+platelet glycoprotein IIb-IIIa receptor inhibited (elasticity) in Blood by US --post heparin neutralization,"Test: Clot stiffness | System: Bld | Units: hPa | Info: Contribution of fibrinogen to clot stiffness, where clot formation is induced by tissue factor via t"
96803-2,24 hour predicted protein [Mass/time] based on random Urine by calculation,Test: 24H predicted protein | System: Urine | Units: mg/24 H | Info: Calculation of the predicted 24-hour urine protein based on the protein/osmolality ratio of a random
97012-9,Reduction in clot strength [Length fraction] in Blood by Thromboelastography.kaolin.tissue factor induced --30 minutes post maximum clot amplitude,Test: Reduction in clot strength^30M post maximum clot amplitude | System: Bld | Units: % | Info: Thrombelastography determination of percentage of clot strength lost due to fibrinolysis 30 minutes 
97016-0,Fibrinogen [Mass/volume] in Blood by calculation,Test: Fibrinogen | System: Bld | Units: mg/dL | Info: Calculated fibrinogen level based on thromboelastography or rotational thromboelastography measureme
97102-8,Phosphorylated tau 181/Amyloid beta 42 peptide [Ratio] in Cerebral spinal fluid,Test: Tau protein.phosphorylated 181/Amyloid beta 42 peptide | System: CSF | Units: ratio | Info: The ratio of phosphorylated tau-181 (p-tau(181)) to beta-amyloid 42 (Abeta42). To report the ratio o
97150-7,Prostate health index in Serum or Plasma by calculation,"Test: Prostate health index | System: Ser/Plas | Units: score | Info: The Prostate Health Index (PHI) combines total prostate specific antigen (PSA), free PSA and p2PSA i"
97505-2,Glucose standard deviation Calculated,Test: Glucose standard deviation | System: Interstitial fluid | Units: mg/dL | Info: Standard deviation (SD) is a metric used to monitor glycemic variability (GV) and evaluate glycemic 
97506-0,Glucose management indicator,Test: Glucose management indicator | System: Interstitial fluid | Units: % | Info: The glucose management indicator (GMI) approximates the laboratory A1C level expected based on avera
97507-8,Average glucose [Mass/volume] in Interstitial fluid during Reporting Period,Test: Glucose | System: Interstitial fluid | Units: mg/dL | Info: The average glucose value over a period of time and typically reported from a continuous glucose mon
97510-2,Glucose measurements in range out of Total glucose measurements during reporting period,Test: Glucose measurements in range/Total glucose measurements | System: Interstitial fluid | Units: % | Info: The percentage of blood glucose levels that are in a target range for patients using continuous gluc
97546-6,Base excess in Central venous blood by calculation,Test: Base excess | System: BldCV | Units: mmol/L | Info: Base excess refers to the amount of a strong acid required to bring back the blood pH to the normal 
97910-4,Endogenous thrombin potential [Area under the curve] in Platelet poor plasma by Chromogenic method,Test: Endogenous thrombin potential | System: PPP | Units: nM*min | Info: The endogenous thrombin potential is the area under the curve of a thrombin generation test (TGT). I
97911-2,Endogenous thrombin potential [Area under the curve] in Platelet poor plasma by Chromogenic method --after addition of factor VIII Ab,Test: Endogenous thrombin potential^after addition of Factor VIII Ab | System: PPP | Units: nM*min | Info: The endogenous thrombin potential (ETP) is the area under the curve of a thrombin generation test (T
97912-0,Thrombin peak [Molar amount] in Platelet poor plasma by Chromogenic method,Test: Thrombin peak | System: PPP | Units: nmol | Info: The peak thrombin is the maximum thrombin measurement during a thrombin generation test. Decreased p
97913-8,Thrombin peak [Molar amount] in Platelet poor plasma by Chromogenic method --after addition of factor VIII Ab,Test: Thrombin peak^after addition of Factor VIII Ab | System: PPP | Units: nmol | Info: The peak thrombin is the maximum thrombin measurement during a thrombin generation test. Decreased p
97914-6,Time to thrombin peak in Platelet poor plasma by Chromogenic method,Test: Time to thrombin peak | System: PPP | Units: min | Info: The time to peak thrombin activity during a thrombin generation test. [PMID: 21262433]
98238-9,Platelet-derived growth factor B+BB [Mass/volume] in Serum or Plasma,Test: Platelet-derived growth factor B+BB | System: Ser/Plas | Units: pg/mL | Info: This assay detects but does not differentiate between homomeric PDGF-B and dimeric PDGF-BB.
98487-2,Alzheimer's disease risk [Score] in Cerebral spinal fluid by calculation,"Test: Alzheimer's disease risk | System: CSF | Units: score | Info: This score is calculated based on Beta-Amyloid 42, 40, their ratio, and total ApoE in CSF, as well a"
98979-8,"Glomerular filtration rate [Volume Rate/Area] in Serum, Plasma or Blood by Creatinine-based formula (CKD-EPI 2021)/1.73 sq M",Test: Glomerular filtration rate | System: Ser/Plas/Bld | Units: mL/min/1.73 sq M | Info: Glomerular filtration rate (GFR) is considered the best overall index of kidney function; however me
99061-4,Cholesterol.esterified actual/normal in Fibroblast,Test: Cholesterol.esterified actual/normal | System: Fibroblasts | Units: % | Info: The percent of the patient's esterified cholesterol result to the normal control result in fibroblas
13411-4,Phosphoserine [Mass/volume] in Amniotic fluid,Test: Phosphoserine | System: Amnio fld | Units: mg/dL | Info: 
13412-2,Proline [Mass/volume] in Amniotic fluid,Test: Proline | System: Amnio fld | Units: mg/dL | Info: 
13414-8,Serine [Mass/volume] in Amniotic fluid,Test: Serine | System: Amnio fld | Units: mg/dL | Info: 
13415-5,Taurine [Mass/volume] in Amniotic fluid,Test: Taurine | System: Amnio fld | Units: mg/dL | Info: 
13416-3,Threonine [Mass/volume] in Amniotic fluid,Test: Threonine | System: Amnio fld | Units: mg/dL | Info: 
13417-1,Tyrosine [Mass/volume] in Amniotic fluid,Test: Tyrosine | System: Amnio fld | Units: mg/dL | Info: 
13418-9,Tryptophan [Mass/volume] in Amniotic fluid,Test: Tryptophan | System: Amnio fld | Units: mg/dL | Info: 
13419-7,Valine [Mass/volume] in Amniotic fluid,Test: Valine | System: Amnio fld | Units: mg/dL | Info: 
13441-1,Creatinine renal clearance in 4 hour Urine and Serum or Plasma,Test: Creatinine renal clearance | System: Urine+Ser/Plas | Units: mL/min | Info: 
13446-0,Creatinine renal clearance/1.73 sq M in 4 hour Urine and Serum or Plasma,Test: Creatinine renal clearance/1.73 sq M | System: Urine+Ser/Plas | Units: mL/min | Info: 
13451-0,Creatinine dialysis fluid clearance,Test: Creatinine dialysis fluid clearance | System: Dial fld+Ser/Plas | Units: mL/min | Info: 
13452-8,Iron/Transferrin [Mass Ratio] in Serum or Plasma,Test: Iron/Transferrin | System: Ser/Plas | Units: ug/g | Info: 
13458-5,Cholesterol in VLDL [Mass/volume] in Serum or Plasma by calculation,Test: Cholesterol.in VLDL | System: Ser/Plas | Units: mg/dL | Info: 
13462-7,Apolipoprotein A-I/Apolipoprotein B [Mass Ratio] in Serum or Plasma,Test: Apolipoprotein A-I/Apolipoprotein B | System: Ser/Plas | Units: ratio | Info: 
13474-2,Magnesium/Creatinine [Mass Ratio] in Urine,Test: Magnesium/Creatinine | System: Urine | Units: mg/g creatinine | Info: 
13480-9,18-Hydroxydeoxycortisol/Creatinine [Mass Ratio] in Urine,Test: 18-Hydroxydeoxycortisol/Creatinine | System: Urine | Units: ng/g creatinine | Info: 
13482-5,Aldosterone/Creatinine [Mass Ratio] in Urine,Test: Aldosterone/Creatinine | System: Urine | Units: ng/g creatinine | Info: 
13483-3,Oxalate/Creatinine [Mass Ratio] in Urine,Test: Oxalate/Creatinine | System: Urine | Units: mg/g creatinine | Info: 
13484-1,Creatine/Creatinine [Mass Ratio] in Urine,Test: Creatine/Creatinine | System: Urine | Units: mg/g creatinine | Info: 
13485-8,Beta-2-Microglobulin/Creatinine [Mass Ratio] in Urine,Test: Beta-2-Microglobulin/Creatinine | System: Urine | Units: ug/g creatinine | Info: 
13486-6,Testosterone/Creatinine [Mass Ratio] in Urine,Test: Testosterone/Creatinine | System: Urine | Units: ng/g creatinine | Info: 
13488-2,aPTT in Platelet poor plasma from Control by Coagulation assay,Test: Coagulation | System: PPP^Control | Units: s | Info: 
13506-1,Urea nitrogen renal clearance in Urine and Serum or Plasma,Test: Urea nitrogen renal clearance | System: Urine+Ser/Plas | Units: mL/min | Info: 
13536-8,Globulin [Mass/volume] in Plasma,Test: Globulin | System: Plas | Units: g/dL | Info: 
13538-4,"Carbon dioxide, total [Moles/volume] in Urine",Test: Carbon dioxide | System: Urine | Units: mmol/L | Info: 
13542-6,Phosphate [Mass/volume] in Cerebral spinal fluid,Test: Phosphate | System: CSF | Units: mg/dL | Info: 
13591-3,Factor inhibitor XXX [Units/volume] in Platelet poor plasma by Coagulation assay,Test: Factor inhibitor XXX | System: PPP | Units: Bethesda units | Info: 
13610-1,3-Beta-Androstanediol [Mass/volume] in Serum or Plasma,Test: 3-Beta-Androstanediol | System: Ser/Plas | Units: ng/dL | Info: 
13611-9,6-Beta-Hydroxycortisol [Mass/time] in 24 hour Urine,Test: 6-Beta-Hydroxycortisol | System: Urine | Units: ug/24 H | Info: 
13612-7,Dehydroepiandrosterone (DHEA) [Mass/time] in 24 hour Urine,Test: Dehydroepiandrosterone | System: Urine | Units: mg/24 H | Info: 
13613-5,Ethanolamine [Mass/volume] in Cerebral spinal fluid,Test: Ethanolamine | System: CSF | Units: mg/dL | Info: 
13614-3,Etiocholanolone [Mass/volume] in Serum or Plasma,Test: Etiocholanolone | System: Ser/Plas | Units: ng/dL | Info: 
13616-8,Nitrite [Mass/volume] in Water,Test: Nitrite | System: Water | Units: mg/L | Info: 
13618-4,Tetrahydroaldosterone [Mass/time] in 24 hour Urine,Test: Tetrahydroaldosterone | System: Urine | Units: ug/24 H | Info: 
13629-1,Interleukin 1 beta [Mass/volume] in Serum or Plasma,Test: Interleukin 1 beta | System: Ser/Plas | Units: pg/mL | Info: 
13653-1,Epithelial cells.renal [#/volume] in Urine sediment,Test: Epithelial cells.renal | System: Urine sed | Units: /mL | Info: 
13656-4,Phosphate crystals amorphous [#/volume] in Urine sediment,Test: Phosphate crystals.amorphous | System: Urine sed | Units: /mL | Info: 
13657-2,Urate crystals amorphous [#/volume] in Urine sediment,Test: Urate crystals.amorphous | System: Urine sed | Units: /mL | Info: 
13665-5,1-Methylhistidine/Creatinine [Mass Ratio] in Urine,Test: 1-Methylhistidine/Creatinine | System: Urine | Units: mg/g creatinine | Info: 
13666-3,Alpha aminoadipate/Creatinine [Mass Ratio] in Urine,Test: Alpha aminoadipate/Creatinine | System: Urine | Units: mg/g creatinine | Info: 
13667-1,Alpha aminobutyrate/Creatinine [Mass Ratio] in Urine,Test: Alpha aminobutyrate/Creatinine | System: Urine | Units: mg/g creatinine | Info: 
13671-3,Alpha hydroxybutyrate/Creatinine [Mass Ratio] in Urine,Test: Alpha hydroxybutyrate/Creatinine | System: Urine | Units: ug/g creatinine | Info: 
13684-6,Beta hydroxybutyrate/Creatinine [Mass Ratio] in Urine,Test: Beta hydroxybutyrate/Creatinine | System: Urine | Units: ug/g creatinine | Info: 
13691-1,3-Methylcrotonylglycine/Creatinine [Mass Ratio] in Urine,Test: 3-Methylcrotonylglycine/Creatinine | System: Urine | Units: mg/g creatinine | Info: 
13694-5,3-Methylhistidine/Creatinine [Mass Ratio] in Urine,Test: 3-Methylhistidine/Creatinine | System: Urine | Units: ug/g creatinine | Info: 
13695-2,Gamma aminobutyrate/Creatinine [Mass Ratio] in Urine,Test: Gamma aminobutyrate/Creatinine | System: Urine | Units: ug/g creatinine | Info: 
13699-4,5-Hydroxyhexanoate/Creatinine [Mass Ratio] in Urine,Test: 5-Hydroxyhexanoate/Creatinine | System: Urine | Units: mg/g creatinine | Info: 
13700-0,5-Oxoproline/Creatinine [Mass Ratio] in Urine,Test: 5-Oxoproline/Creatinine | System: Urine | Units: ug/g creatinine | Info: 
13701-8,Acetoacetate/Creatinine [Mass Ratio] in Urine,Test: Acetoacetate/Creatinine | System: Urine | Units: ug/g creatinine | Info: 
13702-6,Aconitate/Creatinine [Mass Ratio] in Urine,Test: Aconitate/Creatinine | System: Urine | Units: g/g creatinine | Info: 
13703-4,Adipate/Creatinine [Mass Ratio] in Urine,Test: Adipate/Creatinine | System: Urine | Units: ug/mg creatinine | Info: 
13706-7,Amylase/Creatinine [Mass Ratio] in Urine,Test: Amylase/Creatinine | System: Urine | Units: ug/g creatinine | Info: 
13707-5,Anserine/Creatinine [Mass Ratio] in Urine,Test: Anserine/Creatinine | System: Urine | Units: ug/g creatinine | Info: 
13708-3,Arginine/Creatinine [Mass Ratio] in Urine,Test: Arginine/Creatinine | System: Urine | Units: ug/g creatinine | Info: 
13709-1,Argininosuccinate/Creatinine [Mass Ratio] in Urine,Test: Argininosuccinate/Creatinine | System: Urine | Units: mg/g creatinine | Info: 
13710-9,Asparagine/Creatinine [Mass Ratio] in Urine,Test: Asparagine/Creatinine | System: Urine | Units: mg/g creatinine | Info: 
13711-7,Aspartate/Creatinine [Mass Ratio] in Urine,Test: Aspartate/Creatinine | System: Urine | Units: g/g creatinine | Info: 
13715-8,C peptide/Creatinine [Mass Ratio] in 24 hour Urine,Test: C peptide/Creatinine | System: Urine | Units: ug/g creatinine | Info: 
13717-4,Calcium/Creatinine [Mass Ratio] in 24 hour Urine,Test: Calcium/Creatinine | System: Urine | Units: mg/g creatinine | Info: 
13720-8,Carnosine/Creatinine [Mass Ratio] in Urine,Test: Carnosine/Creatinine | System: Urine | Units: mg/g creatinine | Info: 
13721-6,Chloride/Creatinine [Mass Ratio] in 24 hour Urine,Test: Chloride/Creatinine | System: Urine | Units: g/g creatinine | Info: 
13722-4,Citrate/Creatinine [Mass Ratio] in Urine,Test: Citrate/Creatinine | System: Urine | Units: mg/g creatinine | Info: 
13725-7,Cystine/Creatinine [Mass Ratio] in Urine,Test: Cystine/Creatinine | System: Urine | Units: ug/g creatinine | Info: 
13728-1,Delta aminolevulinate/Creatinine [Mass Ratio] in Urine,Test: Delta aminolevulinate/Creatinine | System: Urine | Units: ug/g creatinine | Info: 
13732-3,Dodecanedioate/Creatinine [Mass Ratio] in Urine,Test: Dodecanedioate/Creatinine | System: Urine | Units: ug/g creatinine | Info: 
13733-1,DOPamine/Creatinine [Mass Ratio] in Urine,Test: DOPamine/Creatinine | System: Urine | Units: ug/g creatinine | Info: 
13734-9,EPINEPHrine/Creatinine [Mass Ratio] in Urine,Test: EPINEPHrine/Creatinine | System: Urine | Units: ug/g creatinine | Info: 
13735-6,Epinephrine+Norepinephrine/Creatinine [Mass Ratio] in Urine,Test: Epinephrine+Norepinephrine/Creatinine | System: Urine | Units: ug/g creatinine | Info: 
13736-4,Estradiol (E2)/Creatinine [Mass Ratio] in 24 hour Urine,Test: Estradiol/Creatinine | System: Urine | Units: ug/g creatinine | Info: 
13737-2,Estriol (E3)/Creatinine [Mass Ratio] in 24 hour Urine,Test: Estriol/Creatinine | System: Urine | Units: ug/g creatinine | Info: 
13738-0,Estrogen/Creatinine [Mass Ratio] in 24 hour Urine,Test: Estrogen/Creatinine | System: Urine | Units: ug/g creatinine | Info: 
13739-8,Estrone (E1)/Creatinine [Mass Ratio] in 24 hour Urine,Test: Estrone/Creatinine | System: Urine | Units: ug/g creatinine | Info: 
13740-6,Ethanolamine/Creatinine [Mass Ratio] in Urine,Test: Ethanolamine/Creatinine | System: Urine | Units: mg/g creatinine | Info: 
13744-8,Galactose/Creatinine [Mass Ratio] in Urine,Test: Galactose/Creatinine | System: Urine | Units: mg/g creatinine | Info: 
13746-3,Glutamate/Creatinine [Mass Ratio] in Urine,Test: Glutamate/Creatinine | System: Urine | Units: mg/g creatinine | Info: 
13747-1,Glutamine/Creatinine [Mass Ratio] in Urine,Test: Glutamine/Creatinine | System: Urine | Units: mg/g creatinine | Info: 
13749-7,Glycerate/Creatinine [Mass Ratio] in Urine,Test: Glycerate/Creatinine | System: Urine | Units: ug/mg creatinine | Info: 
13750-5,Glycine/Creatinine [Mass Ratio] in Urine,Test: Glycine/Creatinine | System: Urine | Units: mg/g creatinine | Info: 
13751-3,Glycolate/Creatinine [Mass Ratio] in Urine,Test: Glycolate/Creatinine | System: Urine | Units: ug/mg creatinine | Info: 
13753-9,Hexanoylglycine/Creatinine [Mass Ratio] in Urine,Test: Hexanoylglycine/Creatinine | System: Urine | Units: ug/g creatinine | Info: 
13755-4,Histamine/Creatinine [Mass Ratio] in Urine,Test: Histamine/Creatinine | System: Urine | Units: ug/g creatinine | Info: 
13757-0,Histidine/Creatinine [Mass Ratio] in Urine,Test: Histidine/Creatinine | System: Urine | Units: mg/g creatinine | Info: 
13759-6,Homocystine/Creatinine [Mass Ratio] in Urine,Test: Homocystine/Creatinine | System: Urine | Units: mg/g creatinine | Info: 
13760-4,Homovanillate/Creatinine [Mass Ratio] in 24 hour Urine,Test: Homovanillate/Creatinine | System: Urine | Units: mcg/mg Cr; mg/g creatinine | Info: 
13763-8,Hydroxyproline/Creatinine [Mass Ratio] in Urine,Test: Hydroxyproline/Creatinine | System: Urine | Units: mg/g creatinine | Info: 
13765-3,Isoleucine/Creatinine [Mass Ratio] in Urine,Test: Isoleucine/Creatinine | System: Urine | Units: mg/g creatinine | Info: 
13767-9,Lactate/Creatinine [Mass Ratio] in Urine,Test: Lactate/Creatinine | System: Urine | Units: mg/g creatinine | Info: 
13768-7,Leucine/Creatinine [Mass Ratio] in Urine,Test: Leucine/Creatinine | System: Urine | Units: mg/g creatinine | Info: 
13769-5,Lysine/Creatinine [Mass Ratio] in Urine,Test: Lysine/Creatinine | System: Urine | Units: mg/g creatinine | Info: 
13771-1,Metanephrines/Creatinine [Mass Ratio] in Urine,Test: Metanephrines/Creatinine | System: Urine | Units: ug/g creatinine | Info: 
13772-9,Methionine/Creatinine [Mass Ratio] in Urine,Test: Methionine/Creatinine | System: Urine | Units: mg/g creatinine | Info: 
13775-2,Methylmalonate/Creatinine [Mass Ratio] in 24 hour Urine,Test: Methylmalonate/Creatinine | System: Urine | Units: ug/g creatinine | Info: 
13779-4,N-acetyl-L-aspartate/Creatinine [Mass Ratio] in Urine,Test: N-acetyl-L-aspartate/Creatinine | System: Urine | Units: mg/g creatinine | Info: 
13781-0,N-methylhistamine/Creatinine [Mass Ratio] in Urine,Test: N-methylhistamine/Creatinine | System: Urine | Units: ug/g creatinine | Info: 
13782-8,Norepinephrine/Creatinine [Mass Ratio] in Urine,Test: Norepinephrine/Creatinine | System: Urine | Units: ug/g creatinine | Info: 
13783-6,Normetanephrine/Creatinine [Mass Ratio] in Urine,Test: Normetanephrine/Creatinine | System: Urine | Units: ug/g creatinine | Info: 
13786-9,Ornithine/Creatinine [Mass Ratio] in Urine,Test: Ornithine/Creatinine | System: Urine | Units: mg/g creatinine | Info: 
13787-7,Orotate/Creatinine [Mass Ratio] in Urine,Test: Orotate/Creatinine | System: Urine | Units: mg/g creatinine | Info: 
13789-3,Phosphoethanolamine/Creatinine [Mass Ratio] in Urine,Test: Phosphoethanolamine/Creatinine | System: Urine | Units: mg/g creatinine | Info: 
13795-0,Phosphate/Creatinine [Mass Ratio] in 24 hour Urine,Test: Phosphate/Creatinine | System: Urine | Units: mg/g creatinine | Info: 
13796-8,Phosphoserine/Creatinine [Mass Ratio] in Urine,Test: Phosphoserine/Creatinine | System: Urine | Units: mg/g creatinine | Info: 
13797-6,Porphobilinogen/Creatinine [Mass Ratio] in Urine,Test: Porphobilinogen/Creatinine | System: Urine | Units: mg/g creatinine | Info: 
13799-2,Proline/Creatinine [Mass Ratio] in Urine,Test: Proline/Creatinine | System: Urine | Units: mg/g creatinine | Info: 
13801-6,Protein/Creatinine [Mass Ratio] in 24 hour Urine,Test: Protein/Creatinine | System: Urine | Units: mg/g creatinine | Info: 
13805-7,Pyruvate/Creatinine [Mass Ratio] in Urine,Test: Pyruvate/Creatinine | System: Urine | Units: mg/g creatinine | Info: 
13808-1,Serine/Creatinine [Mass Ratio] in Urine,Test: Serine/Creatinine | System: Urine | Units: mg/g creatinine | Info: 
13814-9,Taurine/Creatinine [Mass Ratio] in Urine,Test: Taurine/Creatinine | System: Urine | Units: mg/g creatinine | Info: 
13815-6,Threonine/Creatinine [Mass Ratio] in Urine,Test: Threonine/Creatinine | System: Urine | Units: mg/g creatinine | Info: 
13817-2,Tryptophan/Creatinine [Mass Ratio] in Urine,Test: Tryptophan/Creatinine | System: Urine | Units: mg/g creatinine | Info: 
13818-0,Tyrosine/Creatinine [Mass Ratio] in Urine,Test: Tyrosine/Creatinine | System: Urine | Units: mg/g creatinine | Info: 
13819-8,Uracil/Creatinine [Mass Ratio] in Urine,Test: Uracil/Creatinine | System: Urine | Units: ng/g creatinine | Info: 
13820-6,Urate/Creatinine [Mass Ratio] in 24 hour Urine,Test: Urate/Creatinine | System: Urine | Units: mg/g creatinine | Info: 
13821-4,Urea nitrogen/Creatinine [Mass Ratio] in 24 hour Urine,Test: Urea nitrogen/Creatinine | System: Urine | Units: g/g creatinine | Info: 
13822-2,Valine/Creatinine [Mass Ratio] in Urine,Test: Valine/Creatinine | System: Urine | Units: mg/g creatinine | Info: 
13872-7,11-Deoxycortisol [Mass/time] in 24 hour Urine,Test: 11-Deoxycortisol | System: Urine | Units: ug/24 H | Info: 
13874-3,Alkaline phosphatase.liver 1 [Enzymatic activity/volume] in Serum or Plasma,Test: Alkaline phosphatase.liver 1 | System: Ser/Plas | Units: arb U/L | Info: 
13875-0,Alkaline phosphatase.liver 2 [Enzymatic activity/volume] in Serum or Plasma,Test: Alkaline phosphatase.liver 2 | System: Ser/Plas | Units: arb U/L | Info: 
13881-8,Deoxypyridinoline Free/Creatinine [Molar ratio] in Urine,Test: Deoxypyridinoline.free/Creatinine | System: Urine | Units: nmol/mmol creatinine | Info: 
13882-6,Androstanolone Free/Androstanolone.total in Serum or Plasma,Test: Androstanolone.free/Androstanolone.total | System: Ser/Plas | Units: % | Info: 
13883-4,Estradiol (E2).bioavailable/Estradiol (E2).total in Serum or Plasma,Test: Estradiol.bioavailable/Estradiol.total | System: Ser/Plas | Units: % | Info: 
13884-2,Estradiol (E2).bioavailable [Mass/volume] in Serum or Plasma,Test: Estradiol.bioavailable | System: Ser/Plas | Units: pg/mL | Info: 
13886-7,Lactate dehydrogenase 1/Lactate dehydrogenase.total in Urine by Electrophoresis,Test: Lactate dehydrogenase 1/Lactate dehydrogenase.total | System: Urine | Units: % | Info: 
13887-5,Lactate dehydrogenase 2/Lactate dehydrogenase.total in Urine by Electrophoresis,Test: Lactate dehydrogenase 2/Lactate dehydrogenase.total | System: Urine | Units: % | Info: 
13888-3,Lactate dehydrogenase 3/Lactate dehydrogenase.total in Urine by Electrophoresis,Test: Lactate dehydrogenase 3/Lactate dehydrogenase.total | System: Urine | Units: % | Info: 
13889-1,Lactate dehydrogenase 4/Lactate dehydrogenase.total in Urine by Electrophoresis,Test: Lactate dehydrogenase 4/Lactate dehydrogenase.total | System: Urine | Units: % | Info: 
13890-9,Lactate dehydrogenase 5/Lactate dehydrogenase.total in Urine by Electrophoresis,Test: Lactate dehydrogenase 5/Lactate dehydrogenase.total | System: Urine | Units: % | Info: 
13891-7,Motilin [Mass/volume] in Serum or Plasma,Test: Motilin | System: Ser/Plas | Units: pg/mL | Info: 
13894-1,Pregnenolone [Mass/time] in 24 hour Urine,Test: Pregnenolone | System: Urine | Units: ug/24 H | Info: 
13895-8,Sodium [Moles/volume] in Milk,Test: Sodium | System: Milk | Units: mmol/L | Info: 
13896-6,Insulin-like growth factor-I [Units/volume] in Blood,Test: Insulin-like growth factor-I | System: Bld | Units: arb U/mL | Info: 
13897-4,Thyrotropin.beta subunit [Mass/volume] in Serum or Plasma,Test: Thyrotropin.beta subunit | System: Ser/Plas | Units: ng/mL | Info: 
13902-2,Urate [Mass/volume] in Cerebral spinal fluid,Test: Urate | System: CSF | Units: mg/dL | Info: 
13903-0,Vasopressin [Mass/volume] in Urine,Test: Vasopressin | System: Urine | Units: pg/mL | Info: 
13959-2,Calcium.ionized [Moles/volume] in Serum or Plasma by calculation,Test: Calcium.ionized | System: Ser/Plas | Units: mmol/L | Info: 
13962-6,Beta glucuronidase [Enzymatic activity/volume] in Serum or Plasma,Test: Beta glucuronidase | System: Ser/Plas | Units: nmol/h/mL | Info: 
13963-4,Orotate [Moles/volume] in Urine,Test: Orotate | System: Urine | Units: umol/L | Info: 
13964-2,Methylmalonate [Moles/volume] in Serum or Plasma,Test: Methylmalonate | System: Ser/Plas | Units: umol/L;mcmol/L; nmol/L | Info: 
13965-9,Homocysteine [Moles/volume] in Serum or Plasma,Test: Homocysteine | System: Ser/Plas | Units: umol/L;mcmol/dL; mcmol/L | Info: 
13966-7,Cystine [Moles/time] in 24 hour Urine,Test: Cystine | System: Urine | Units: umol/24 H | Info: 
13967-5,Sex hormone binding globulin [Moles/volume] in Serum or Plasma,Test: Sex hormone binding globulin | System: Ser/Plas | Units: nmol/L | Info: 
13970-9,Delta tocopherol [Mass/volume] in Serum or Plasma,Test: Delta tocopherol | System: Ser/Plas | Units: mg/L | Info: 
13972-5,Alpha 1 globulin/Protein.total in Cerebral spinal fluid by Electrophoresis,Test: Alpha 1 globulin/Protein.total | System: CSF | Units: % | Info: 
13973-3,Prealbumin/Protein.total in Cerebral spinal fluid by Electrophoresis,Test: Prealbumin/Protein.total | System: CSF | Units: % | Info: 
13974-1,Albumin/Protein.total in Cerebral spinal fluid by Electrophoresis,Test: Albumin/Protein.total | System: CSF | Units: % | Info: 
13975-8,Alpha 2 globulin/Protein.total in Cerebral spinal fluid by Electrophoresis,Test: Alpha 2 globulin/Protein.total | System: CSF | Units: % | Info: 
13976-6,Beta globulin/Protein.total in Cerebral spinal fluid by Electrophoresis,Test: Beta globulin/Protein.total | System: CSF | Units: % | Info: 
13977-4,Gamma globulin/Protein.total in Cerebral spinal fluid by Electrophoresis,Test: Gamma globulin/Protein.total | System: CSF | Units: % | Info: 
13978-2,Alpha 1 globulin/Protein.total in Serum or Plasma by Electrophoresis,Test: Alpha 1 globulin/Protein.total | System: Ser/Plas | Units: % | Info: 
13979-0,Prealbumin/Protein.total in Serum or Plasma by Electrophoresis,Test: Prealbumin/Protein.total | System: Ser/Plas | Units: % | Info: 
13980-8,Albumin/Protein.total in Serum or Plasma by Electrophoresis,Test: Albumin/Protein.total | System: Ser/Plas | Units: % | Info: 
13981-6,Alpha 2 globulin/Protein.total in Serum or Plasma by Electrophoresis,Test: Alpha 2 globulin/Protein.total | System: Ser/Plas | Units: % | Info: 
13982-4,Beta globulin/Protein.total in Serum or Plasma by Electrophoresis,Test: Beta globulin/Protein.total | System: Ser/Plas | Units: % | Info: 
13983-2,Gamma globulin/Protein.total in Serum or Plasma by Electrophoresis,Test: Gamma globulin/Protein.total | System: Ser/Plas | Units: % | Info: 
13984-0,Alpha 1 globulin/Protein.total in 24 hour Urine by Electrophoresis,Test: Alpha 1 globulin/Protein.total | System: Urine | Units: % | Info: 
13985-7,Prealbumin/Protein.total in 24 hour Urine by Electrophoresis,Test: Prealbumin/Protein.total | System: Urine | Units: % | Info: 
13986-5,Albumin/Protein.total in 24 hour Urine by Electrophoresis,Test: Albumin/Protein.total | System: Urine | Units: % | Info: 
13987-3,Alpha 2 globulin/Protein.total in 24 hour Urine by Electrophoresis,Test: Alpha 2 globulin/Protein.total | System: Urine | Units: % | Info: 
13988-1,Beta globulin/Protein.total in 24 hour Urine by Electrophoresis,Test: Beta globulin/Protein.total | System: Urine | Units: % | Info: 
13989-9,Gamma globulin/Protein.total in 24 hour Urine by Electrophoresis,Test: Gamma globulin/Protein.total | System: Urine | Units: % | Info: 
13999-8,Transferrin.carbohydrate deficient [Units/volume] in Serum or Plasma,Test: Transferrin.carbohydrate deficient | System: Ser/Plas | Units: arb U/L | Info: 
14000-4,Urea nitrogen [Mass/volume] in Cerebral spinal fluid,Test: Urea nitrogen | System: CSF | Units: mg/dL | Info: 
14001-2,IgE [Units/volume] in Cord blood,Test: IgE | System: BldCo | Units: IU/mL | Info: 
14002-0,IgM [Units/volume] in Cord blood,Test: IgM | System: BldCo | Units: arb U/mL | Info: 
14003-8,Carbon dioxide [Partial pressure] in Cord blood,Test: Carbon dioxide | System: BldCo | Units: mm Hg | Info: 
14004-6,Prostaglandin A [Mass/time] in 24 hour Urine,Test: Prostaglandin A | System: Urine | Units: ng/24 H | Info: 
14005-3,Prostaglandin E1 [Mass/time] in 24 hour Urine,Test: Prostaglandin E1 | System: Urine | Units: ng/24 H | Info: 
14006-1,Prostaglandin E2 [Mass/time] in 24 hour Urine,Test: Prostaglandin E2 | System: Urine | Units: ng/24 H | Info: 
14007-9,Prostaglandin F2 alpha [Mass/time] in 24 hour Urine,Test: Prostaglandin F2 alpha | System: Urine | Units: ng/24 H | Info: 
14008-7,Phosphatidylcholine IgG Ab [Units/volume] in Serum by Immunoassay,Test: Phosphatidylcholine Ab.IgG | System: Ser | Units: SD | Info: 
14009-5,Phosphatidylcholine IgM Ab [Units/volume] in Serum by Immunoassay,Test: Phosphatidylcholine Ab.IgM | System: Ser | Units: SD | Info: 
14010-3,Phosphatidylcholine IgA Ab [Units/volume] in Serum by Immunoassay,Test: Phosphatidylcholine Ab.IgA | System: Ser | Units: SD | Info: 
14014-5,Thyroxine (T4).prealbumin bound [Mass/volume] in Serum or Plasma,Test: Thyroxine.prealbumin bound | System: Ser/Plas | Units: ug/dL | Info: 
14016-0,Thyroxine.thyroxine binding globulin bound [Mass/volume] in Serum or Plasma,Test: Thyroxine.thyroxine binding globulin bound | System: Ser/Plas | Units: ug/dL | Info: 
14040-0,"Carbon dioxide, total [Moles/volume] in Stool",Test: Carbon dioxide | System: Stool | Units: mmol/L | Info: 
14041-8,Choriogonadotropin.beta subunit [Units/volume] in Cerebral spinal fluid,Test: Choriogonadotropin.beta subunit | System: CSF | Units: IU/L | Info: 
14042-6,Corticosterone [Mass/time] in 24 hour Urine,Test: Corticosterone | System: Urine | Units: ug/24 H | Info: 
14043-4,Cortisol Free [Mass/time] in 12 hour Urine,Test: Cortisol.free | System: Urine | Units: ug/12 H | Info: 
14044-2,Cortisone [Mass/time] in 24 hour Urine,Test: Cortisone | System: Urine | Units: ug/24 H | Info: 
14045-9,D-Lactate [Moles/volume] in Serum or Plasma,Test: D-lactate | System: Ser/Plas | Units: mmol/L | Info: 
14046-7,D-Lactate [Moles/volume] in Urine,Test: D-lactate | System: Urine | Units: mmol/L | Info: 
14047-5,Androstanolone Free [Mass/volume] in Serum or Plasma,Test: Androstanolone.free | System: Ser/Plas | Units: pg/mL | Info: 
14048-3,Elastase.pancreatic [Mass/volume] in Serum,Test: Elastase.pancreatic | System: Ser | Units: ng/mL | Info: 
14049-1,Epidermal growth factor [Mass/volume] in Serum or Plasma,Test: Epidermal growth factor | System: Ser/Plas | Units: ng/mL | Info: 
14051-7,Estrogen binding protein [Mass/volume] in Serum or Plasma,Test: Estrogen binding protein | System: Ser/Plas | Units: ug/dL | Info: 
14054-1,Prostaglandin D2 [Mass/time] in 24 hour Urine,Test: Prostaglandin D2 | System: Urine | Units: ng/24 H | Info: 
14055-8,Sodium [Moles/mass] in Stool,Test: Sodium | System: Stool | Units: mEq/kg | Info: 
14115-0,Collagen crosslinked N-telopeptide/Creatinine [Molar ratio] in Urine,Test: Collagen crosslinked N-telopeptide/Creatinine | System: Urine | Units: umol BCE/mol;nmol BCE/mmol Creat; nmol BCE/ | Info: 
14118-4,Lactate [Mass/volume] in Serum or Plasma,Test: Lactate | System: Ser/Plas | Units: mg/dL | Info: 
14121-8,Pyruvate [Moles/volume] in Blood,Test: Pyruvate | System: Bld | Units: umol/L;mcmol/L; mmol/L | Info: 
14122-6,Pyruvate [Moles/volume] in Cerebral spinal fluid,Test: Pyruvate | System: CSF | Units: mmol/L | Info: 
14148-1,18-Hydroxycortisol [Mass/time] in 24 hour Urine,Test: 18-Hydroxycortisol | System: Urine | Units: ug/24 H | Info: 
14151-5,Bicarbonate [Moles/volume] in Cord blood,Test: Bicarbonate | System: BldCo | Units: mmol/L | Info: 
14154-9,Cholesterol sulfate [Mass/volume] in Serum,Test: Cholesterol sulfate | System: Ser | Units: ug/dL | Info: 
14156-4,Coproporphyrin [Mass/mass] in 24 hour Stool,Test: Coproporphyrin | System: Stool | Units: ug/g | Info: 
14157-2,Coproporphyrin [Mass/volume] in Serum or Plasma,Test: Coproporphyrin | System: Ser/Plas | Units: ug/dL | Info: 
14159-8,Cortisone [Mass/volume] in Serum or Plasma,Test: Cortisone | System: Ser/Plas | Units: ug/dL | Info: 
14160-6,Estrone (E1).unconjugated/Estrone (E1).total in Serum or Plasma,Test: Estrone.unconjugated/Estrone.total | System: Ser/Plas | Units: % | Info: 
14162-2,Gamma melanocyte stimulating hormone [Mass/volume] in Serum or Plasma,Test: Gamma melanocyte stimulating hormone | System: Ser/Plas | Units: pg/mL | Info: 
14163-0,IgA.secretory [Mass/volume] in Serum or Plasma,Test: IgA.secretory | System: Ser/Plas | Units: mg/dL; ug/mL | Info: 
14164-8,Immunosuppressive acidic protein [Mass/volume] in Serum or Plasma,Test: Immunosuppressive acidic protein | System: Ser/Plas | Units: mg/L | Info: 
14165-5,Lactate [Moles/volume] in Body fluid,Test: Lactate | System: Body fld | Units: mmol/L | Info: 
14167-1,N-methylimidazoleacetate [Mass/time] in 24 hour Urine,Test: N-methylimidazoleacetate | System: Urine | Units: mg/24 H | Info: 
14168-9,Palatinase [Enzymatic activity/mass] in Tissue,Test: Palatinase | System: Tiss | Units: umol/min/g protein | Info: 
14169-7,Peptide histidine isoleucine [Mass/volume] in Plasma,Test: Peptide histidine isoleucine | System: Plas | Units: pg/mL | Info: 
14170-5,Pituitary glycoprotein hormone.alpha subunit [Mass/volume] in Serum,Test: Pituitary glycoprotein hormone.alpha subunit | System: Ser | Units: ng/L | Info: 
14171-3,Porphyrins [Mass/mass] in 24 hour Stool,Test: Porphyrins | System: Stool | Units: ug/g | Info: 
14172-1,Potassium [Moles/volume] in Synovial fluid,Test: Potassium | System: Synv fld | Units: mmol/L | Info: 
14173-9,Progesterone Free [Mass/time] in 24 hour Urine,Test: Progesterone.free | System: Urine | Units: ug/24 H | Info: 
14174-7,Prostaglandin F2 alpha [Mass/volume] in Serum or Plasma,Test: Prostaglandin F2 alpha | System: Ser/Plas | Units: pg/mL | Info: 
14175-4,Protoporphyrin [Mass/mass] in 24 hour Stool,Test: Protoporphyrin | System: Stool | Units: ug/g | Info: 
14176-2,Pyrroles [Mass/volume] in Urine,Test: Pyrroles | System: Urine | Units: ug/dL | Info: 
14177-0,Growth hormone-releasing hormone [Mass/volume] in Serum or Plasma,Test: Growth hormone-releasing hormone | System: Ser/Plas | Units: pg/mL | Info: 
14178-8,Sucrase [Enzymatic activity/mass] in Tissue,Test: Sucrase | System: Tiss | Units: umol/min/g protein | Info: 
14179-6,Tissue polypeptide Ag [Mass/volume] in Serum or Plasma,Test: Tissue polypeptide Ag | System: Ser/Plas | Units: ug/L | Info: 
14180-4,Uroporphyrin [Mass/volume] in Red Blood Cells,Test: Uroporphyrin | System: RBC | Units: ug/dL | Info: 
14181-2,Uroporphyrin [Mass/mass] in 24 hour Stool,Test: Uroporphyrin | System: Stool | Units: ug/g | Info: 
14245-5,Phosphatidylserine IgG Ab [Units/volume] in Serum,Test: Phosphatidylserine Ab.IgG | System: Ser | Units: GPS U | Info: 
14246-3,Phosphatidylserine IgM Ab [Units/volume] in Serum,Test: Phosphatidylserine Ab.IgM | System: Ser | Units: MPS U | Info: 
14274-5,Uroporphyrin [Mass/volume] in Serum or Plasma,Test: Uroporphyrin | System: Ser/Plas | Units: ug/dL | Info: 
14282-8,Acylcarnitine [Moles/volume] in Serum or Plasma,Test: Acylcarnitine | System: Ser/Plas | Units: umol/L | Info: 
14283-6,Acylcarnitine [Moles/volume] in Urine,Test: Acylcarnitine | System: Urine | Units: umol/L | Info: 
14285-1,Carnitine free (C0) [Moles/volume] in Urine,Test: Carnitine.free (C0) | System: Urine | Units: umol/L | Info: 
14286-9,Carnitine free (C0) [Moles/volume] in Serum or Plasma,Test: Carnitine.free (C0) | System: Ser/Plas | Units: umol/L;mcmol/dL; mcmol/L; umole/L | Info: 
14295-0,Organic acids/Creatinine [Molar ratio] in Urine,Test: Organic acids/Creatinine | System: Urine | Units: mmol/mol creatinine | Info: 
14335-4,Optical density of Amniotic fluid by Spectrophotometry,Test: Optical density | System: Amnio fld | Units: Liley unit; OD units | Info: 
14339-6,IgG/Protein.total in Cerebral spinal fluid,Test: IgG/Protein.total | System: CSF | Units: % | Info: 
14341-2,Globulin/Protein.total in 24 hour Urine by Electrophoresis,Test: Globulin/Protein.total | System: Urine | Units: % | Info: 
14384-2,Mononuclear cells/Leukocytes in Urine sediment by Manual count,Test: Mononuclear cells/Leukocytes | System: Urine sed | Units: % | Info: 
14386-7,Glucose [Mass/volume] in Gastric fluid,Test: Glucose | System: Gast fld | Units: mg/dL | Info: 
14387-5,Protein [Mass/volume] in Gastric fluid,Test: Protein | System: Gast fld | Units: g/dL | Info: 
14388-3,Amylase [Enzymatic activity/volume] in Synovial fluid,Test: Amylase | System: Synv fld | Units: arb U/L | Info: 
14389-1,Amylase [Enzymatic activity/volume] in Cerebral spinal fluid,Test: Amylase | System: CSF | Units: arb U/L | Info: 
14390-9,Amylase [Enzymatic activity/volume] in Dialysis fluid,Test: Amylase | System: Dial fld | Units: arb U/L | Info: 
14391-7,Amylase [Enzymatic activity/volume] in Gastric fluid,Test: Amylase | System: Gast fld | Units: arb U/L | Info: 
14392-5,Amylase [Enzymatic activity/volume] in Amniotic fluid,Test: Amylase | System: Amnio fld | Units: arb U/L | Info: 
14393-3,Urea nitrogen [Mass/volume] in Amniotic fluid,Test: Urea nitrogen | System: Amnio fld | Units: mg/dL | Info: 
14394-1,Urea nitrogen [Mass/volume] in Pleural fluid,Test: Urea nitrogen | System: Plr fld | Units: mg/dL | Info: 
14396-6,Urea nitrogen [Mass/volume] in Synovial fluid,Test: Urea nitrogen | System: Synv fld | Units: mg/dL | Info: 
14397-4,Urea nitrogen [Mass/volume] in Gastric fluid,Test: Urea nitrogen | System: Gast fld | Units: mg/dL | Info: 
14398-2,Creatinine [Mass/volume] in Cerebral spinal fluid,Test: Creatinine | System: CSF | Units: mg/dL | Info: 
14399-0,Creatinine [Mass/volume] in Pleural fluid,Test: Creatinine | System: Plr fld | Units: mg/dL | Info: 
14401-4,Creatinine [Mass/volume] in Synovial fluid,Test: Creatinine | System: Synv fld | Units: mg/dL | Info: 
14402-2,Creatinine [Mass/volume] in Gastric fluid,Test: Creatinine | System: Gast fld | Units: mg/dL | Info: 
14403-0,Lactate dehydrogenase [Enzymatic activity/volume] in Gastric fluid,Test: Lactate dehydrogenase | System: Gast fld | Units: arb U/L | Info: 
14404-8,Phosphate [Mass/volume] in Pleural fluid,Test: Phosphate | System: Plr fld | Units: mg/dL | Info: 
14405-5,Phosphate [Mass/volume] in Peritoneal fluid,Test: Phosphate | System: Periton fld | Units: mg/dL | Info: 
14406-3,Phosphate [Mass/volume] in Synovial fluid,Test: Phosphate | System: Synv fld | Units: mg/dL | Info: 
14407-1,Phosphate [Mass/volume] in Gastric fluid,Test: Phosphate | System: Gast fld | Units: mg/dL | Info: 
14408-9,Phosphate [Mass/volume] in Amniotic fluid,Test: Phosphate | System: Amnio fld | Units: mg/dL | Info: 
14409-7,Aspartate aminotransferase [Enzymatic activity/volume] in Pleural fluid,Test: Aspartate aminotransferase | System: Plr fld | Units: arb U/L | Info: 
14410-5,Aspartate aminotransferase [Enzymatic activity/volume] in Peritoneal fluid,Test: Aspartate aminotransferase | System: Periton fld | Units: arb U/L | Info: 
14411-3,Aspartate aminotransferase [Enzymatic activity/volume] in Synovial fluid,Test: Aspartate aminotransferase | System: Synv fld | Units: arb U/L | Info: 
14412-1,Aspartate aminotransferase [Enzymatic activity/volume] in Gastric fluid,Test: Aspartate aminotransferase | System: Gast fld | Units: arb U/L | Info: 
14413-9,Aspartate aminotransferase [Enzymatic activity/volume] in Urine,Test: Aspartate aminotransferase | System: Urine | Units: arb U/L | Info: 
14414-7,Aspartate aminotransferase [Enzymatic activity/volume] in Dialysis fluid,Test: Aspartate aminotransferase | System: Dial fld | Units: arb U/L | Info: 
14415-4,Calcium [Moles/volume] in Amniotic fluid,Test: Calcium | System: Amnio fld | Units: mmol/L | Info: 
14416-2,Calcium [Moles/volume] in Pleural fluid,Test: Calcium | System: Plr fld | Units: mmol/L | Info: 
14417-0,Calcium [Moles/volume] in Peritoneal fluid,Test: Calcium | System: Periton fld | Units: mmol/L | Info: 
14418-8,Calcium [Moles/volume] in Synovial fluid,Test: Calcium | System: Synv fld | Units: mmol/L | Info: 
14419-6,Calcium [Moles/volume] in Gastric fluid,Test: Calcium | System: Gast fld | Units: mmol/L | Info: 
14420-4,Bilirubin.total [Mass/volume] in Dialysis fluid,Test: Bilirubin | System: Dial fld | Units: mg/dL | Info: 
14421-2,Bilirubin.total [Mass/volume] in Pleural fluid,Test: Bilirubin | System: Plr fld | Units: mg/dL | Info: 
14422-0,Bilirubin.total [Mass/volume] in Peritoneal fluid,Test: Bilirubin | System: Periton fld | Units: mg/dL | Info: 
14423-8,Bilirubin.total [Mass/volume] in Synovial fluid,Test: Bilirubin | System: Synv fld | Units: mg/dL | Info: 
14424-6,Bilirubin.total [Mass/volume] in Gastric fluid,Test: Bilirubin | System: Gast fld | Units: mg/dL | Info: 
14425-3,Globulin [Mass/volume] in Amniotic fluid,Test: Globulin | System: Amnio fld | Units: g/dL | Info: 
14426-1,Globulin [Mass/volume] in Cerebral spinal fluid,Test: Globulin | System: CSF | Units: g/dL | Info: 
14427-9,Globulin [Mass/volume] in Pleural fluid,Test: Globulin | System: Plr fld | Units: g/dL | Info: 
14428-7,Globulin [Mass/volume] in Peritoneal fluid,Test: Globulin | System: Periton fld | Units: g/dL | Info: 
14429-5,Globulin [Mass/volume] in Semen,Test: Globulin | System: Semen | Units: g/dL | Info: 
14430-3,Globulin [Mass/volume] in Synovial fluid,Test: Globulin | System: Synv fld | Units: g/dL | Info: 
14431-1,Globulin [Mass/volume] in Urine,Test: Globulin | System: Urine | Units: g/dL | Info: 
14432-9,Albumin/Globulin [Mass Ratio] in Amniotic fluid,Test: Albumin/Globulin | System: Amnio fld | Units: ratio | Info: 
14433-7,Albumin/Globulin [Mass Ratio] in Cerebral spinal fluid,Test: Albumin/Globulin | System: CSF | Units: ratio | Info: 
14434-5,Albumin/Globulin [Mass Ratio] in Pleural fluid,Test: Albumin/Globulin | System: Plr fld | Units: ratio | Info: 
14435-2,Albumin/Globulin [Mass Ratio] in Peritoneal fluid,Test: Albumin/Globulin | System: Periton fld | Units: ratio | Info: 
14436-0,Albumin/Globulin [Mass Ratio] in Semen,Test: Albumin/Globulin | System: Semen | Units: ratio | Info: 
14437-8,Albumin/Globulin [Mass Ratio] in Synovial fluid,Test: Albumin/Globulin | System: Synv fld | Units: ratio | Info: 
14438-6,Cholesterol [Mass/volume] in Amniotic fluid,Test: Cholesterol | System: Amnio fld | Units: mg/dL | Info: 
14439-4,Cholesterol [Mass/volume] in Cerebral spinal fluid,Test: Cholesterol | System: CSF | Units: mg/dL | Info: 
14441-0,Cholesterol [Mass/volume] in Peritoneal fluid,Test: Cholesterol | System: Periton fld | Units: mg/dL | Info: 
14442-8,Cholesterol [Mass/volume] in Semen,Test: Cholesterol | System: Semen | Units: mg/dL | Info: 
14443-6,Cholesterol [Mass/volume] in Synovial fluid,Test: Cholesterol | System: Synv fld | Units: mg/dL | Info: 
14444-4,Cholesterol [Mass/volume] in Urine,Test: Cholesterol | System: Urine | Units: mg/dL | Info: 
14445-1,Triglyceride [Mass/volume] in Amniotic fluid,Test: Triglyceride | System: Amnio fld | Units: mg/dL | Info: 
14446-9,Triglyceride [Mass/volume] in Cerebral spinal fluid,Test: Triglyceride | System: CSF | Units: mg/dL | Info: 
14447-7,Triglyceride [Mass/volume] in Peritoneal fluid,Test: Triglyceride | System: Periton fld | Units: mg/dL | Info: 
14448-5,Triglyceride [Mass/volume] in Semen,Test: Triglyceride | System: Semen | Units: mg/dL | Info: 
14449-3,Triglyceride [Mass/volume] in Synovial fluid,Test: Triglyceride | System: Synv fld | Units: mg/dL | Info: 
14450-1,Triglyceride [Mass/volume] in Urine,Test: Triglyceride | System: Urine | Units: mg/dL | Info: 
14567-2,11-Deoxycortisol [Moles/volume] in Serum or Plasma,Test: 11-Deoxycortisol | System: Ser/Plas | Units: nmol/L | Info: 
14568-0,17-Hydroxycorticosteroids [Moles/time] in 24 hour Urine,Test: 17-Hydroxycorticosteroids | System: Urine | Units: umol/d | Info: 
14569-8,17-Hydroxyprogesterone [Moles/volume] in Serum or Plasma,Test: 17-Hydroxyprogesterone | System: Ser/Plas | Units: nmol/L | Info: 
14570-6,17-Hydroxyprogesterone [Moles/volume] in Urine,Test: 17-Hydroxyprogesterone | System: Urine | Units: nmol/L | Info: 
14572-2,17-Ketosteroids [Moles/time] in 24 hour Urine,Test: 17-Ketosteroids | System: Urine | Units: umol/d | Info: 
14573-0,5-Hydroxyindoleacetate [Moles/time] in 24 hour Urine,Test: 5-Hydroxyindoleacetate | System: Urine | Units: umol/d | Info: 
14584-7,Adenosine monophosphate.cyclic [Moles/time] in 24 hour Urine,Test: Adenosine monophosphate.cyclic | System: Urine | Units: umol/24 H | Info: 
14587-0,Aldosterone [Moles/time] in 24 hour Urine,Test: Aldosterone | System: Urine | Units: nmol/24 H | Info: 
14590-4,Alpha tocopherol [Moles/volume] in Serum or Plasma,Test: Alpha tocopherol | System: Ser/Plas | Units: umol/L | Info: 
14603-5,Androstenedione [Moles/volume] in Serum or Plasma,Test: Androstenedione | System: Ser/Plas | Units: nmol/L | Info: 
14622-5,Ascorbate [Moles/volume] in Serum or Plasma,Test: Ascorbate | System: Ser/Plas | Units: umol/L | Info: 
14626-6,Beta-2-Microglobulin [Moles/volume] in Serum,Test: Beta-2-Microglobulin | System: Ser | Units: nmol/L | Info: 
14627-4,Bicarbonate [Moles/volume] in Venous blood,Test: Bicarbonate | System: BldV | Units: mmol/L | Info: 
14628-2,Bile acid [Moles/volume] in Serum or Plasma,Test: Bile acid | System: Ser/Plas | Units: umol/L | Info: 
14633-2,C peptide [Moles/volume] in Serum or Plasma,Test: C peptide | System: Ser/Plas | Units: pmol/L | Info: 
14635-7,25-hydroxyvitamin D3 [Moles/volume] in Serum or Plasma,Test: Calcidiol | System: Ser/Plas | Units: nmol/L | Info: 
14637-3,Calcium [Moles/time] in 24 hour Urine,Test: Calcium | System: Urine | Units: mmol/24 H | Info: 
14640-7,"Carbon dioxide, total [Moles/volume] in Dialysis fluid",Test: Carbon dioxide | System: Dial fld | Units: mmol/L | Info: 
14642-3,Carotene [Moles/volume] in Serum or Plasma,Test: Carotene | System: Ser/Plas | Units: umol/L | Info: 
14643-1,Catecholamines Free [Moles/time] in 24 hour Urine,Test: Catecholamines.free | System: Urine | Units: nmol/24 H | Info: 
14646-4,Cholesterol in HDL [Moles/volume] in Serum or Plasma,Test: Cholesterol.in HDL | System: Ser/Plas | Units: mmol/L | Info: 
14647-2,Cholesterol [Moles/volume] in Serum or Plasma,Test: Cholesterol | System: Ser/Plas | Units: mmol/L | Info: 
14650-6,Citrate [Moles/time] in 24 hour Urine,Test: Citrate | System: Urine | Units: mmol/24 H | Info: 
14667-0,Coproporphyrin 1 [Moles/volume] in Serum or Plasma,Test: Coproporphyrin 1 | System: Ser/Plas | Units: nmol/L | Info: 
14668-8,Coproporphyrin 1 [Moles/volume] in Stool,Test: Coproporphyrin 1 | System: Stool | Units: nmol/L | Info: 
14669-6,Coproporphyrin 1 [Moles/volume] in Urine,Test: Coproporphyrin 1 | System: Urine | Units: nmol/L | Info: 
14670-4,Coproporphyrin 1/Porphyrins.total in Urine,Test: Coproporphyrin 1/Porphyrins.total | System: Urine | Units: % | Info: 
14671-2,Coproporphyrin 3 [Moles/volume] in Serum or Plasma,Test: Coproporphyrin 3 | System: Ser/Plas | Units: nmol/L | Info: 
14672-0,Coproporphyrin 3 [Moles/volume] in Stool,Test: Coproporphyrin 3 | System: Stool | Units: nmol/L | Info: 
14673-8,Coproporphyrin 3 [Moles/volume] in Urine,Test: Coproporphyrin 3 | System: Urine | Units: nmol/L | Info: 
14674-6,Corticotropin [Moles/volume] in Plasma,Test: Corticotropin | System: Plas | Units: pmol/L | Info: 
14681-1,Creatinine [Moles/volume] in Peritoneal dialysis fluid,Test: Creatinine | System: Dial fld prt | Units: umol/L | Info: 
14682-9,Creatinine [Moles/volume] in Serum or Plasma,Test: Creatinine | System: Ser/Plas | Units: umol/L | Info: 
14685-2,Cobalamin (Vitamin B12) [Moles/volume] in Serum or Plasma,Test: Cobalamins | System: Ser/Plas | Units: pmol/L;nmol/L | Info: 
14688-6,Dehydroepiandrosterone sulfate (DHEA-S) [Moles/volume] in Serum or Plasma,Test: Dehydroepiandrosterone sulfate | System: Ser/Plas | Units: umol/L | Info: 
14689-4,Delta aminolevulinate [Moles/time] in 24 hour Urine,Test: Delta aminolevulinate | System: Urine | Units: umol/24 H | Info: 
14696-9,Deuteroporphyrin [Moles/volume] in Stool,Test: Deuteroporphyrin | System: Stool | Units: nmol/L | Info: 
14703-3,DOPamine [Moles/volume] in Serum or Plasma,Test: DOPamine | System: Ser/Plas | Units: nmol/L | Info: 
14711-6,EPINEPHrine [Moles/volume] in Plasma,Test: EPINEPHrine | System: Plas | Units: nmol/L | Info: 
14712-4,EPINEPHrine [Moles/time] in 24 hour Urine,Test: EPINEPHrine | System: Urine | Units: nmol/24 H | Info: 
14716-5,Estriol (E3) [Moles/volume] in Serum or Plasma,Test: Estriol | System: Ser/Plas | Units: nmol/L | Info: 
14717-3,Estriol (E3) [Moles/volume] in Urine,Test: Estriol | System: Urine | Units: nmol/L | Info: 
14723-1,Ferritin [Moles/volume] in Serum or Plasma,Test: Ferritin | System: Ser/Plas | Units: pmol/L | Info: 
14731-4,Folate [Moles/volume] in Red Blood Cells,Test: Folate | System: RBC | Units: nmol/L | Info: 
14732-2,Folate [Moles/volume] in Serum or Plasma,Test: Folate | System: Ser/Plas | Units: nmol/L | Info: 
14743-9,Glucose [Moles/volume] in Capillary blood by Glucometer,Test: Glucose | System: BldC | Units: mmol/L | Info: 
14744-7,Glucose [Moles/volume] in Cerebral spinal fluid,Test: Glucose | System: CSF | Units: mmol/L | Info: 
14745-4,Glucose [Moles/volume] in Body fluid,Test: Glucose | System: Body fld | Units: mmol/L | Info: 
14746-2,Glucose [Moles/volume] in Peritoneal dialysis fluid,Test: Glucose | System: Dial fld prt | Units: mmol/L | Info: 
14747-0,Glucose [Moles/volume] in Pleural fluid,Test: Glucose | System: Plr fld | Units: mmol/L | Info: 
14748-8,Glucose [Moles/volume] in Peritoneal fluid,Test: Glucose | System: Periton fld | Units: mmol/L | Info: 
14749-6,Glucose [Moles/volume] in Serum or Plasma,Test: Glucose | System: Ser/Plas | Units: mmol/L | Info: 
14750-4,Glucose [Moles/volume] in Synovial fluid,Test: Glucose | System: Synv fld | Units: mmol/L | Info: 
14776-9,Heptacarboxylate [Moles/volume] in Plasma,Test: Heptacarboxylate | System: Plas | Units: nmol/L | Info: 
14777-7,Heptacarboxylate [Moles/volume] in Stool,Test: Heptacarboxylate | System: Stool | Units: nmol/L | Info: 
14778-5,Heptacarboxylate [Moles/volume] in Urine,Test: Heptacarboxylate | System: Urine | Units: nmol/L | Info: 
14779-3,Hexacarboxylate [Moles/volume] in Plasma,Test: Hexacarboxylate | System: Plas | Units: nmol/L | Info: 
14780-1,Hexacarboxylate [Moles/volume] in Stool,Test: Hexacarboxylate | System: Stool | Units: nmol/L | Info: 
14781-9,Hexacarboxylate [Moles/volume] in Urine,Test: Hexacarboxylate | System: Urine | Units: nmol/L | Info: 
14782-7,Homovanillate [Moles/volume] in Urine,Test: Homovanillate | System: Urine | Units: umol/L | Info: 
14784-3,Hydroxyproline Free [Moles/time] in 24 hour Urine,Test: Hydroxyproline.free | System: Urine | Units: umol/24 H | Info: 
14785-0,Hydroxyproline [Moles/time] in 24 hour Urine,Test: Hydroxyproline | System: Urine | Units: umol/24 H | Info: 
14796-7,Insulin [Moles/volume] in Serum or Plasma,Test: Insulin | System: Ser/Plas | Units: pmol/L | Info: 
14798-3,Iron [Moles/volume] in Serum or Plasma,Test: Iron | System: Ser/Plas | Units: umol/L | Info: 
14800-7,Iron binding capacity [Moles/volume] in Serum or Plasma,Test: Iron binding capacity | System: Ser/Plas | Units: umol/L | Info: 
14801-5,Iron saturation [Molar fraction] in Serum or Plasma,Test: Iron saturation | System: Ser/Plas | Units: % | Info: 
14803-1,Lactate dehydrogenase [Enzymatic activity/volume] in Body fluid by Lactate to pyruvate reaction,Test: Lactate dehydrogenase | System: Body fld | Units: arb U/L | Info: 
14813-0,Lipoprotein.alpha [Moles/volume] in Serum or Plasma by Electrophoresis,Test: Lipoprotein.alpha | System: Ser/Plas | Units: nmol/L | Info: 
14814-8,Lipoprotein.beta [Moles/volume] in Serum or Plasma by Electrophoresis,Test: Lipoprotein.beta | System: Ser/Plas | Units: mmol/L | Info: 
14816-3,Lipoprotein.pre-beta [Moles/volume] in Serum or Plasma by Electrophoresis,Test: Lipoprotein.pre-beta | System: Ser/Plas | Units: umol/L | Info: 
14827-0,Mesoporphyrin [Moles/volume] in Stool,Test: Mesoporphyrin | System: Stool | Units: nmol/L | Info: 
14831-2,Metanephrine/Creatinine [Molar ratio] in Urine,Test: Metanephrine/Creatinine | System: Urine | Units: mmol/mol creatinine | Info: 
14832-0,Metanephrines [Moles/volume] in Urine,Test: Metanephrines | System: Urine | Units: umol/L | Info: 
14852-8,Norepinephrine [Moles/volume] in Plasma,Test: Norepinephrine | System: Plas | Units: nmol/L | Info: 
14853-6,Norepinephrine [Moles/volume] in Urine,Test: Norepinephrine | System: Urine | Units: nmol/L | Info: 
14862-7,Oxalate [Moles/time] in 24 hour Urine,Test: Oxalate | System: Urine | Units: umol/d | Info: 
14864-3,Oxygen [Partial pressure] in Cord blood,Test: Oxygen | System: BldCo | Units: mm Hg | Info: 
14866-8,Parathyrin.intact [Moles/volume] in Serum or Plasma,Test: Parathyrin.intact | System: Ser/Plas | Units: pmol/L | Info: 
14870-0,Pentacarboxylate [Moles/volume] in Plasma,Test: Pentacarboxylate | System: Plas | Units: nmol/L | Info: 
14871-8,Pentacarboxylate [Moles/volume] in Stool,Test: Pentacarboxylate | System: Stool | Units: nmol/L | Info: 
14872-6,Pentacarboxylate [Moles/volume] in Urine,Test: Pentacarboxylate | System: Urine | Units: nmol/L | Info: 
14875-9,Phenylalanine [Moles/volume] in Serum or Plasma,Test: Phenylalanine | System: Ser/Plas | Units: umol/L;mcmol/dL; mcmol/L | Info: 
14879-1,Phosphate [Moles/volume] in Serum or Plasma,Test: Phosphate | System: Ser/Plas | Units: mmol/L | Info: 
14882-5,Porphobilinogen [Moles/time] in 24 hour Urine,Test: Porphobilinogen | System: Urine | Units: umol/24 H | Info: 
14885-8,Pregnanediol [Moles/time] in 24 hour Urine,Test: Pregnanediol | System: Urine | Units: umol/24 H | Info: 
14886-6,Pregnanetriol [Moles/time] in 24 hour Urine,Test: Pregnanetriol | System: Urine | Units: umol/d | Info: 
14905-4,Retinol [Moles/volume] in Serum or Plasma,Test: Retinol | System: Ser/Plas | Units: umol/L | Info: 
14910-4,Serotonin [Moles/volume] in Serum,Test: Serotonin | System: Ser | Units: nmol/L | Info: 
14918-7,Thyroglobulin [Moles/volume] in Serum or Plasma,Test: Thyroglobulin | System: Ser/Plas | Units: pmol/L | Info: 
14927-8,Triglyceride [Moles/volume] in Serum or Plasma,Test: Triglyceride | System: Ser/Plas | Units: mmol/L | Info: 
14929-4,Triiodothyronine (T3).reverse [Moles/volume] in Serum or Plasma,Test: Triiodothyronine.reverse | System: Ser/Plas | Units: nmol/L | Info: 
14933-6,Urate [Moles/volume] in Serum or Plasma,Test: Urate | System: Ser/Plas | Units: umol/L | Info: 
14934-4,Urate [Moles/volume] in Urine,Test: Urate | System: Urine | Units: umol/L | Info: 
14936-9,Urea nitrogen [Moles/volume] in Peritoneal dialysis fluid,Test: Urea nitrogen | System: Dial fld prt | Units: mmol/L | Info: 
14937-7,Urea nitrogen [Moles/volume] in Serum or Plasma,Test: Urea nitrogen | System: Ser/Plas | Units: mmol/L | Info: 
14938-5,Urea nitrogen [Moles/volume] in Urine,Test: Urea nitrogen | System: Urine | Units: mmol/L | Info: 
14940-1,Uroporphyrin 1 isomer [Moles/volume] in Serum or Plasma,Test: Uroporphyrin 1 isomer | System: Ser/Plas | Units: nmol/L | Info: 
14941-9,Uroporphyrin 1 isomer [Moles/volume] in Stool,Test: Uroporphyrin 1 isomer | System: Stool | Units: nmol/L | Info: 
14942-7,Uroporphyrin 1 isomer [Moles/volume] in Urine,Test: Uroporphyrin 1 isomer | System: Urine | Units: nmol/L | Info: 
14943-5,Uroporphyrin 3 isomer [Moles/volume] in Serum or Plasma,Test: Uroporphyrin 3 isomer | System: Ser/Plas | Units: nmol/L | Info: 
14944-3,Uroporphyrin 3 isomer [Moles/volume] in Stool,Test: Uroporphyrin 3 isomer | System: Stool | Units: nmol/L | Info: 
14945-0,Uroporphyrin 3 isomer [Moles/volume] in Urine,Test: Uroporphyrin 3 isomer | System: Urine | Units: nmol/L | Info: 
14947-6,Vanillylmandelate [Moles/time] in 24 hour Urine,Test: Vanillylmandelate | System: Urine | Units: umol/d | Info: 
14948-4,Vanillylmandelate/Creatinine [Molar ratio] in Urine,Test: Vanillylmandelate/Creatinine | System: Urine | Units: mmol/mol creatinine | Info: 
14949-2,Vasopressin [Moles/volume] in Plasma,Test: Vasopressin | System: Plas | Units: pmol/L | Info: 
14960-9,Estradiol (E2) Free/Estradiol (E2).total in Serum or Plasma,Test: Estradiol.free/Estradiol.total | System: Ser/Plas | Units: % | Info: 
14970-8,Estrone (E1).bioavailable [Mass/volume] in Serum or Plasma,Test: Estrone.bioavailable | System: Ser/Plas | Units: pg/mL | Info: 
14971-6,Estrone (E1).bioavailable/Estrone (E1).total in Serum or Plasma,Test: Estrone.bioavailable/Estrone.total | System: Ser/Plas | Units: % | Info: 
14976-5,Lecithin/Sphingomyelin [Ratio] in Amniotic fluid,Test: Lecithin/Sphingomyelin | System: Amnio fld | Units: ratio | Info: 
15003-7,11-Hydroxyandrosterone [Moles/time] in 24 hour Urine,Test: 11-Hydroxyandrosterone | System: Urine | Units: umol/24 H | Info: 
15004-5,11-Hydroxyetiocholanolone [Moles/time] in 24 hour Urine,Test: 11-Hydroxyetiocholanolone | System: Urine | Units: umol/24 H | Info: 
15005-2,11-Ketoandrosterone [Moles/time] in 24 hour Urine,Test: 11-Ketoandrosterone | System: Urine | Units: umol/24 H | Info: 
15006-0,11-Ketoetiocholanolone [Moles/time] in 24 hour Urine,Test: 11-Ketoetiocholanolone | System: Urine | Units: umol/24 H | Info: 
15007-8,"2,3-Diphosphoglycerate [Moles/volume] in Red Blood Cells","Test: 2,3-Diphosphoglycerate | System: RBC | Units: mmol/L | Info: "
15008-6,3-Alpha-Androstanediol glucuronide [Moles/volume] in Serum,Test: 3-Alpha-Androstanediol glucuronide | System: Ser | Units: nmol/L | Info: 
15012-8,Aldosterone [Moles/volume] in Serum or Plasma --upright,Test: Aldosterone^upright | System: Ser/Plas | Units: pmol/L | Info: 
15013-6,Alkaline phosphatase.bone/Alkaline phosphatase.total in Serum or Plasma,Test: Alkaline phosphatase.bone/Alkaline phosphatase.total | System: Ser/Plas | Units: % | Info: 
15014-4,Alkaline phosphatase.intestinal/Alkaline phosphatase.total in Serum or Plasma,Test: Alkaline phosphatase.intestinal/Alkaline phosphatase.total | System: Ser/Plas | Units: % | Info: 
15015-1,Alkaline phosphatase.liver/Alkaline phosphatase.total in Serum or Plasma,Test: Alkaline phosphatase.liver/Alkaline phosphatase.total | System: Ser/Plas | Units: % | Info: 
15016-9,Alkaline phosphatase.placental/Alkaline phosphatase.total in Serum or Plasma,Test: Alkaline phosphatase.placental/Alkaline phosphatase.total | System: Ser/Plas | Units: % | Info: 
15017-7,Alkaline phosphatase.regan/Alkaline phosphatase.total in Serum or Plasma,Test: Alkaline phosphatase.regan/Alkaline phosphatase.total | System: Ser/Plas | Units: % | Info: 
15018-5,Alkaline phosphatase.renal/Alkaline phosphatase.total in Serum or Plasma,Test: Alkaline phosphatase.renal/Alkaline phosphatase.total | System: Ser/Plas | Units: % | Info: 
15020-1,Amylase.P1/Amylase.total in Serum or Plasma,Test: Amylase.P1/Amylase.total | System: Ser/Plas | Units: % | Info: 
15021-9,Amylase.P2/Amylase.total in Serum or Plasma,Test: Amylase.P2/Amylase.total | System: Ser/Plas | Units: % | Info: 
15022-7,Amylase.P3/Amylase.total in Serum or Plasma,Test: Amylase.P3/Amylase.total | System: Ser/Plas | Units: % | Info: 
15023-5,Amylase S1/Amylase.total in Serum or Plasma,Test: Amylase.S1/Amylase.total | System: Ser/Plas | Units: % | Info: 
15024-3,Amylase S2/Amylase.total in Serum or Plasma,Test: Amylase.S2/Amylase.total | System: Ser/Plas | Units: % | Info: 
15025-0,Amylase S3/Amylase.total in Serum or Plasma,Test: Amylase.S3/Amylase.total | System: Ser/Plas | Units: % | Info: 
15026-8,Androstanediol [Moles/volume] in Serum or Plasma,Test: Androstanediol | System: Ser/Plas | Units: nmol/L | Info: 
15027-6,Androstenedione [Moles/volume] in Urine,Test: Androstenedione | System: Urine | Units: umol/L | Info: 
15029-2,Androsterone [Moles/volume] in Serum or Plasma,Test: Androsterone | System: Ser/Plas | Units: nmol/L | Info: 
15030-0,Androsterone [Moles/time] in 24 hour Urine,Test: Androsterone | System: Urine | Units: umol/24 H | Info: 
15031-8,Angiotensin I [Moles/volume] in Plasma,Test: Angiotensin I | System: Plas | Units: pmol/L | Info: 
15032-6,Angiotensin II [Moles/volume] in Plasma,Test: Angiotensin II | System: Plas | Units: pmol/L | Info: 
15033-4,Ascorbate [Moles/time] in 24 hour Urine,Test: Ascorbate | System: Urine | Units: umol/d | Info: 
15035-9,Calcitonin [Moles/volume] in Serum or Plasma,Test: Calcitonin | System: Ser/Plas | Units: pmol/L | Info: 
15036-7,Catecholamines [Moles/time] in 24 hour Urine,Test: Catecholamines | System: Urine | Units: nmol/24 H | Info: 
15037-5,Chymotrypsin [Moles/mass] in Stool,Test: Chymotrypsin | System: Stool | Units: mol/kg | Info: 
15038-3,Citrate [Moles/volume] in Serum or Plasma,Test: Citrate | System: Ser/Plas | Units: umol/L | Info: 
15041-7,Coproporphyrin [Moles/time] in 24 hour Urine,Test: Coproporphyrin | System: Urine | Units: nmol/24 H | Info: 
15044-1,Cortisol Free [Moles/volume] in Serum or Plasma,Test: Cortisol.free | System: Ser/Plas | Units: nmol/L | Info: 
15045-8,Creatine [Moles/volume] in Serum or Plasma,Test: Creatine | System: Ser/Plas | Units: mmol/L | Info: 
15046-6,Creatine [Moles/volume] in Urine,Test: Creatine | System: Urine | Units: mmol/L | Info: 
15048-2,Creatine kinase.BB/Creatine kinase.total in Serum or Plasma by Electrophoresis,Test: Creatine kinase.BB/Creatine kinase.total | System: Ser/Plas | Units: % | Info: 
15049-0,Creatine kinase.MM/Creatine kinase.total in Serum or Plasma by Electrophoresis,Test: Creatine kinase.MM/Creatine kinase.total | System: Ser/Plas | Units: % | Info: 
15050-8,Creatinine [Moles/volume] in Amniotic fluid,Test: Creatinine | System: Amnio fld | Units: umol/L | Info: 
15051-6,Creatinine [Moles/volume] in Dialysis fluid,Test: Creatinine | System: Dial fld | Units: umol/L | Info: 
15052-4,Cobalamin (Vitamin B12).unsaturated Binding Capacity [Moles/volume] in Serum or Plasma,Test: Cobalamins.unsaturated binding capacity | System: Ser/Plas | Units: pmol/L | Info: 
15053-2,Dehydroepiandrosterone sulfate (DHEA-S) [Moles/time] in 24 hour Urine,Test: Dehydroepiandrosterone sulfate | System: Urine | Units: umol/24 H | Info: 
15054-0,Dehydroepiandrosterone (DHEA) [Moles/volume] in Serum or Plasma,Test: Dehydroepiandrosterone | System: Ser/Plas | Units: umol/L | Info: 
15055-7,Deoxypyridinoline [Moles/time] in 24 hour Urine,Test: Deoxypyridinoline | System: Urine | Units: umol/24 H | Info: 
15057-3,Androstanolone [Moles/volume] in Serum or Plasma,Test: Androstanolone | System: Ser/Plas | Units: pmol/L | Info: 
15058-1,DOPamine [Moles/volume] in Urine,Test: DOPamine | System: Urine | Units: nmol/L | Info: 
15060-7,Enolase.neuron specific [Mass/volume] in Serum or Plasma,Test: Enolase.neuron specific | System: Ser/Plas | Units: ug/L;ng/mL | Info: 
15061-5,Erythropoietin (EPO) [Units/volume] in Serum or Plasma,Test: Erythropoietin | System: Ser/Plas | Units: mIU/mL | Info: 
15062-3,Estradiol (E2).unconjugated [Moles/time] in 24 hour Urine,Test: Estradiol.unconjugated | System: Urine | Units: nmol/24 H | Info: 
15063-1,Estriol (E3).conjugated [Moles/volume] in Serum or Plasma,Test: Estriol.conjugated | System: Ser/Plas | Units: nmol/L | Info: 
15064-9,Estriol (E3).unconjugated [Moles/volume] in Serum or Plasma,Test: Estriol.unconjugated | System: Ser/Plas | Units: nmol/L | Info: 
15065-6,Etiocholanolone [Moles/time] in 24 hour Urine,Test: Etiocholanolone | System: Urine | Units: umol/24 H | Info: 
15066-4,Fatty acids.nonesterified [Moles/volume] in Serum or Plasma,Test: Fatty acids.nonesterified | System: Ser/Plas | Units: umol/L;mcmol/L; mmol/L | Info: 
15068-0,Follitropin [Units] in 24 hour Urine,Test: Follitropin | System: Urine | Units: IU/24 H | Info: 
15069-8,Fructosamine [Moles/volume] in Serum or Plasma,Test: Fructosamine | System: Ser/Plas | Units: mcmol/L; mmol/L | Info: 
15070-6,Fructose [Moles/time] in 24 hour Urine,Test: Fructose | System: Urine | Units: umol/24 H | Info: 
15071-4,Galactose [Moles/time] in 24 hour Urine,Test: Galactose | System: Urine | Units: umol/24 H | Info: 
15072-2,Gastrin [Moles/volume] in Serum or Plasma,Test: Gastrin | System: Ser/Plas | Units: pmol/L | Info: 
15073-0,Glucagon [Moles/volume] in Serum or Plasma,Test: Glucagon | System: Ser/Plas | Units: pmol/L | Info: 
15074-8,Glucose [Moles/volume] in Blood,Test: Glucose | System: Bld | Units: mmol/L | Info: 
15075-5,Glucose [Moles/volume] in Dialysis fluid,Test: Glucose | System: Dial fld | Units: mmol/L | Info: 
15076-3,Glucose [Moles/volume] in Urine,Test: Glucose | System: Urine | Units: mmol/L | Info: 
15078-9,Lactate [Moles/time] in 24 hour Urine,Test: Lactate | System: Urine | Units: mmol/24 H | Info: 
15079-7,Lutropin [Units/volume] in Urine,Test: Lutropin | System: Urine | Units: mIU/mL | Info: 
15082-1,Methemoglobin [Mass/volume] in Blood,Test: Methemoglobin | System: Bld | Units: g/L;g/dL | Info: 
15083-9,Normetanephrine [Moles/time] in 24 hour Urine,Test: Normetanephrine | System: Urine | Units: umol/d | Info: 
15084-7,Osteocalcin [Moles/volume] in Serum or Plasma,Test: Osteocalcin | System: Ser/Plas | Units: pmol/L | Info: 
15085-4,Oxalate [Moles/volume] in Serum or Plasma,Test: Oxalate | System: Ser/Plas | Units: umol/L | Info: 
15087-0,Parathyrin related protein [Moles/volume] in Serum or Plasma,Test: Parathyrin related protein | System: Ser/Plas | Units: pmol/L | Info: 
15088-8,Parathyrin.C-terminal [Moles/volume] in Serum or Plasma,Test: Parathyrin.C-terminal | System: Ser/Plas | Units: pmol/L | Info: 
15089-6,Phospholipid [Moles/volume] in Serum or Plasma,Test: Phospholipid | System: Ser/Plas | Units: mmol/L | Info: 
15093-8,Protoporphyrin Free [Moles/volume] in Blood,Test: Protoporphyrin.free | System: Bld | Units: nmol/L | Info: 
15094-6,Testosterone [Moles/volume] in Urine,Test: Testosterone | System: Urine | Units: umol/L | Info: 
15096-1,Uroporphyrin [Moles/time] in 24 hour Urine,Test: Uroporphyrin | System: Urine | Units: nmol/24 H | Info: 
15121-7,Lipoprotein.alpha/total Lipoprotein in Serum or Plasma,Test: Lipoprotein.alpha/Lipoprotein.total | System: Ser/Plas | Units: % | Info: 
15122-5,Lipoprotein.beta/total Lipoprotein in Serum or Plasma,Test: Lipoprotein.beta/Lipoprotein.total | System: Ser/Plas | Units: % | Info: 
15123-3,Lipoprotein.pre-beta/total Lipoprotein in Serum or Plasma,Test: Lipoprotein.pre-beta/Lipoprotein.total | System: Ser/Plas | Units: % | Info: 
15124-1,Albumin/Protein.total in Synovial fluid by Electrophoresis,Test: Albumin/Protein.total | System: Synv fld | Units: % | Info: 
15125-8,Alpha 1 globulin/Protein.total in Synovial fluid by Electrophoresis,Test: Alpha 1 globulin/Protein.total | System: Synv fld | Units: % | Info: 
15126-6,Alpha 2 globulin/Protein.total in Synovial fluid by Electrophoresis,Test: Alpha 2 globulin/Protein.total | System: Synv fld | Units: % | Info: 
15127-4,Beta globulin/Protein.total in Synovial fluid by Electrophoresis,Test: Beta globulin/Protein.total | System: Synv fld | Units: % | Info: 
15128-2,Gamma globulin/Protein.total in Synovial fluid by Electrophoresis,Test: Gamma globulin/Protein.total | System: Synv fld | Units: % | Info: 
15148-0,Alkaline phosphatase [Enzymatic activity/volume] in Body fluid,Test: Alkaline phosphatase | System: Body fld | Units: arb U/L | Info: 
15149-8,Ammonia [Moles/volume] in Body fluid,Test: Ammonia | System: Body fld | Units: umol/L | Info: 
15155-5,Calcium [Mass/volume] in Body fluid,Test: Calcium | System: Body fld | Units: mg/dL | Info: 
15156-3,Cancer Ag 125 [Units/volume] in Body fluid by Dilution,Test: Cancer Ag 125 | System: Body fld | Units: arb U/mL | Info: 
15158-9,Chloride [Moles/volume] in Stool,Test: Chloride | System: Stool | Units: mmol/L | Info: 
15174-6,Cryocrit of Serum by Spun Westergren,Test: Cryoglobulin/Serum.total | System: Ser | Units: % | Info: 
15181-1,IgA [Mass/volume] in Body fluid,Test: IgA | System: Body fld | Units: mg/dL | Info: 
15183-7,IgG [Mass/volume] in Body fluid,Test: IgG | System: Body fld | Units: mg/dL | Info: 
15185-2,IgM [Mass/volume] in Body fluid,Test: IgM | System: Body fld | Units: mg/dL | Info: 
15187-8,Lambda light chains [Mass/volume] in 24 hour Urine,Test: Immunoglobulin light chains.lambda | System: Urine | Units: g/L | Info: 
15188-6,Kappa light chains [Mass/volume] in 24 hour Urine,Test: Immunoglobulin light chains.kappa | System: Urine | Units: g/L | Info: 
15189-4,Kappa light chains/Lambda light chains [Mass Ratio] in Serum,Test: Immunoglobulin light chains.kappa/Immunoglobulin light chains.lambda | System: Ser | Units: ratio | Info: 
15200-9,Osmolality of Body fluid,Test: Observation | System: Body fld | Units: mmol/kg H2O;mOsm/kg water; mOsmol/kg | Info: 
15202-5,Potassium [Moles/volume] in Stool,Test: Potassium | System: Stool | Units: mmol/L | Info: 
15212-4,Lipase [Enzymatic activity/volume] in Body fluid,Test: Triacylglycerol lipase | System: Body fld | Units: U/L;U/dL; units/L | Info: 
15348-6,Alkaline phosphatase.liver 1/Alkaline phosphatase.total in Serum or Plasma,Test: Alkaline phosphatase.liver 1/Alkaline phosphatase.total | System: Ser/Plas | Units: % | Info: 
15349-4,Alkaline phosphatase.liver 2/Alkaline phosphatase.total in Serum or Plasma,Test: Alkaline phosphatase.liver 2/Alkaline phosphatase.total | System: Ser/Plas | Units: % | Info: 
15350-2,Amylase [Enzymatic activity/time] in 2 hour Urine,Test: Amylase | System: Urine | Units: U/2 H | Info: 
15355-1,Estrone sulfate [Mass/volume] in Serum or Plasma,Test: Estrone sulfate | System: Ser/Plas | Units: pg/mL | Info: 
15357-7,Iron [Mass/mass] in Tissue,Test: Iron | System: Tiss | Units: mcg/100mg; mcg/gm; ug/g | Info: 
15432-8,Testosterone Free/Testosterone.total in Serum or Plasma,Test: Testosterone.free/Testosterone.total | System: Ser/Plas | Units: % | Info: 
16110-9,11-Deoxycorticosterone [Mass/time] in 24 hour Urine,Test: 11-Deoxycorticosterone | System: Urine | Units: ug/24 H | Info: 
16111-7,Epinephrine+Norepinephrine [Mass/time] in 24 hour Urine,Test: Epinephrine+Norepinephrine | System: Urine | Units: ug/24 H | Info: 
16135-6,Beta 2 glycoprotein 1 IgG Ab [Units/volume] in Serum,Test: Beta 2 glycoprotein 1 Ab.IgG | System: Ser | Units: arb U/mL | Info: 
16136-4,Beta 2 glycoprotein 1 IgM Ab [Units/volume] in Serum,Test: Beta 2 glycoprotein 1 Ab.IgM | System: Ser | Units: arb U/mL | Info: 
16142-2,Fat [Mass/time] in 24 hour Stool,Test: Fat | System: Stool | Units: g/24 H | Info: 
16172-9,Magnesium [Mass/mass] in Hair,Test: Magnesium | System: Hair | Units: mg/g | Info: 
16182-8,Alkaline phosphatase isoenzymes [Enzymatic activity/volume] in Serum or Plasma by Heat stability,Test: Alkaline phosphatase isoenzymes | System: Ser/Plas | Units: arb U/L | Info: 
16188-5,Creatinine [Mass/volume] in Serum or Plasma --2 hour specimen,Test: Creatinine^2H specimen | System: Ser/Plas | Units: mg/dL | Info: 
16189-3,Creatinine [Mass/volume] in Serum or Plasma --4 hour specimen,Test: Creatinine^4H specimen | System: Ser/Plas | Units: mg/dL | Info: 
16273-5,Calcium [Mass/mass] in Red Blood Cells,Test: Calcium | System: RBC | Units: mg/g | Info: 
16293-3,11-Deoxycorticosteroids [Mass/volume] in Plasma,Test: 11-Deoxycorticosteroids | System: Plas | Units: ng/dL | Info: 
16296-6,11-Hydroxyandrosterone [Mass/volume] in Serum or Plasma,Test: 11-Hydroxyandrosterone | System: Ser/Plas | Units: mg/L | Info: 
16297-4,17-Hydroxypregnenolone [Mass/volume] in Urine,Test: 17-Hydroxypregnenolone | System: Urine | Units: ng/dL | Info: 
16300-6,17-Ketogenic steroids [Mass/time] in 72 hour Urine,Test: 17-Ketogenic steroids | System: Urine | Units: mg/72 H | Info: 
16315-4,Acid phosphatase [Enzymatic activity/volume] in Blood by Tartrate inhibited,Test: Acid phosphatase | System: Bld | Units: arb U/L | Info: 
16316-2,Acid phosphatase tartrate resistant [Enzymatic activity/volume] in Blood,Test: Acid phosphatase.tartrate resistant | System: Bld | Units: arb U/L | Info: 
16324-6,Alanine aminotransferase [Enzymatic activity/volume] in Red Blood Cells,Test: Alanine aminotransferase | System: RBC | Units: arb U/L | Info: 
16325-3,Alanine aminotransferase/Aspartate aminotransferase [Enzymatic activity ratio] in Serum or Plasma,Test: Alanine aminotransferase/Aspartate aminotransferase | System: Ser/Plas | Units: U/U | Info: 
16337-8,Alkaline phosphatase [Enzymatic activity/volume] in Urine,Test: Alkaline phosphatase | System: Urine | Units: arb U/L | Info: 
16362-6,Ammonia [Moles/volume] in Plasma,Test: Ammonia | System: Plas | Units: umol/L | Info: 
16363-4,Ammonia [Moles/mass] in Tissue,Test: Ammonia | System: Tiss | Units: umol/g | Info: 
16406-1,Arylamidase [Enzymatic activity/volume] in Urine,Test: Arylamidase | System: Urine | Units: arb U/L | Info: 
16412-9,Aspartate aminotransferase [Enzymatic activity/volume] in Red Blood Cells,Test: Aspartate aminotransferase | System: RBC | Units: arb U/L | Info: 
16454-1,Beta galactosidase [Enzymatic activity/volume] in Blood,Test: Beta galactosidase | System: Bld | Units: umol/h/L | Info: 
16455-8,Beta hydroxybutyrate [Moles/volume] in Cerebral spinal fluid,Test: Beta hydroxybutyrate | System: CSF | Units: mmol/L | Info: 
16456-6,Beta hydroxybutyrate [Moles/volume] in Urine,Test: Beta hydroxybutyrate | System: Urine | Units: mmol/L | Info: 
16459-0,Bicarbonate [Moles/volume] in Body fluid,Test: Bicarbonate | System: Body fld | Units: mmol/L | Info: 
16460-8,Bicarbonate [Moles/volume] in Cerebral spinal fluid,Test: Bicarbonate | System: CSF | Units: mmol/L | Info: 
16461-6,Bicarbonate [Moles/volume] in Red Blood Cells,Test: Bicarbonate | System: RBC | Units: mmol/L | Info: 
16462-4,Bicarbonate [Moles/volume] in Amniotic fluid,Test: Bicarbonate | System: Amnio fld | Units: mmol/L | Info: 
16463-2,Bile acid.dihydroxy [Mass/volume] in Serum or Plasma,Test: Bile acid.dihydroxy | System: Ser/Plas | Units: ug/mL | Info: 
16466-5,Bile acid.trihydroxy [Mass/volume] in Serum or Plasma,Test: Bile acid.trihydroxy | System: Ser/Plas | Units: ug/mL | Info: 
16503-5,C reactive protein [Mass/volume] in Body fluid,Test: C reactive protein | System: Body fld | Units: ng/dL | Info: 
1653-5,1-Methylhistidine [Mass/volume] in Urine,Test: 1-Methylhistidine | System: Urine | Units: mg/dL | Info: 
16551-4,"Carbon dioxide, total [Moles/volume] in Capillary blood",Test: Carbon dioxide | System: BldC | Units: mmol/L | Info: 
16563-9,Cathepsin D Ag in Serum or Plasma,Test: Cathepsin D Ag | System: Ser/Plas | Units: % | Info: 
1656-8,11-Deoxycorticosterone [Mass/volume] in Serum or Plasma,Test: 11-Deoxycorticosterone | System: Ser/Plas | Units: ng/dL | Info: 
1658-4,11-Hydroxyandrostenedione [Mass/volume] in Serum or Plasma,Test: 11-Hydroxyandrostenedione | System: Ser/Plas | Units: ng/dL | Info: 
1660-0,11-Hydroxyetiocholanolone [Mass/volume] in Serum,Test: 11-Hydroxyetiocholanolone | System: Ser | Units: mg/L | Info: 
16617-3,Choriogonadotropin.intact [Moles/volume] in Semen,Test: Choriogonadotropin.intact | System: Semen | Units: mmol/L | Info: 
1661-8,11-Ketoandrosterone [Mass/volume] in Serum,Test: 11-Ketoandrosterone | System: Ser | Units: mg/L | Info: 
1662-6,11-Ketoetiocholanolone [Mass/volume] in Serum,Test: 11-Ketoetiocholanolone | System: Ser | Units: mg/L | Info: 
16630-6,aPTT saline 1:1 in Blood from Control by Coagulation assay,Test: Coagulation | System: Bld^Control | Units: s | Info: 
16631-4,aPTT saline 1:1 in Blood by Coagulation assay,Test: Coagulation | System: Bld | Units: s | Info: 
1663-4,11-Oxycorticosterone [Mass/volume] in Serum,Test: 11-Oxycorticosterone | System: Ser | Units: ug/dL | Info: 
1664-2,17-Hydroxycorticosteroids [Mass/volume] in Amniotic fluid,Test: 17-Hydroxycorticosteroids | System: Amnio fld | Units: mg/L | Info: 
16649-6,Coproporphyrinogen oxidase [Enzymatic activity/volume] in Red Blood Cells,Test: Coproporphyrinogen oxidase | System: RBC | Units: U/mL RBC | Info: 
16652-0,Corticotropin [Mass/volume] in Amniotic fluid by Radioimmunoassay (RIA),Test: Corticotropin | System: Amnio fld | Units: pg/mL | Info: 
16653-8,Corticotropin Canine [Mass/volume] in Plasma,Test: Corticotropin.canine | System: Plas | Units: pg/mL | Info: 
1665-9,17-Hydroxycorticosteroids [Mass/volume] in Plasma,Test: 17-Hydroxycorticosteroids | System: Plas | Units: mg/L | Info: 
1667-5,17-Hydroxyketosteroids [Mass/volume] in Urine,Test: 17-Hydroxyketosteroids | System: Urine | Units: ng/dL | Info: 
16687-6,Creatine [Mass/volume] in Vitreous fluid,Test: Creatine | System: Vitr fld | Units: mg/dL | Info: 
16688-4,Creatine kinase [Enzymatic activity/volume] in Body fluid,Test: Creatine kinase | System: Body fld | Units: arb U/L | Info: 
16695-9,Cobalamin (Vitamin B12) [Mass/volume] in Blood,Test: Cobalamins | System: Bld | Units: pg/mL | Info: 
1671-7,17-Ketogenic steroids [Mass/volume] in Blood,Test: 17-Ketogenic steroids | System: Bld | Units: ng/dL | Info: 
16721-3,Dehydroepiandrosterone sulfate (DHEA-S) [Mass/volume] in Saliva (oral fluid),Test: Dehydroepiandrosterone sulfate | System: Saliva | Units: mg/L | Info: 
1674-1,18-Hydroxycorticosterone [Mass/volume] in Serum or Plasma,Test: 18-Hydroxycorticosterone | System: Ser/Plas | Units: ng/dL | Info: 
1676-6,"2,3-Diphosphoglycerate [Mass/volume] in Serum","Test: 2,3-Diphosphoglycerate | System: Ser | Units: g/dL | Info: "
1677-4,Alpha hydroxybutyrate dehydrogenase [Enzymatic activity/volume] in Serum or Plasma,Test: Alpha hydroxybutyrate dehydrogenase | System: Ser/Plas | Units: arb U/L | Info: 
1678-2,20-Hydroxyprogesterone [Mass/volume] in Serum,Test: 20-Hydroxyprogesterone | System: Ser | Units: ng/dL | Info: 
1679-0,24r-Hydroxycalcidiol [Mass/volume] in Serum or Plasma,Test: 24r-Hydroxycalcidiol | System: Ser/Plas | Units: ng/mL | Info: 
1681-6,Beta hydroxybutyrate dehydrogenase [Enzymatic activity/volume] in Blood,Test: Beta hydroxybutyrate dehydrogenase | System: Bld | Units: arb U/L | Info: 
1682-4,Beta hydroxybutyrate dehydrogenase [Enzymatic activity/volume] in Serum or Plasma,Test: Beta hydroxybutyrate dehydrogenase | System: Ser/Plas | Units: arb U/L | Info: 
16838-5,Estriol (E3) [Mass/volume] in Body fluid,Test: Estriol | System: Body fld | Units: ng/mL | Info: 
1684-0,3-Methoxy-4-Hydroxyphenylglycol [Mass/volume] in Urine,Test: 3-Methoxy-4-Hydroxyphenylglycol | System: Urine | Units: ug/L | Info: 
1687-3,3-Methylhistidine [Mass/volume] in Urine,Test: 3-Methylhistidine | System: Urine | Units: mg/dL | Info: 
1688-1,4-Pyridoxate [Mass/volume] in Serum or Plasma,Test: 4-Pyridoxate | System: Ser/Plas | Units: ug/dL | Info: 
1689-9,5'-Nucleotidase [Enzymatic activity/volume] in Amniotic fluid,Test: 5'-Nucleotidase | System: Amnio fld | Units: arb U/L | Info: 
16903-7,Glucose [Mass/volume] in Vitreous fluid,Test: Glucose | System: Vitr fld | Units: mg/dL | Info: 
1690-7,5'-Nucleotidase [Enzymatic activity/volume] in Serum or Plasma,Test: 5'-Nucleotidase | System: Ser/Plas | Units: U/L;mU/mL; units/L | Info: 
1691-5,"5,10-Methylenetetrahydrofolate reductase [Enzymatic activity/volume] in Serum","Test: 5,10-Methylenetetrahydrofolate reductase | System: Ser | Units: arb U/L | Info: "
16918-5,Glutathione [Mass/volume] in Serum or Plasma,Test: Glutathione | System: Ser/Plas | Units: mg/dL | Info: 
1692-3,5-Hydroxyindoleacetate [Mass/volume] in Cerebral spinal fluid,Test: 5-Hydroxyindoleacetate | System: CSF | Units: mg/mL | Info: 
1693-1,5-Hydroxyindoleacetate [Mass/volume] in Serum or Plasma,Test: 5-Hydroxyindoleacetate | System: Ser/Plas | Units: mg/mL | Info: 
16938-3,Heptacarboxylporphyrin [Mass/volume] in Stool,Test: Heptacarboxylporphyrin | System: Stool | Units: ug/dL | Info: 
16963-1,Hexacarboxylporphyrin [Mass/volume] in Blood,Test: Hexacarboxylporphyrin | System: Bld | Units: ug/dl | Info: 
1696-4,5-Methyltetrahydrofolate homocysteine methyltransferase [Enzymatic activity/volume] in Serum,Test: 5-Methyltetrahydrofolate homocysteine methyltransferase | System: Ser | Units: arb U/L | Info: 
16964-9,Hexacarboxylporphyrin [Mass/volume] in Stool,Test: Hexacarboxylporphyrin | System: Stool | Units: ug/dL | Info: 
16967-2,Hexokinase 1 [Enzymatic activity/volume] in Red Blood Cells,Test: Hexokinase 1 | System: RBC | Units: U/mL RBC | Info: 
16968-0,Hexokinase 3 [Enzymatic activity/volume] in Red Blood Cells,Test: Hexokinase 3 | System: RBC | Units: U/mL RBC | Info: 
1697-2,6-Phosphogluconate dehydrogenase [Enzymatic activity/volume] in Red Blood Cells,Test: 6-Phosphogluconate dehydrogenase | System: RBC | Units: U/mL RBC | Info: 
1699-8,Alpha-L-iduronidase [Enzymatic activity/mass] in Tissue,Test: Alpha-L-iduronidase | System: Tiss | Units: nmol/h/mg protein | Info: 
17003-5,Serotonin [Mass/volume] in Urine,Test: Serotonin | System: Urine | Units: ng/mL | Info: 
17004-3,Hypoxanthine [Mass/volume] in Urine,Test: Hypoxanthine | System: Urine | Units: mg/L | Info: 
17005-0,IgA subclass 1 [Mass/volume] in Cerebral spinal fluid,Test: IgA subclass 1 | System: CSF | Units: mg/dL | Info: 
17006-8,IgA subclass 2 [Mass/volume] in Cerebral spinal fluid,Test: IgA subclass 2 | System: CSF | Units: mg/dL | Info: 
1702-0,Acetoacetate [Mass/volume] in Urine,Test: Acetoacetate | System: Urine | Units: mg/dL | Info: 
17024-1,Iodine.inorganic [Mass/volume] in Serum or Plasma,Test: Iodine.inorganic | System: Ser/Plas | Units: ug/mL | Info: 
1703-8,Acetoacetate [Mass/volume] in Cerebral spinal fluid,Test: Acetoacetate | System: CSF | Units: mg/dL | Info: 
17043-1,Lactose [Mass/volume] in Urine,Test: Lactose | System: Urine | Units: g/L | Info: 
1705-3,Acetoacetate [Mass/volume] in Serum or Plasma,Test: Acetoacetate | System: Ser/Plas | Units: mg/dL | Info: 
1707-9,Acetylcholine [Mass/volume] in Serum,Test: Acetylcholine | System: Ser | Units: pg/mL | Info: 
17082-9,Lipoprotein.alpha [Mass/volume] in Body fluid,Test: Lipoprotein.alpha | System: Body fld | Units: mg/dL | Info: 
17083-7,Lipoprotein.beta [Mass/volume] in Body fluid,Test: Lipoprotein.beta | System: Body fld | Units: mg/dL | Info: 
17084-5,Lipoprotein.pre-beta [Mass/volume] in Body fluid,Test: Lipoprotein.pre-beta | System: Body fld | Units: mg/dL | Info: 
1712-9,Prostatic acid phosphatase [Enzymatic activity/volume] in Vaginal fluid,Test: Acid phosphatase.prostatic | System: Vag | Units: arb U/L | Info: 
1713-7,Prostatic acid phosphatase [Enzymatic activity/volume] in Semen,Test: Acid phosphatase.prostatic | System: Semen | Units: arb U/L | Info: 
1714-5,Prostatic acid phosphatase [Enzymatic activity/volume] in Serum,Test: Acid phosphatase.prostatic | System: Ser | Units: arb U/L | Info: 
1715-2,Acid phosphatase [Enzymatic activity/volume] in Serum or Plasma,Test: Acid phosphatase | System: Ser/Plas | Units: U/L;mU/mL; units/L | Info: 
1718-6,Acyl CoA dehydrogenase [Enzymatic activity/volume] in Serum,Test: Acyl CoA dehydrogenase | System: Ser | Units: arb U/L | Info: 
1720-2,Adenine phosphoribosyltransferase [Enzymatic activity/volume] in Red Blood Cells,Test: Adenine phosphoribosyltransferase | System: RBC | Units: U/mL RBC | Info: 
1721-0,Adenosine triphosphate [Mass/volume] in Blood,Test: Adenosine triphosphate | System: Bld | Units: ng/mL | Info: 
1722-8,Adenosine deaminase [Enzymatic activity/volume] in Blood,Test: Adenosine deaminase | System: Bld | Units: nmol/min/mL | Info: 
17232-0,Lysozyme [Enzymatic activity/volume] in Tear,Test: Lysozyme | System: Tear | Units: arb U/L | Info: 
17235-3,Magnesium [Moles/volume] in Leukocytes,Test: Magnesium | System: WBC | Units: mmol/L | Info: 
17236-1,Magnesium [Moles/volume] in Stool,Test: Magnesium | System: Stool | Units: mmol/L | Info: 
1724-4,Adenosine diphosphate [Mass/volume] in Serum,Test: Adenosine diphosphate | System: Ser | Units: ng/mL | Info: 
1725-1,Adenosine monophosphate deaminase [Enzymatic activity/volume] in Serum,Test: Adenosine monophosphate deaminase | System: Ser | Units: arb U/L | Info: 
1726-9,Adenosine monophosphate.cyclic [Mass/volume] in Serum or Plasma,Test: Adenosine monophosphate.cyclic | System: Ser/Plas | Units: ng/mL | Info: 
1728-5,Adenosine monophosphate.cyclic/Creatinine [Mass Ratio] in Serum or Plasma,Test: Adenosine monophosphate.cyclic/Creatinine | System: Ser/Plas | Units: ng/g creatinine | Info: 
1729-3,Adenosine triphosphatase [Enzymatic activity/volume] in Red Blood Cells,Test: Adenosine triphosphatase | System: RBC | Units: U/mL RBC | Info: 
1730-1,Adenosine triphosphatase [Enzymatic activity/volume] in Semen,Test: Adenosine triphosphatase | System: Semen | Units: arb U/L | Info: 
1731-9,Adenylate kinase [Enzymatic activity/volume] in Serum,Test: Adenylate kinase | System: Ser | Units: arb U/L | Info: 
1732-7,Adenylosuccinate lyase [Enzymatic activity/volume] in Serum,Test: Adenylosuccinate lyase | System: Ser | Units: arb U/L | Info: 
17334-4,Neopterin/Creatinine [Mass Ratio] in Urine,Test: Neopterin/Creatinine | System: Urine | Units: ng/ng creatinine | Info: 
1733-5,Adipate [Mass/volume] in Urine,Test: Adipate | System: Urine | Units: ug/mL | Info: 
1734-3,Aldosterone renal clearance in 24 hour Urine and Serum or Plasma,Test: Aldosterone renal clearance | System: Urine+Ser/Plas | Units: mL/min | Info: 
1741-8,Alanine aminotransferase [Enzymatic activity/volume] in Amniotic fluid,Test: Alanine aminotransferase | System: Amnio fld | Units: arb U/L | Info: 
1742-6,Alanine aminotransferase [Enzymatic activity/volume] in Serum or Plasma,Test: Alanine aminotransferase | System: Ser/Plas | Units: arb U/L | Info: 
17428-4,Pentacarboxylporphyrins [Mass/time] in 24 hour Stool,Test: Pentacarboxylporphyrins | System: Stool | Units: ug/24 H | Info: 
1745-9,Albumin [Mass/volume] in Amniotic fluid,Test: Albumin | System: Amnio fld | Units: g/dL | Info: 
17474-8,Porphobilinogen [Moles/volume] in Serum or Plasma,Test: Porphobilinogen | System: Ser/Plas | Units: umol/L | Info: 
1747-5,Albumin [Mass/volume] in Body fluid,Test: Albumin | System: Body fld | Units: g/L;g/dL | Info: 
1748-3,Albumin [Mass/volume] in Pleural fluid,Test: Albumin | System: Plr fld | Units: g/L | Info: 
17483-9,Progesterone [Mass/volume] in Urine,Test: Progesterone | System: Urine | Units: ng/dL | Info: 
1749-1,Albumin [Mass/volume] in Peritoneal fluid,Test: Albumin | System: Periton fld | Units: g/L | Info: 
17493-8,Prostaglandin E [Mass/volume] in Serum or Plasma,Test: Prostaglandin E | System: Ser/Plas | Units: pg/mL | Info: 
17495-3,Prostaglandins [Mass/volume] in Urine,Test: Prostaglandins | System: Urine | Units: ng/mL | Info: 
17496-1,Alpha 1 globulin [Mass/volume] in Body fluid by Electrophoresis,Test: Alpha 1 globulin | System: Body fld | Units: g/L | Info: 
17497-9,Alpha 2 globulin [Mass/volume] in Body fluid by Electrophoresis,Test: Alpha 2 globulin | System: Body fld | Units: g/L | Info: 
17498-7,Beta globulin [Mass/volume] in Body fluid by Electrophoresis,Test: Beta globulin | System: Body fld | Units: g/L | Info: 
17499-5,Gamma globulin [Mass/volume] in Body fluid by Electrophoresis,Test: Gamma globulin | System: Body fld | Units: g/L | Info: 
17501-8,Protoporphyrin [Mass/volume] in Serum or Plasma,Test: Protoporphyrin | System: Ser/Plas | Units: ug/dL | Info: 
1750-9,Albumin [Mass/volume] in Semen,Test: Albumin | System: Semen | Units: g/dL | Info: 
1751-7,Albumin [Mass/volume] in Serum or Plasma,Test: Albumin | System: Ser/Plas | Units: g/L;g/dL; mg/dL | Info: 
1752-5,Albumin [Mass/volume] in Synovial fluid,Test: Albumin | System: Synv fld | Units: g/dL | Info: 
17525-7,Retinoate esters [Mass/volume] in Serum or Plasma,Test: Retinoate esters | System: Ser/Plas | Units: ng/mL | Info: 
17526-5,Retinyl esters [Mass/volume] in Serum or Plasma,Test: Retinyl esters | System: Ser/Plas | Units: ug/mL | Info: 
17527-3,Retinol Free [Mass/volume] in Serum or Plasma,Test: Retinol.free | System: Ser/Plas | Units: ug/mL | Info: 
1757-4,Albumin renal clearance in 24 hour Urine and Serum or Plasma,Test: Albumin renal clearance | System: Urine+Ser/Plas | Units: mL/min | Info: 
1758-2,Albumin.glycated [Mass/volume] in Serum or Plasma,Test: Albumin.glycated | System: Ser/Plas | Units: g/dL | Info: 
1759-0,Albumin/Globulin [Mass Ratio] in Serum or Plasma,Test: Albumin/Globulin | System: Ser/Plas | Units: ratio | Info: 
1760-8,Alcohol dehydrogenase [Enzymatic activity/volume] in Serum,Test: Alcohol dehydrogenase | System: Ser | Units: arb U/L | Info: 
1761-6,Aldolase [Enzymatic activity/volume] in Serum or Plasma,Test: Aldolase | System: Ser/Plas | Units: mU/mL; units/L | Info: 
1762-4,Aldosterone [Mass/volume] in Blood,Test: Aldosterone | System: Bld | Units: ng/dL | Info: 
17666-9,Sulfate [Mass/volume] in Dialysis fluid,Test: Sulfate | System: Dial fld | Units: mg/dL | Info: 
17667-7,Sulfate.organic/Sulfate.total in Urine,Test: Sulfate.organic/Sulfate.total | System: Urine | Units: % | Info: 
17685-9,Testosterone Free [Mass/volume] in Dialysis fluid,Test: Testosterone.free | System: Dial fld | Units: ng/dL | Info: 
17686-7,Testosterone.weakly bound [Mass/volume] in Serum or Plasma,Test: Testosterone.weakly bound | System: Ser/Plas | Units: pg/mL | Info: 
17750-1,Trypsinogen [Enzymatic activity/volume] in Serum or Plasma,Test: Trypsinogen | System: Ser/Plas | Units: arb U/L | Info: 
17758-4,Urea nitrogen [Mass/volume] in Vitreous fluid,Test: Urea nitrogen | System: Vitr fld | Units: mg/dL | Info: 
17759-2,Urea nitrogen [Mass/volume] in Arterial blood --post dialysis,Test: Urea nitrogen^post dialysis | System: BldA | Units: mg/L | Info: 
17760-0,Urea nitrogen [Mass/volume] in Venous blood --pre dialysis,Test: Urea nitrogen^pre dialysis | System: BldV | Units: mg/L | Info: 
17761-8,Urobilinogen [Mass/time] in 48 hour Stool,Test: Urobilinogen | System: Stool | Units: mg/48 H | Info: 
1777-2,Alkaline phosphatase.bone [Enzymatic activity/volume] in Serum or Plasma,Test: Alkaline phosphatase.bone | System: Ser/Plas | Units: arb U/L | Info: 
1778-0,Alkaline phosphatase.intestinal [Enzymatic activity/volume] in Serum or Plasma,Test: Alkaline phosphatase.intestinal | System: Ser/Plas | Units: arb U/L | Info: 
17793-1,Immunoglobulin light chains [Mass/volume] in 24 hour Urine,Test: Immunoglobulin light chains | System: Urine | Units: g/L | Info: 
17794-9,Osmolality of Hyperal solution,Test: Observation | System: Hyperal solution | Units: mOsm/kg | Info: 
17795-6,Potassium [Moles/volume] in Hyperal solution,Test: Potassium | System: Hyperal solution | Units: mmol/L | Info: 
17796-4,Sodium [Moles/volume] in Hyperal solution,Test: Sodium | System: Hyperal solution | Units: mmol/L | Info: 
1779-8,Alkaline phosphatase.liver [Enzymatic activity/volume] in Serum or Plasma,Test: Alkaline phosphatase.liver | System: Ser/Plas | Units: arb U/L | Info: 
1780-6,Alkaline phosphatase.placental [Enzymatic activity/volume] in Serum or Plasma,Test: Alkaline phosphatase.placental | System: Ser/Plas | Units: arb U/L | Info: 
17810-3,Prealbumin/Protein.total in Body fluid by Electrophoresis,Test: Prealbumin/Protein.total | System: Body fld | Units: % | Info: 
17812-9,Alpha 1 globulin/Protein.total in Body fluid by Electrophoresis,Test: Alpha 1 globulin/Protein.total | System: Body fld | Units: % | Info: 
1781-4,Alkaline phosphatase.regan [Enzymatic activity/volume] in Serum or Plasma,Test: Alkaline phosphatase.regan | System: Ser/Plas | Units: U | Info: 
17814-5,Alpha 2 globulin/Protein.total in Body fluid by Electrophoresis,Test: Alpha 2 globulin/Protein.total | System: Body fld | Units: % | Info: 
17816-0,Beta globulin/Protein.total in Body fluid by Electrophoresis,Test: Beta globulin/Protein.total | System: Body fld | Units: % | Info: 
17818-6,Gamma globulin/Protein.total in Body fluid by Electrophoresis,Test: Gamma globulin/Protein.total | System: Body fld | Units: % | Info: 
17820-2,Albumin/Protein.total in Body fluid by Electrophoresis,Test: Albumin/Protein.total | System: Body fld | Units: % | Info: 
1782-2,Alkaline phosphatase.renal [Enzymatic activity/volume] in Serum or Plasma,Test: Alkaline phosphatase.renal | System: Ser/Plas | Units: arb U/L | Info: 
1783-0,Alkaline phosphatase [Enzymatic activity/volume] in Blood,Test: Alkaline phosphatase | System: Bld | Units: arb U/L | Info: 
17837-6,Acid phosphatase tartrate resistant [Enzymatic activity/volume] in Serum,Test: Acid phosphatase.tartrate resistant | System: Ser | Units: arb U/L | Info: 
17839-2,Alpha fucosidase [Enzymatic activity/volume] in Blood,Test: Alpha fucosidase | System: Bld | Units: nmol/h/mL | Info: 
17840-0,Alpha-L-iduronidase [Enzymatic activity/volume] in Blood,Test: Alpha-L-iduronidase | System: Bld | Units: arb U/L | Info: 
17842-6,Cancer Ag 27-29 [Units/volume] in Serum or Plasma,Test: Cancer Ag 27-29 | System: Ser/Plas | Units: arb U/mL | Info: 
17843-4,Cancer Ag 72-4 [Units/volume] in Serum or Plasma,Test: Cancer Ag 72-4 | System: Ser/Plas | Units: arb U/mL | Info: 
17844-2,Estradiol (E2).albumin bound [Mass/volume] in Serum or Plasma,Test: Estradiol.albumin bound | System: Ser/Plas | Units: pg/mL | Info: 
1784-8,Alpha amino acid nitrogen [Mass/volume] in Plasma,Test: Alpha amino acid nitrogen | System: Plas | Units: mg/dL | Info: 
1785-5,Alpha amino acid nitrogen [Mass/time] in 24 hour Urine,Test: Alpha amino acid nitrogen | System: Urine | Units: mg/24 H | Info: 
17858-2,Gamma glutamyl transferase [Enzymatic activity/volume] in Body fluid,Test: Gamma glutamyl transferase | System: Body fld | Units: arb U/L | Info: 
17861-6,Calcium [Mass/volume] in Serum or Plasma,Test: Calcium | System: Ser/Plas | Units: mg/dL | Info: 
17868-1,Acylcarnitine/Creatinine [Ratio] in Urine,Test: Acylcarnitine/Creatinine | System: Urine | Units: umol/g creatinine | Info: 
17870-7,Orotidine/Creatinine [Molar ratio] in Urine,Test: Orotidine/Creatinine | System: Urine | Units: mmol/mol creatinine | Info: 
1794-7,Amylase [Enzymatic activity/volume] in Duodenal fluid,Test: Amylase | System: Duod fld | Units: arb U/L | Info: 
1795-4,Amylase [Enzymatic activity/volume] in Body fluid,Test: Amylase | System: Body fld | Units: arb U/L | Info: 
1796-2,Amylase [Enzymatic activity/volume] in Pleural fluid,Test: Amylase | System: Plr fld | Units: arb U/L | Info: 
1797-0,Amylase [Enzymatic activity/volume] in Peritoneal fluid,Test: Amylase | System: Periton fld | Units: arb U/L | Info: 
1798-8,Amylase [Enzymatic activity/volume] in Serum or Plasma,Test: Amylase | System: Ser/Plas | Units: arb U/L | Info: 
1801-0,Amylase renal clearance in 24 hour Urine and Serum or Plasma,Test: Amylase renal clearance | System: Urine+Ser/Plas | Units: mL/min | Info: 
1802-8,Amylase.P1 [Enzymatic activity/volume] in Serum or Plasma,Test: Amylase.P1 | System: Ser/Plas | Units: arb U/L | Info: 
1803-6,Amylase.P2 [Enzymatic activity/volume] in Serum or Plasma,Test: Amylase.P2 | System: Ser/Plas | Units: arb U/L | Info: 
1804-4,Amylase.P3 [Enzymatic activity/volume] in Serum or Plasma,Test: Amylase.P3 | System: Ser/Plas | Units: arb U/L | Info: 
1805-1,Amylase.pancreatic [Enzymatic activity/volume] in Serum or Plasma,Test: Amylase.pancreatic | System: Ser/Plas | Units: arb U/L | Info: 
1806-9,Amylase S1 [Enzymatic activity/volume] in Serum or Plasma,Test: Amylase.S1 | System: Ser/Plas | Units: arb U/L | Info: 
1807-7,Amylase S2 [Enzymatic activity/volume] in Serum or Plasma,Test: Amylase.S2 | System: Ser/Plas | Units: arb U/L | Info: 
1808-5,Amylase S3 [Enzymatic activity/volume] in Serum or Plasma,Test: Amylase.S3 | System: Ser/Plas | Units: arb U/L | Info: 
1809-3,Amylase.salivary [Enzymatic activity/volume] in Serum or Plasma,Test: Amylase.salivary | System: Ser/Plas | Units: arb U/L | Info: 
1810-1,Amylase/Creatinine [Mass Ratio] in Serum or Plasma,Test: Amylase/Creatinine | System: Ser/Plas | Units: ug/g creatinine | Info: 
1812-7,Alpha fucosidase [Enzymatic activity/mass] in Tissue,Test: Alpha fucosidase | System: Tiss | Units: nmol/h/mg protein | Info: 
1813-5,Alpha galactosidase A [Enzymatic activity/volume] in Serum or Plasma,Test: Alpha galactosidase A | System: Ser/Plas | Units: nmol/h/mL | Info: 
1814-3,Acid alpha glucosidase [Enzymatic activity/volume] in Semen,Test: Acid alpha glucosidase | System: Semen | Units: arb U/L | Info: 
1815-0,Acid alpha glucosidase [Enzymatic activity/mass] in Tissue,Test: Acid alpha glucosidase | System: Tiss | Units: U/g | Info: 
18183-4,Melatonin [Mass/time] in 24 hour Urine,Test: Melatonin | System: Urine | Units: ug/24 H | Info: 
1818-4,Alpha mannosidase [Enzymatic activity/volume] in Serum or Plasma,Test: Alpha mannosidase | System: Ser/Plas | Units: nmol/h/mL | Info: 
1819-2,Alpha mannosidase [Enzymatic activity/mass] in Tissue,Test: Alpha mannosidase | System: Tiss | Units: nmol/h/mg protein | Info: 
1820-0,Alpha melanocyte stimulating hormone [Mass/volume] in Serum or Plasma,Test: Alpha melanocyte stimulating hormone | System: Ser/Plas | Units: pg/mL | Info: 
18214-7,Delta 5-Pregnanetriol [Mass/volume] in Urine,Test: Delta 5-Pregnanetriol | System: Urine | Units: mg/L | Info: 
1821-8,Alpha naphthylesterase [Enzymatic activity/volume] in Serum,Test: Alpha naphthylesterase | System: Ser | Units: arb U/L | Info: 
1822-6,Alpha thymosin [Mass/volume] in Serum,Test: Alpha thymosin | System: Ser | Units: pg/mL | Info: 
1824-2,Alpha-1-Antichymotrypsin [Mass/volume] in Serum,Test: Alpha-1-Antichymotrypsin | System: Ser | Units: mg/dL | Info: 
18244-4,Niacin [Mass/volume] in Serum or Plasma,Test: Niacin | System: Ser/Plas | Units: ng/mL | Info: 
18247-7,Nitrogen [Mass/volume] in Dialysis fluid,Test: Nitrogen | System: Dial fld | Units: g/L | Info: 
18250-1,Pentacarboxylporphyrins [Mass/volume] in Blood,Test: Pentacarboxylporphyrins | System: Bld | Units: ug/dL | Info: 
18257-6,Coproporphyrin [Mass/volume] in Blood,Test: Coproporphyrin | System: Bld | Units: ug/dL | Info: 
18259-2,Vasoactive intestinal peptide [Mass/time] in 24 hour Urine,Test: Vasoactive intestinal peptide | System: Urine | Units: ng/24 H | Info: 
1826-7,Alpha 1 antitrypsin MM [Mass/volume] in Serum or Plasma,Test: Alpha 1 antitrypsin.MM | System: Ser/Plas | Units: g/L | Info: 
18271-7,Alpha 1 antitrypsin fecal clearance in 24 hour,Test: Alpha 1 antitrypsin fecal clearance | System: Ser/Plas+Stool | Units: mL/24 H | Info: 
1827-5,Alpha 1 antitrypsin MS [Mass/volume] in Serum or Plasma,Test: Alpha 1 antitrypsin.MS | System: Ser/Plas | Units: g/L | Info: 
18281-6,Calcium [Moles/volume] corrected for total protein in Serum or Plasma,Test: Calcium^^corrected for total protein | System: Ser/Plas | Units: mmol/L | Info: 
1828-3,Alpha 1 antitrypsin MZ [Mass/volume] in Serum or Plasma,Test: Alpha 1 antitrypsin.MZ | System: Ser/Plas | Units: g/L | Info: 
1829-1,Alpha 1 antitrypsin SS [Mass/volume] in Serum or Plasma,Test: Alpha 1 antitrypsin.SS | System: Ser/Plas | Units: g/L | Info: 
1830-9,Alpha 1 antitrypsin SZ [Mass/volume] in Serum or Plasma,Test: Alpha 1 antitrypsin.SZ | System: Ser/Plas | Units: g/L | Info: 
1831-7,Alpha 1 antitrypsin ZZ [Mass/volume] in Serum or Plasma,Test: Alpha 1 antitrypsin.ZZ | System: Ser/Plas | Units: g/L | Info: 
1835-8,Alpha-2-Macroglobulin [Mass/volume] in Serum or Plasma,Test: Alpha-2-Macroglobulin | System: Ser/Plas | Units: g/L;mg/dL | Info: 
18361-6,Adenosine monophosphate.cyclic/Creatinine [Mass Ratio] in Urine,Test: Adenosine monophosphate.cyclic/Creatinine | System: Urine | Units: ng/g creatinine | Info: 
18362-4,Retinol binding protein [Mass/time] in 24 hour Urine,Test: Retinol binding protein | System: Urine | Units: mg/24 H | Info: 
18364-0,Chondroitin sulfate [Mass/volume] in Serum,Test: Chondroitin sulfate | System: Ser | Units: ug/L | Info: 
18365-7,Cortisol Free [Mass/volume] in Saliva (oral fluid),Test: Cortisol.free | System: Saliva | Units: ug/dL | Info: 
1836-6,Retinol binding protein [Mass/volume] in Serum or Plasma,Test: Retinol binding protein | System: Ser/Plas | Units: mg/dL | Info: 
18366-5,Cytochrome C oxidase [Enzymatic activity/mass] in Tissue,Test: Cytochrome C oxidase | System: Tiss | Units: nmol/min/mg protein | Info: 
18367-3,Iodine Free [Mass/volume] in Serum or Plasma,Test: Iodine.free | System: Ser/Plas | Units: ug/mL | Info: 
18370-7,Nitrite [Mass/volume] in Blood,Test: Nitrite | System: Bld | Units: ug/mL | Info: 
18372-3,Potassium [Moles/time] in 6 hour Urine,Test: Potassium | System: Urine | Units: mmol/6 H | Info: 
1837-4,Alpha-N-acetylglucosaminidase [Enzymatic activity/volume] in Serum or Plasma,Test: Alpha-N-acetylglucosaminidase | System: Ser/Plas | Units: nmol/h/mL | Info: 
18374-9,Riboflavin [Mass/volume] in 24 hour Urine,Test: Riboflavin | System: Urine | Units: ug/dL | Info: 
18376-4,Sodium [Moles/time] in 6 hour Urine,Test: Sodium | System: Urine | Units: mmol/6 H | Info: 
18378-0,Transcortin [Mass/volume] in Cerebral spinal fluid,Test: Transcortin | System: CSF | Units: mg/L | Info: 
18380-6,Uroporphyrinogen decarboxylase [Entitic Catalytic Activity] in Red Blood Cells,Test: Uroporphyrinogen decarboxylase | System: RBC | Units: U/10*10 cells | Info: 
18381-4,Uroporphyrinogen decarboxylase [Enzymatic activity/volume] in Blood,Test: Uroporphyrinogen decarboxylase | System: Bld | Units: arb U/L | Info: 
1838-2,Alpha-N-acetylglucosaminidase [Enzymatic activity/mass] in Tissue,Test: Alpha-N-acetylglucosaminidase | System: Tiss | Units: nmol/h/mg protein | Info: 
1839-0,Ammonia [Moles/volume] in Blood,Test: Ammonia | System: Bld | Units: umol/L | Info: 
1840-8,Ammonia [Moles/volume] in Cerebral spinal fluid,Test: Ammonia | System: CSF | Units: umol/L | Info: 
1842-4,Ammonia [Moles/volume] in Urine,Test: Ammonia | System: Urine | Units: umol/L | Info: 
1843-2,Ammonia nitrogen [Mass/time] in 24 hour Urine,Test: Ammonia nitrogen | System: Urine | Units: ug/24 H | Info: 
1844-0,Ammonium ion [Moles/volume] in Arterial blood,Test: Ammonium ion | System: BldA | Units: umol/L | Info: 
1845-7,Ammonium ion [Moles/volume] in Plasma,Test: Ammonium ion | System: Plas | Units: umol/L | Info: 
1846-5,"Amylo-alpha-1,6-glucosidase [Enzymatic activity/volume] in Red Blood Cells","Test: Amylo-alpha-1,6-glucosidase | System: RBC | Units: U/mL RBC | Info: "
18475-4,Phenylalanine/Creatinine [Molar ratio] in Urine,Test: Phenylalanine/Creatinine | System: Urine | Units: mmol/mol creatinine | Info: 
18487-9,Broad casts [#/area] in Urine sediment by Microscopy low power field,Test: Broad casts | System: Urine sed | Units: /LPF | Info: 
1849-9,Androstanolone [Mass/volume] in Semen,Test: Androstanolone | System: Semen | Units: pg/mL | Info: 
1850-7,Androstanediol [Mass/volume] in Urine,Test: Androstanediol | System: Urine | Units: ng/mL | Info: 
1851-5,Androstenedione [Mass/volume] in Amniotic fluid,Test: Androstenedione | System: Amnio fld | Units: ng/dL | Info: 
1852-3,Androstenedione [Mass/volume] in Capillary blood,Test: Androstenedione | System: BldC | Units: ng/dL | Info: 
1853-1,Androstenedione [Mass/volume] in Semen,Test: Androstenedione | System: Semen | Units: ng/dL | Info: 
1857-2,Angiotensin converting enzyme [Enzymatic activity/volume] in Blood,Test: Angiotensin converting enzyme | System: Bld | Units: arb U/L | Info: 
1859-8,Angiotensin II [Mass/volume] in Cerebral spinal fluid,Test: Angiotensin II | System: CSF | Units: pg/mL | Info: 
1861-4,Angiotensinogen [Mass/volume] in Plasma,Test: Angiotensinogen | System: Plas | Units: pg/mL | Info: 
1868-9,Antithrombin Ag [Mass/volume] in Platelet poor plasma by Immunoassay,Test: Antithrombin Ag | System: PPP | Units: mg/dL | Info: 
1870-5,Apolipoprotein A-II [Mass/volume] in Serum or Plasma,Test: Apolipoprotein A-II | System: Ser/Plas | Units: mg/dL | Info: 
1871-3,Apolipoprotein B-100 [Mass/volume] in Serum or Plasma,Test: Apolipoprotein B-100 | System: Ser/Plas | Units: mg/dL | Info: 
1872-1,Apolipoprotein B-150 [Mass/volume] in Serum or Plasma,Test: Apolipoprotein B-150 | System: Ser/Plas | Units: mg/dL | Info: 
1873-9,Apolipoprotein B-48 [Mass/volume] in Serum or Plasma,Test: Apolipoprotein B-48 | System: Ser/Plas | Units: mg/dL | Info: 
1874-7,Apolipoprotein B/Apolipoprotein A-I [Mass Ratio] in Serum or Plasma,Test: Apolipoprotein B/Apolipoprotein A-I | System: Ser/Plas | Units: Ratio | Info: 
1875-4,Apolipoprotein C-I [Mass/volume] in Serum or Plasma,Test: Apolipoprotein C-I | System: Ser/Plas | Units: mg/dL | Info: 
1876-2,Apolipoprotein C-II [Mass/volume] in Serum or Plasma,Test: Apolipoprotein C-II | System: Ser/Plas | Units: mg/dL | Info: 
1877-0,Apolipoprotein C-III [Mass/volume] in Serum or Plasma,Test: Apolipoprotein C-III | System: Ser/Plas | Units: mg/L | Info: 
1878-8,Apolipoprotein A-III [Mass/volume] in Serum or Plasma,Test: Apolipoprotein A-III | System: Ser/Plas | Units: mg/dL | Info: 
1879-6,Apolipoprotein E2 [Mass/volume] in Serum or Plasma,Test: Apolipoprotein E2 | System: Ser/Plas | Units: mg/L | Info: 
1880-4,Beta 2 glycoprotein 1 [Mass/volume] in Serum or Plasma,Test: Beta 2 glycoprotein 1 | System: Ser/Plas | Units: g/L | Info: 
1881-2,Apolipoprotein LPA [Mass/volume] in Serum or Plasma,Test: Apolipoprotein LPA | System: Ser/Plas | Units: mg/L | Info: 
1883-8,Apolipoprotein A [Mass/volume] in Serum or Plasma,Test: Apolipoprotein A | System: Ser/Plas | Units: g/L | Info: 
1885-3,Apolipoprotein C [Mass/volume] in Serum or Plasma,Test: Apolipoprotein C | System: Ser/Plas | Units: mg/dL | Info: 
1886-1,Apolipoprotein E [Mass/volume] in Serum or Plasma,Test: Apolipoprotein E | System: Ser/Plas | Units: mg/L | Info: 
1888-7,Aquacobalamin [Mass/volume] in Serum or Plasma,Test: Aquacobalamin | System: Ser/Plas | Units: pg/mL | Info: 
1890-3,Arginase [Enzymatic activity/volume] in Red Blood Cells,Test: Arginase | System: RBC | Units: U/mL RBC | Info: 
1898-6,Argininosuccinate lyase [Enzymatic activity/volume] in Serum,Test: Argininosuccinate lyase | System: Ser | Units: arb U/L | Info: 
1899-4,Argininosuccinate synthase [Enzymatic activity/mass] in Tissue,Test: Argininosuccinate synthase | System: Tiss | Units: nmol/min/mg protein | Info: 
1900-0,Arylamidase [Enzymatic activity/volume] in Serum,Test: Arylamidase | System: Ser | Units: arb U/L | Info: 
1901-8,Arylsulfatase [Enzymatic activity/volume] in Serum or Plasma,Test: Arylsulfatase | System: Ser/Plas | Units: arb U/L | Info: 
1902-6,Ascorbate [Mass/volume] in Blood,Test: Ascorbate | System: Bld | Units: mg/dL | Info: 
19049-6,Metanephrine [Mass/time] in 24 hour Urine,Test: Metanephrine | System: Urine | Units: ug/24 H | Info: 
19072-8,Calcium.ionized [Moles/volume] adjusted to pH 7.4 in Serum or Plasma,Test: Calcium.ionized^^adjusted to pH 7.4 | System: Ser/Plas | Units: mmol/L | Info: 
19074-4,Carnitine esters [Moles/volume] in Serum or Plasma,Test: Carnitine esters | System: Ser/Plas | Units: mcmol/dL; mcmol/L | Info: 
19123-9,Magnesium [Mass/volume] in Serum or Plasma,Test: Magnesium | System: Ser/Plas | Units: mg/dL | Info: 
19163-5,Cancer Ag 19-9 [Units/volume] in Pleural fluid,Test: Cancer Ag 19-9 | System: Plr fld | Units: kIU/L | Info: 
19164-3,Cancer Ag 72-4 [Units/volume] in Pleural fluid,Test: Cancer Ag 72-4 | System: Plr fld | Units: arb U/L | Info: 
19165-0,Cancer Ag 125 [Units/volume] in Pleural fluid,Test: Cancer Ag 125 | System: Plr fld | Units: arb U/L | Info: 
1916-6,Aspartate aminotransferase/Alanine aminotransferase [Enzymatic activity ratio] in Serum or Plasma,Test: Aspartate aminotransferase/Alanine aminotransferase | System: Ser/Plas | Units: U/U | Info: 
19168-4,Carcinoembryonic Ag [Units/volume] in Pleural fluid,Test: Carcinoembryonic Ag | System: Plr fld | Units: IU/L | Info: 
19172-6,Alpha-1-Fetoprotein [Units/volume] in Pleural fluid,Test: Alpha-1-Fetoprotein | System: Plr fld | Units: IU/mL | Info: 
1917-4,Aspartate aminotransferase [Enzymatic activity/volume] in Amniotic fluid,Test: Aspartate aminotransferase | System: Amnio fld | Units: arb U/L | Info: 
19174-2,Choriogonadotropin.beta subunit [Units/volume] in Amniotic fluid,Test: Choriogonadotropin.beta subunit | System: Amnio fld | Units: IU/L | Info: 
19178-3,Choriogonadotropin.beta subunit free [Units/volume] in Amniotic fluid,Test: Choriogonadotropin.beta subunit.free | System: Amnio fld | Units: mIU/mL | Info: 
19180-9,Choriogonadotropin.beta subunit free [Units/volume] in Serum or Plasma,Test: Choriogonadotropin.beta subunit.free | System: Ser/Plas | Units: IU/L | Info: 
1918-2,Aspartate aminotransferase [Enzymatic activity/volume] in Cerebral spinal fluid,Test: Aspartate aminotransferase | System: CSF | Units: arb U/L | Info: 
19182-5,Cytokeratin 19 [Units/volume] in Serum or Plasma,Test: Cytokeratin 19 | System: Ser/Plas | Units: arb U/L | Info: 
19183-3,Cytokeratin 19 [Units/volume] in Pleural fluid,Test: Cytokeratin 19 | System: Plr fld | Units: arb U/L | Info: 
19184-1,Tissue polypeptide specific Ag [Units/volume] in Serum or Plasma,Test: Tissue polypeptide specific Ag | System: Ser/Plas | Units: arb U/L | Info: 
19185-8,Tissue polypeptide specific Ag [Units/volume] in Pleural fluid,Test: Tissue polypeptide specific Ag | System: Plr fld | Units: arb U/L | Info: 
19186-6,Cancer Ag 15-3 [Units/volume] in Pleural fluid,Test: Cancer Ag 15-3 | System: Plr fld | Units: arb U/L | Info: 
19187-4,Cancer Ag 27-29 [Units/volume] in Pleural fluid,Test: Cancer Ag 27-29 | System: Plr fld | Units: arb U/L | Info: 
19188-2,Mucin-like carcinoma associated Ag [Units/volume] in Pleural fluid,Test: Mucin-like carcinoma associated Ag | System: Plr fld | Units: arb U/L | Info: 
19189-0,Cancer Ag 549 [Units/volume] in Serum or Plasma,Test: Cancer Ag 549 | System: Ser/Plas | Units: arb U/L | Info: 
1919-0,Aspartate aminotransferase [Enzymatic activity/volume] in Body fluid,Test: Aspartate aminotransferase | System: Body fld | Units: arb U/L | Info: 
19190-8,Cancer Ag 549 [Units/volume] in Pleural fluid,Test: Cancer Ag 549 | System: Plr fld | Units: arb U/L | Info: 
19194-0,Enolase.neuron specific [Units/volume] in Pleural fluid,Test: Enolase.neuron specific | System: Plr fld | Units: arb U/mL | Info: 
19198-1,Prostate specific Ag [Units/volume] in Semen,Test: Prostate specific Ag | System: Semen | Units: IU/L | Info: 
19204-7,Prostate Specific Ag Free [Units/volume] in Semen,Test: Prostate specific Ag.free | System: Semen | Units: IU/L | Info: 
19207-0,Squamous cell carcinoma Ag [Units/volume] in Serum or Plasma,Test: Squamous cell carcinoma Ag | System: Ser/Plas | Units: arb U/L | Info: 
1920-8,Aspartate aminotransferase [Enzymatic activity/volume] in Serum or Plasma,Test: Aspartate aminotransferase | System: Ser/Plas | Units: arb U/L | Info: 
19209-6,Squamous cell carcinoma Ag [Units/volume] in Pleural fluid,Test: Squamous cell carcinoma Ag | System: Plr fld | Units: arb U/L | Info: 
19211-2,Oxygen [Partial pressure] in Mixed venous blood,Test: Oxygen | System: BldMV | Units: mm Hg | Info: 
1921-6,Atrial natriuretic factor [Mass/volume] in Arterial blood,Test: Atrial natriuretic factor | System: BldA | Units: pg/mL | Info: 
1922-4,Base deficit in Arterial blood,Test: Base deficit | System: BldA | Units: mmol/L | Info: 
19229-4,Bicarbonate [Moles/volume] in Mixed venous blood,Test: Bicarbonate | System: BldMV | Units: mmol/L | Info: 
1923-2,Base deficit in Capillary blood,Test: Base deficit | System: BldC | Units: mmol/L | Info: 
19234-4,Base excess in Mixed venous blood by calculation,Test: Base excess | System: BldMV | Units: mmol/L | Info: 
19239-3,Lactate [Moles/volume] in Capillary blood,Test: Lactate | System: BldC | Units: mmol/L | Info: 
1924-0,Base deficit in Venous blood,Test: Base deficit | System: BldV | Units: mmol/L | Info: 
19240-1,Lactate [Moles/volume] in Mixed venous blood,Test: Lactate | System: BldMV | Units: mmol/L | Info: 
19248-4,Lactate dehydrogenase 2 [Enzymatic activity/volume] in Serum or Plasma by Electrophoresis,Test: Lactate dehydrogenase 2 | System: Ser/Plas | Units: arb U/L | Info: 
19250-0,Lipoprotein.alpha [Mass/volume] in Pleural fluid,Test: Lipoprotein.alpha | System: Plr fld | Units: mg/dL | Info: 
1925-7,Base excess in Arterial blood by calculation,Test: Base excess | System: BldA | Units: mmol/L | Info: 
19257-5,Oxygen [Partial pressure] adjusted to patient's actual temperature in Mixed venous blood,Test: Oxygen^^adjusted to patient's actual temperature | System: BldMV | Units: mm Hg | Info: 
19258-3,Oxygen [Partial pressure] adjusted to patient's actual temperature in Venous blood,Test: Oxygen^^adjusted to patient's actual temperature | System: BldV | Units: mm Hg | Info: 
1926-5,Base excess in Capillary blood by calculation,Test: Base excess | System: BldC | Units: mmol/L | Info: 
1927-3,Base excess in Venous blood by calculation,Test: Base excess | System: BldV | Units: mmol/L | Info: 
1937-2,Beta endorphin [Mass/volume] in Serum or Plasma,Test: Beta endorphin | System: Ser/Plas | Units: pg/mL | Info: 
1938-0,Beta fructofuranosidase [Enzymatic activity/volume] in Red Blood Cells,Test: Beta fructofuranosidase | System: RBC | Units: U/mL RBC | Info: 
1939-8,Beta fructofuranosidase [Enzymatic activity/volume] in Serum,Test: Beta fructofuranosidase | System: Ser | Units: arb U/L | Info: 
1940-6,Beta galactosidase [Enzymatic activity/volume] in Red Blood Cells,Test: Beta galactosidase | System: RBC | Units: U/mL RBC | Info: 
1941-4,Beta galactosidase [Enzymatic activity/volume] in Serum or Plasma,Test: Beta galactosidase | System: Ser/Plas | Units: nmol/h/mL | Info: 
1942-2,Beta galactosidase [Enzymatic activity/mass] in Tissue,Test: Beta galactosidase | System: Tiss | Units: umol/h/mg protein | Info: 
1944-8,Beta glucuronidase [Enzymatic activity/mass] in Tissue,Test: Beta glucuronidase | System: Tiss | Units: nmol/h/mg protein | Info: 
1945-5,Beta glucuronidase [Enzymatic activity/volume] in Urine,Test: Beta glucuronidase | System: Urine | Units: umol/h/L | Info: 
1950-5,Beta melanocyte stimulating hormone [Mass/volume] in Serum or Plasma,Test: Beta melanocyte stimulating hormone | System: Ser/Plas | Units: pg/mL | Info: 
1951-3,Beta-2-Microglobulin [Mass/volume] in Cerebral spinal fluid,Test: Beta-2-Microglobulin | System: CSF | Units: ug/mL | Info: 
1954-7,Beta-N-acetylhexosaminidase [Enzymatic activity/volume] in Serum or Plasma,Test: Beta-N-acetylhexosaminidase | System: Ser/Plas | Units: nmol/hr/mL;nmol/mL/H; units/L | Info: 
1955-4,Beta-N-acetylhexosaminidase [Enzymatic activity/mass] in Tissue,Test: Beta-N-acetylhexosaminidase | System: Tiss | Units: U/g protein | Info: 
1956-2,Beta-N-acetylhexosaminidase.A [Enzymatic activity/volume] in Serum or Plasma,Test: Beta-N-acetylhexosaminidase.A | System: Ser/Plas | Units: nmol/mL/H | Info: 
1957-0,Beta-N-acetylhexosaminidase.B [Enzymatic activity/volume] in Serum or Plasma,Test: Beta-N-acetylhexosaminidase.B | System: Ser/Plas | Units: nmol/h/mL | Info: 
1958-8,Beta-N-acetylhexosaminidase.I [Enzymatic activity/volume] in Serum,Test: Beta-N-acetylhexosaminidase.I | System: Ser | Units: nmol/h/mL | Info: 
1959-6,Bicarbonate [Moles/volume] in Blood,Test: Bicarbonate | System: Bld | Units: mmol/L | Info: 
1960-4,Bicarbonate [Moles/volume] in Arterial blood,Test: Bicarbonate | System: BldA | Units: mmol/L | Info: 
1961-2,Bicarbonate [Moles/volume] in Capillary blood,Test: Bicarbonate | System: BldC | Units: mmol/L | Info: 
1963-8,Bicarbonate [Moles/volume] in Serum or Plasma,Test: Bicarbonate | System: Ser/Plas | Units: mmol/L | Info: 
1967-9,Bile acid [Mass/volume] in Serum,Test: Bile acid | System: Ser | Units: ug/dL | Info: 
1969-5,Bilirubin.total renal clearance in 24 hour Urine and Serum or Plasma,Test: Bilirubin renal clearance | System: Urine+Ser/Plas | Units: mL/min | Info: 
1972-9,Bilirubin.total [Mass/volume] in Amniotic fluid,Test: Bilirubin | System: Amnio fld | Units: mg/dL | Info: 
1973-7,Bilirubin.total [Mass/volume] in Cerebral spinal fluid,Test: Bilirubin | System: CSF | Units: mg/dL | Info: 
1974-5,Bilirubin.total [Mass/volume] in Body fluid,Test: Bilirubin | System: Body fld | Units: mg/dL | Info: 
1978-6,Bilirubin.total [Mass/volume] in Urine,Test: Bilirubin | System: Urine | Units: mg/dL | Info: 
1979-4,Biopterin [Mass/volume] in 24 hour Urine,Test: Biopterin | System: Urine | Units: ug/dL | Info: 
1980-2,Biotin [Mass/volume] in Serum or Plasma,Test: Biotin | System: Ser/Plas | Units: pg/mL | Info: 
1982-8,Biotinidase [Enzymatic activity/volume] in Serum or Plasma,Test: Biotinidase | System: Ser/Plas | Units: arb U/L | Info: 
1983-6,Bradykinin [Mass/volume] in Serum or Plasma,Test: Bradykinin | System: Ser/Plas | Units: ng/mL | Info: 
1987-7,C peptide [Mass/volume] in Urine,Test: C peptide | System: Urine | Units: ng/mL | Info: 
1993-5,Calcium renal clearance in 24 hour Urine and Serum or Plasma,Test: Calcium renal clearance | System: Urine+Ser/Plas | Units: mL/min | Info: 
1994-3,Calcium.ionized [Moles/volume] in Blood,Test: Calcium.ionized | System: Bld | Units: mmol/L | Info: 
1996-8,Calcium [Moles/volume] in Blood,Test: Calcium | System: Bld | Units: mmol/L;mEq/L | Info: 
1997-6,Calcium [Moles/volume] in Cerebral spinal fluid,Test: Calcium | System: CSF | Units: mmol/L | Info: 
1998-4,Calcium [Moles/volume] in Dialysis fluid,Test: Calcium | System: Dial fld | Units: mmol/L | Info: 
1999-2,Calcium [Moles/volume] in Semen,Test: Calcium | System: Semen | Units: mmol/L | Info: 
2001-6,Calcium [Moles/volume] in 24 hour Stool,Test: Calcium | System: Stool | Units: mmol/L | Info: 
2016-4,Carbamoyl phosphate synthetase [Enzymatic activity/volume] in Serum,Test: Carbamoyl phosphate synthetase | System: Ser | Units: arb U/L | Info: 
2017-2,Carbamoyl phosphate synthetase (ammonia) [Enzymatic activity/mass] in Tissue,Test: Carbamoyl phosphate synthetase(ammonia) | System: Tiss | Units: umol/h/mg protein | Info: 
2018-0,Carbon dioxide [Partial pressure] in Amniotic fluid,Test: Carbon dioxide | System: Amnio fld | Units: mm Hg | Info: 
2019-8,Carbon dioxide [Partial pressure] in Arterial blood,Test: Carbon dioxide | System: BldA | Units: mm Hg | Info: 
2021-4,Carbon dioxide [Partial pressure] in Venous blood,Test: Carbon dioxide | System: BldV | Units: mm Hg | Info: 
2023-0,Carbon dioxide [Partial pressure] in Body fluid,Test: Carbon dioxide | System: Body fld | Units: mm Hg | Info: 
2024-8,Carbon dioxide dissolved [Moles/volume] in Plasma,Test: Carbon dioxide.dissolved | System: Plas | Units: nmol/L | Info: 
2025-5,Carbon dioxide dissolved [Moles/volume] in Red Blood Cells,Test: Carbon dioxide.dissolved | System: RBC | Units: nmol/L | Info: 
2028-9,"Carbon dioxide, total [Moles/volume] in Serum or Plasma",Test: Carbon dioxide | System: Ser/Plas | Units: mmol/L | Info: 
2030-5,Carboxyhemoglobin/Hemoglobin.total in Arterial blood,Test: Carboxyhemoglobin/Hemoglobin.total | System: BldA | Units: % | Info: 
2031-3,Carboxyhemoglobin/Hemoglobin.total in Capillary blood,Test: Carboxyhemoglobin/Hemoglobin.total | System: BldC | Units: % | Info: 
2032-1,Carboxyhemoglobin/Hemoglobin.total in Venous blood,Test: Carboxyhemoglobin/Hemoglobin.total | System: BldV | Units: % | Info: 
2036-2,Carbonate dehydratase [Enzymatic activity/volume] in Red Blood Cells,Test: Carbonate dehydratase | System: RBC | Units: U/mL RBC | Info: 
2037-0,Carcinoembryonic Ag [Mass/volume] in Cerebral spinal fluid,Test: Carcinoembryonic Ag | System: CSF | Units: ng/mL | Info: 
2038-8,Carcinoembryonic Ag [Mass/volume] in Semen,Test: Carcinoembryonic Ag | System: Semen | Units: ng/mL | Info: 
2041-2,Carnitine acyltransferase [Enzymatic activity/volume] in Serum or Plasma,Test: Carnitine acyltransferase | System: Ser/Plas | Units: arb U/L | Info: 
20415-6,Choriogonadotropin.beta subunit [Units/volume] in Serum or Plasma by Immunoassay (EIA) 3rd IS,Test: Choriogonadotropin.beta subunit | System: Ser/Plas | Units: mIU/mL | Info: 
20426-3,Alkaline phosphatase.bile [Enzymatic activity/volume] in Serum or Plasma,Test: Alkaline phosphatase.bile | System: Ser/Plas | Units: arb U/L | Info: 
20468-5,Thiamine [Moles/volume] in Serum or Plasma,Test: Thiamine | System: Ser/Plas | Units: umol/L;nmol/L | Info: 
20499-0,Phosphatidylglycerol/Surfactant.total in Amniotic fluid,Test: Phosphatidylglycerol/Surfactant.total | System: Amnio fld | Units: % | Info: 
2052-9,Carotene [Mass/volume] in Blood,Test: Carotene | System: Bld | Units: ug/dL | Info: 
2054-5,Catalase [Enzymatic activity/volume] in Red Blood Cells,Test: Catalase | System: RBC | Units: U/mL RBC | Info: 
2055-2,Catecholamines [Mass/volume] in Blood,Test: Catecholamines | System: Bld | Units: ug/L | Info: 
2056-0,Catecholamines [Mass/volume] in Plasma,Test: Catecholamines | System: Plas | Units: pg/mL | Info: 
20563-3,Carboxyhemoglobin/Hemoglobin.total in Blood,Test: Carboxyhemoglobin/Hemoglobin.total | System: Bld | Units: % | Info: 
20565-8,"Carbon dioxide, total [Moles/volume] in Blood",Test: Carbon dioxide | System: Bld | Units: mmol/L | Info: 
2060-2,Cerebroside sulfatase [Enzymatic activity/mass] in Tissue,Test: Cerebroside sulfatase | System: Tiss | Units: nmol/h/mg protein | Info: 
2061-0,Cerebroside sulfatase [Enzymatic activity/volume] in Urine,Test: Cerebroside sulfatase | System: Urine | Units: arb U/L | Info: 
2064-4,Ceruloplasmin [Mass/volume] in Serum or Plasma,Test: Ceruloplasmin | System: Ser/Plas | Units: mg/L;mg/dL | Info: 
20681-3,Alpha tocopherol [Mass/mass] in Tissue,Test: Alpha tocopherol | System: Tiss | Units: mg/g | Info: 
20683-9,Ammonia [Mass/volume] in Ingesta,Test: Ammonia | System: Ingesta | Units: ug/dL | Info: 
2068-5,Chloride [Moles/volume] in Amniotic fluid,Test: Chloride | System: Amnio fld | Units: mmol/L | Info: 
2069-3,Chloride [Moles/volume] in Blood,Test: Chloride | System: Bld | Units: mmol/L | Info: 
2070-1,Chloride [Moles/volume] in Cerebral spinal fluid,Test: Chloride | System: CSF | Units: mmol/L | Info: 
2071-9,Chloride [Moles/volume] in Dialysis fluid,Test: Chloride | System: Dial fld | Units: mmol/L | Info: 
2072-7,Chloride [Moles/volume] in Body fluid,Test: Chloride | System: Body fld | Units: mmol/L | Info: 
2073-5,Chloride [Moles/volume] in Red Blood Cells,Test: Chloride | System: RBC | Units: mmol/L | Info: 
2074-3,Chloride [Moles/volume] in Saliva (oral fluid),Test: Chloride | System: Saliva | Units: mmol/L | Info: 
2075-0,Chloride [Moles/volume] in Serum or Plasma,Test: Chloride | System: Ser/Plas | Units: mmol/L | Info: 
20758-9,Cholinesterase [Enzymatic activity/mass] in Brain,Test: Cholinesterase | System: Brain | Units: U/g Hb | Info: 
2077-6,Chloride [Moles/volume] in Sweat,Test: Chloride | System: Sweat | Units: mmol/L | Info: 
2078-4,Chloride [Moles/volume] in Urine,Test: Chloride | System: Urine | Units: mmol/L | Info: 
2081-8,Cholecystokinin [Mass/volume] in Plasma,Test: Cholecystokinin | System: Plas | Units: pg/mL | Info: 
2082-6,Cholestanol [Mass/volume] in Serum or Plasma,Test: Cholestanol | System: Ser/Plas | Units: ug/mL | Info: 
20831-4,Glycolate [Mass/mass] in Tissue,Test: Glycolate | System: Tiss | Units: ug/g | Info: 
2083-4,Cholesterol esterase [Enzymatic activity/volume] in Serum,Test: Cholesterol esterase | System: Ser | Units: arb U/L | Info: 
20855-3,IgG.bovine [Mass/volume] in Serum by Immune diffusion (ID),Test: IgG.bovine | System: Ser | Units: mg/dL | Info: 
20856-1,IgG.equine [Mass/volume] in Body fluid from Fetus by Immune diffusion (ID),Test: IgG.equine | System: Body Fld^Fetus | Units: mg/dL | Info: 
20857-9,IgG.equine [Mass/volume] in Colostrum by Immune diffusion (ID),Test: IgG.equine | System: Col | Units: mg/dL | Info: 
20872-8,Magnesium [Mass/volume] in Ocular fluid,Test: Magnesium | System: Ocular fld | Units: mg/dL | Info: 
2087-5,Cholesterol in IDL [Mass/volume] in Serum or Plasma,Test: Cholesterol.in IDL | System: Ser/Plas | Units: mg/dL | Info: 
20927-0,Oxalate [Mass/mass] in Tissue,Test: Oxalate | System: Tiss | Units: mg/kg | Info: 
20928-8,Oxalate [Mass/mass] in Plant,Test: Oxalate | System: Plant | Units: mg/kg | Info: 
2094-1,Cholesterol.non-esterified [Mass/volume] in Serum or Plasma,Test: Cholesterol.non-esterified | System: Ser/Plas | Units: mg/dL | Info: 
20946-0,Retinol [Mass/mass] in Liver,Test: Retinol | System: Liver | Units: ug/g | Info: 
20947-8,Retinol [Mass/mass] in Feed,Test: Retinol | System: Feed | Units: ug/g | Info: 
20948-6,Retinol [Mass/mass] in Tissue,Test: Retinol | System: Tiss | Units: ug/g | Info: 
2095-8,Cholesterol in HDL/Cholesterol.total [Mass Ratio] in Serum or Plasma,Test: Cholesterol.in HDL/Cholesterol.total | System: Ser/Plas | Units: ratio | Info: 
20973-4,Sulfate [Mass/volume] in Gastric fluid,Test: Sulfate | System: Gast fld | Units: mg/dL | Info: 
2097-4,Cholinesterase [Enzymatic activity/volume] in Amniotic fluid,Test: Cholinesterase | System: Amnio fld | Units: arb U/mL | Info: 
20974-2,Sulfate [Mass/volume] in Serum or Plasma,Test: Sulfate | System: Ser/Plas | Units: mg/dL | Info: 
20977-5,Urea [Mass/volume] in Blood,Test: Urea | System: Bld | Units: mg/dL | Info: 
20978-3,Urea [Mass/volume] in Gastric fluid,Test: Urea | System: Gast fld | Units: mg/dL | Info: 
20979-1,Urea [Mass/mass] in Feed,Test: Urea | System: Feed | Units: ug/g | Info: 
2098-2,Cholinesterase [Enzymatic activity/volume] in Serum or Plasma,Test: Cholinesterase | System: Ser/Plas | Units: U/L; U/mL | Info: 
2100-6,Cholylglycine [Mass/volume] in Serum,Test: Cholylglycine | System: Ser | Units: ug/dL | Info: 
2101-4,Cholylglycine.conjugated [Mass/volume] in Serum,Test: Cholylglycine.conjugated | System: Ser | Units: ug/dL | Info: 
2102-2,Chondroitin sulfate [Mass/volume] in Urine,Test: Chondroitin sulfate | System: Urine | Units: ug/L | Info: 
2103-0,Choriomammotropin [Mass/volume] in Amniotic fluid,Test: Choriomammotropin | System: Amnio fld | Units: ug/mL | Info: 
21034-4,11-Deoxycortisol [Mass/volume] in Serum or Plasma --evening specimen,Test: 11-Deoxycortisol^evening specimen | System: Ser/Plas | Units: ug/dL | Info: 
21044-3,5-Alpha tetrahydrocortisol [Mass/time] in 24 hour Urine,Test: 5-Alpha tetrahydrocortisol | System: Urine | Units: ug/24 H | Info: 
2104-8,Choriomammotropin [Mass/volume] in Serum,Test: Choriomammotropin | System: Ser | Units: ug/mL | Info: 
2105-5,Choriogonadotropin [Moles/volume] in Semen,Test: Choriogonadotropin | System: Semen | Units: mmol/L | Info: 
21058-3,Albumin [Mass/volume] in Serum or Plasma --2 hours post peritoneal dialysis,Test: Albumin^2H post peritoneal dialysis | System: Ser/Plas | Units: g/dL | Info: 
21064-1,Acid alpha glucosidase [Enzymatic activity/volume] in Amniotic fluid,Test: Acid alpha glucosidase | System: Amnio fld | Units: nmol/mL/h | Info: 
2107-1,Choriogonadotropin [Moles/volume] in Urine,Test: Choriogonadotropin | System: Urine | Units: mmol/L | Info: 
2109-7,Choriogonadotropin.alpha subunit [Moles/volume] in Serum or Plasma,Test: Choriogonadotropin.alpha subunit | System: Ser/Plas | Units: mmol/L | Info: 
21108-6,Beta 2 glycoprotein 1 IgA Ab [Units/volume] in Serum,Test: Beta 2 glycoprotein 1 Ab.IgA | System: Ser | Units: arb U/mL | Info: 
21110-2,Beta-N-acetylhexosaminidase.B/Beta-n-acetylhexosaminidase.total in Blood,Test: Beta-N-acetylhexosaminidase.B/Beta-N-acetylhexosaminidase.total | System: Bld | Units: % | Info: 
21111-0,Beta-N-acetylhexosaminidase.B/Beta-n-acetylhexosaminidase.total in Serum or Plasma,Test: Beta-N-acetylhexosaminidase.B/Beta-N-acetylhexosaminidase.total | System: Ser/Plas | Units: % | Info: 
2113-9,Choriogonadotropin.beta subunit [Mass/time] in 24 hour Urine,Test: Choriogonadotropin.beta subunit | System: Urine | Units: ng/24 H | Info: 
2117-0,Choriogonadotropin.intact [Moles/volume] in Serum or Plasma,Test: Choriogonadotropin.intact | System: Ser/Plas | Units: mmol/L | Info: 
21197-9,Cholesterol esters/Cholesterol.total in Serum or Plasma,Test: Cholesterol esters/Cholesterol.total | System: Ser/Plas | Units: % | Info: 
21215-9,Collagen crosslinked N-telopeptide [Moles/volume] in Serum,Test: Collagen crosslinked N-telopeptide | System: Ser | Units: nmol BCE/L | Info: 
21232-4,Creatinine [Mass/volume] in Arterial blood,Test: Creatinine | System: BldA | Units: mg/dL | Info: 
2123-8,Chymotrypsin [Enzymatic activity/volume] in Body fluid,Test: Chymotrypsin | System: Body fld | Units: arb U/L | Info: 
2124-6,Chymotrypsin [Mass/volume] in Serum or Plasma,Test: Chymotrypsin | System: Ser/Plas | Units: ug/L | Info: 
21249-8,Dolichol [Mass/volume] in Urine,Test: Dolichol | System: Urine | Units: ng/mL | Info: 
2126-1,Citrate [Mass/volume] in Semen,Test: Citrate | System: Semen | Units: ug/mL | Info: 
21263-9,Estradiol (E2) [Mass/time] in 24 hour Urine,Test: Estradiol | System: Urine | Units: ng/24 H | Info: 
21264-7,Estriol (E3).unconjugated [Multiple of the median] adjusted in Serum or Plasma,Test: Estriol.unconjugated^^adjusted | System: Ser/Plas | Units: M.o.M | Info: 
2133-7,Collagenase [Enzymatic activity/volume] in Serum,Test: Collagenase | System: Ser | Units: arb U/L | Info: 
21365-2,Leptin [Mass/volume] in Serum or Plasma,Test: Leptin | System: Ser/Plas | Units: ug/L;ng/mL | Info: 
21377-7,Magnesium [Mass/volume] in Blood,Test: Magnesium | System: Bld | Units: mg/dL | Info: 
21380-1,Prolactin [Mass/time] in 24 hour Urine,Test: Prolactin | System: Urine | Units: ug/24 H | Info: 
2138-6,Coproporphyrinogen oxidase [Enzymatic activity/volume] in Serum,Test: Coproporphyrinogen oxidase | System: Ser | Units: arb U/L | Info: 
2139-4,Corticosterone [Mass/volume] in Serum or Plasma,Test: Corticosterone | System: Ser/Plas | Units: ug/dL | Info: 
21413-0,N-Acetylgalactosamine-4-Sulfatase [Enzymatic activity/volume] in Urine,Test: N-Acetylgalactosamine-4-Sulfatase | System: Urine | Units: ug/mL/H | Info: 
2142-8,Cortisol [Mass/volume] in Saliva (oral fluid),Test: Cortisol | System: Saliva | Units: ug/dL | Info: 
21435-3,Osteocalcin.bovine [Mass/volume] in Serum or Plasma,Test: Osteocalcin.bovine | System: Ser/Plas | Units: ng/mL | Info: 
2151-9,Creatine kinase [Enzymatic activity/volume] in Cerebral spinal fluid,Test: Creatine kinase | System: CSF | Units: arb U/L | Info: 
2152-7,Creatine kinase.BB [Enzymatic activity/volume] in Serum or Plasma by Electrophoresis,Test: Creatine kinase.BB | System: Ser/Plas | Units: arb U/L | Info: 
2153-5,Creatine kinase.macromolecular [Enzymatic activity/volume] in Serum or Plasma,Test: Creatine kinase.macromolecular | System: Ser/Plas | Units: arb U/L | Info: 
21536-8,Acid sphingomyelinase [Enzymatic activity/volume] in Blood,Test: Acid sphingomyelinase | System: Bld | Units: umol/L/h | Info: 
2155-0,Creatine kinase.MM [Enzymatic activity/volume] in Serum or Plasma by Electrophoresis,Test: Creatine kinase.MM | System: Ser/Plas | Units: arb U/L | Info: 
21555-8,Testosterone [Mass/volume] adjusted for sex hormone binding globulin in Serum or Plasma,Test: Testosterone^^adjusted for sex hormone binding globulin | System: Ser/Plas | Units: ng/dL | Info: 
21563-2,Thiopurine methyltransferase [Enzymatic activity/volume] in Red Blood Cells,Test: Thiopurine methyltransferase | System: RBC | Units: U/mL RBC | Info: 
21564-0,Thiosulfate [Mass/volume] in Serum or Plasma,Test: Thiosulfate | System: Ser/Plas | Units: ug/mL | Info: 
2156-8,Creatine kinase [Enzymatic activity/volume] in Amniotic fluid,Test: Creatine kinase | System: Amnio fld | Units: arb U/L | Info: 
21572-3,Transferrin.carbohydrate deficient.asialo/Transferrin.total in Serum or Plasma,Test: Transferrin.carbohydrate deficient.asialo/Transferrin.total | System: Ser/Plas | Units: % | Info: 
21573-1,Transferrin.carbohydrate deficient.disialo/Transferrin.total in Serum or Plasma,Test: Transferrin.carbohydrate deficient.disialo/Transferrin.total | System: Ser/Plas | Units: % | Info: 
21574-9,Transferrin.carbohydrate deficient.monosialo/Transferrin.total in Serum or Plasma,Test: Transferrin.carbohydrate deficient.monosialo/Transferrin.total | System: Ser/Plas | Units: % | Info: 
21575-6,Transferrin.carbohydrate deficient.pentasialo/Transferrin.total in Serum or Plasma,Test: Transferrin.carbohydrate deficient.pentasialo/Transferrin.total | System: Ser/Plas | Units: % | Info: 
2157-6,Creatine kinase [Enzymatic activity/volume] in Serum or Plasma,Test: Creatine kinase | System: Ser/Plas | Units: arb U/L | Info: 
21576-4,Transferrin.carbohydrate deficient.tetrasialo/Transferrin.total in Serum or Plasma,Test: Transferrin.carbohydrate deficient.tetrasialo/Transferrin.total | System: Ser/Plas | Units: % | Info: 
21577-2,Transferrin.carbohydrate deficient.trisialo/Transferrin.total in Serum or Plasma,Test: Transferrin.carbohydrate deficient.trisialo/Transferrin.total | System: Ser/Plas | Units: % | Info: 
2158-4,Creatine kinase.total/Creatine kinase.MB [Enzymatic activity ratio] in Serum or Plasma,Test: Creatine kinase.total/Creatine kinase.MB | System: Ser/Plas | Units: U/U | Info: 
2169-1,Cobalamin (Vitamin B12) renal clearance in 24 hour Urine and Serum or Plasma,Test: Cobalamins renal clearance | System: Urine+Ser/Plas | Units: mL/min | Info: 
2177-4,Cystine [Mass/volume] in Serum or Plasma,Test: Cystine | System: Ser/Plas | Units: mg/dL | Info: 
2180-8,Cystine+Cysteine [Mass/volume] in Serum or Plasma,Test: Cystine+Cysteine | System: Ser/Plas | Units: mg/dL | Info: 
2181-6,Cystinyl aminopeptidase [Enzymatic activity/volume] in Serum,Test: Cystinyl aminopeptidase | System: Ser | Units: arb U/L | Info: 
2182-4,Cytochrome B reductase [Enzymatic activity/volume] in Amniotic fluid,Test: Cytochrome B reductase | System: Amnio fld | Units: arb U/L | Info: 
2183-2,Cytochrome B5 reductase [Enzymatic activity/volume] in Serum,Test: Cytochrome B5 reductase | System: Ser | Units: arb U/L | Info: 
2184-0,Cytochrome C oxidase [Enzymatic activity/volume] in Plasma,Test: Cytochrome C oxidase | System: Plas | Units: arb U/L | Info: 
2187-3,Cytosol aminopeptidase [Enzymatic activity/volume] in Serum or Plasma,Test: Cytosol aminopeptidase | System: Ser/Plas | Units: arb U/mL | Info: 
2189-9,Cytosol aminopeptidase [Enzymatic activity/volume] in Urine,Test: Cytosol aminopeptidase | System: Urine | Units: arb U/mL | Info: 
2190-7,Dehydroepiandrosterone sulfate (DHEA-S) [Mass/volume] in Amniotic fluid,Test: Dehydroepiandrosterone sulfate | System: Amnio fld | Units: mg/L | Info: 
2196-4,Dehydroepiandrosterone (DHEA).unconjugated [Mass/volume] in Serum or Plasma,Test: Dehydroepiandrosterone.unconjugated | System: Ser/Plas | Units: mg/L | Info: 
2197-2,Dehydroepiandrosterone (DHEA).unconjugated [Mass/time] in 24 hour Urine,Test: Dehydroepiandrosterone.unconjugated | System: Urine | Units: ng/24 H | Info: 
2198-0,Delta aminolevulinate [Mass/volume] in Plasma,Test: Delta aminolevulinate | System: Plas | Units: mg/L | Info: 
2199-8,Delta aminolevulinate [Mass/volume] in Serum,Test: Delta aminolevulinate | System: Ser | Units: mg/L | Info: 
2210-3,Dihydrolipoamide acetyl transferase [Enzymatic activity/mass] in Tissue,Test: Dihydrolipoamide acetyl transferase | System: Tiss | Units: U/g | Info: 
2211-1,Dihydrolipoamide dehydrogenase [Enzymatic activity/mass] in Tissue,Test: Dihydrolipoamide dehydrogenase | System: Tiss | Units: U/g | Info: 
2212-9,Dihydropteridine reductase [Enzymatic activity/volume] in Serum,Test: Dihydropteridine reductase | System: Ser | Units: arb U/L | Info: 
2219-4,Dopamine beta-hydroxylase [Enzymatic activity/volume] in Serum or Plasma,Test: Dopamine beta-hydroxylase | System: Ser/Plas | Units: arb U/L | Info: 
2220-2,Elastase.pancreatic Free [Enzymatic activity/volume] in Serum,Test: Elastase.pancreatic.free | System: Ser | Units: arb U/L | Info: 
2222-8,Elastase.pancreatic 2 [Enzymatic activity/volume] in Serum,Test: Elastase.pancreatic 2 | System: Ser | Units: arb U/L | Info: 
2223-6,Elastase.leukocyte [Enzymatic activity/volume] in Plasma,Test: Elastase.leukocyte | System: Plas | Units: arb U/L | Info: 
2224-4,Enolase [Enzymatic activity/volume] in Serum,Test: Enolase | System: Ser | Units: arb U/L | Info: 
2226-9,Enteroglucagon [Mass/volume] in Serum,Test: Enteroglucagon | System: Ser | Units: pg/mL | Info: 
2227-7,Enteropeptidase [Enzymatic activity/volume] in Plasma,Test: Enteropeptidase | System: Plas | Units: arb U/L | Info: 
2229-3,Epiandrosterone [Mass/volume] in Serum or Plasma,Test: Epiandrosterone | System: Ser/Plas | Units: mg/L | Info: 
2233-5,Epitestosterone [Mass/volume] in Serum or Plasma,Test: Epitestosterone | System: Ser/Plas | Units: ng/dL | Info: 
2235-0,Epitestosterone [Mass/volume] in Urine,Test: Epitestosterone | System: Urine | Units: ng/dL | Info: 
2236-8,Calciferol (Vit D2) [Mass/volume] in Serum or Plasma,Test: Calciferol | System: Ser/Plas | Units: pg/mL | Info: 
2238-4,Estradiol (E2) [Mass/volume] in Saliva (oral fluid),Test: Estradiol | System: Saliva | Units: pg/mL | Info: 
2239-2,Estradiol (E2) [Mass/volume] in Semen,Test: Estradiol | System: Semen | Units: pg/mL | Info: 
2240-0,Estradiol (E2) Free [Mass/volume] in Serum or Plasma,Test: Estradiol.free | System: Ser/Plas | Units: pg/mL | Info: 
2241-8,Estradiol (E2) Free [Moles/mass] in Tissue,Test: Estradiol.free | System: Tiss | Units: umol/g | Info: 
2245-9,Estradiol (E2) [Moles/mass] in Tissue,Test: Estradiol | System: Tiss | Units: umol/g | Info: 
2248-3,Estriol (E3) [Mass/volume] in Amniotic fluid,Test: Estriol | System: Amnio fld | Units: ng/mL | Info: 
2249-1,Estriol (E3).unconjugated [Mass/volume] in Amniotic fluid,Test: Estriol.unconjugated | System: Amnio fld | Units: ng/mL | Info: 
2254-1,Estrogen [Mass/volume] in Serum or Plasma,Test: Estrogen | System: Ser/Plas | Units: pg/mL | Info: 
2255-8,Estrogen [Mass/volume] in Urine,Test: Estrogen | System: Urine | Units: ng/mL | Info: 
2257-4,Estrone (E1) [Mass/volume] in Semen,Test: Estrone | System: Semen | Units: ng/dL | Info: 
2258-2,Estrone (E1) [Mass/volume] in Serum or Plasma,Test: Estrone | System: Ser/Plas | Units: pg/mL | Info: 
2259-0,Estrone (E1) [Mass/volume] in Urine,Test: Estrone | System: Urine | Units: ng/dL | Info: 
2260-8,Estrone (E1).unconjugated [Mass/volume] in Amniotic fluid,Test: Estrone.unconjugated | System: Amnio fld | Units: ng/dL | Info: 
2261-6,Estrone (E1).unconjugated [Mass/volume] in Serum or Plasma,Test: Estrone.unconjugated | System: Ser/Plas | Units: pg/mL | Info: 
2262-4,Estrone (E1).unconjugated [Mass/time] in 24 hour Urine,Test: Estrone.unconjugated | System: Urine | Units: ng/24 H | Info: 
2263-2,Ethanolamine [Mass/volume] in Serum or Plasma,Test: Ethanolamine | System: Ser/Plas | Units: mg/dL | Info: 
2264-0,Ethanolamine [Mass/volume] in Urine,Test: Ethanolamine | System: Urine | Units: mg/dL | Info: 
22641-5,Glutamine [Moles/volume] in Cerebral spinal fluid,Test: Glutamine | System: CSF | Units: umol/L | Info: 
22642-3,Tyrosine [Moles/volume] in Cerebral spinal fluid,Test: Tyrosine | System: CSF | Units: umol/L | Info: 
22643-1,Threonine [Moles/volume] in Cerebral spinal fluid,Test: Threonine | System: CSF | Units: umol/L | Info: 
22644-9,Serine [Moles/volume] in Cerebral spinal fluid,Test: Serine | System: CSF | Units: umol/L | Info: 
22645-6,Proline [Moles/volume] in Cerebral spinal fluid,Test: Proline | System: CSF | Units: umol/L | Info: 
22646-4,Phenylalanine [Moles/volume] in Cerebral spinal fluid,Test: Phenylalanine | System: CSF | Units: umol/L | Info: 
22647-2,Ornithine [Moles/volume] in Cerebral spinal fluid,Test: Ornithine | System: CSF | Units: umol/L | Info: 
22648-0,Methionine [Moles/volume] in Cerebral spinal fluid,Test: Methionine | System: CSF | Units: umol/L | Info: 
22649-8,Valine [Moles/volume] in Cerebral spinal fluid,Test: Valine | System: CSF | Units: umol/L | Info: 
22650-6,Glycine [Moles/volume] in Cerebral spinal fluid,Test: Glycine | System: CSF | Units: umol/L | Info: 
22651-4,Lysine [Moles/volume] in Cerebral spinal fluid,Test: Lysine | System: CSF | Units: umol/L | Info: 
22652-2,Glutamate [Moles/volume] in Cerebral spinal fluid,Test: Glutamate | System: CSF | Units: umol/L | Info: 
22653-0,Cystine [Moles/volume] in Cerebral spinal fluid,Test: Cystine | System: CSF | Units: umol/L | Info: 
22654-8,Citrulline [Moles/volume] in Cerebral spinal fluid,Test: Citrulline | System: CSF | Units: umol/L | Info: 
22655-5,Aspartate [Moles/volume] in Cerebral spinal fluid,Test: Aspartate | System: CSF | Units: umol/L | Info: 
22656-3,Arginine [Moles/volume] in Cerebral spinal fluid,Test: Arginine | System: CSF | Units: umol/L | Info: 
22657-1,Alanine [Moles/volume] in Cerebral spinal fluid,Test: Alanine | System: CSF | Units: umol/L | Info: 
22658-9,Alloisoleucine [Moles/volume] in Cerebral spinal fluid,Test: Alloisoleucine | System: CSF | Units: umol/L | Info: 
22659-7,Isoleucine [Moles/volume] in Cerebral spinal fluid,Test: Isoleucine | System: CSF | Units: umol/L | Info: 
22660-5,Homocystine [Moles/volume] in Cerebral spinal fluid,Test: Homocystine | System: CSF | Units: umol/L | Info: 
22664-7,Urea [Moles/volume] in Serum or Plasma,Test: Urea | System: Ser/Plas | Units: mmol/L | Info: 
22670-4,Alloisoleucine [Moles/volume] in Serum or Plasma,Test: Alloisoleucine | System: Ser/Plas | Units: umol/L | Info: 
22671-2,Phytanate (C16:0(CH3)4) [Moles/volume] in Serum or Plasma,Test: Phytanate | System: Ser/Plas | Units: umol/L | Info: 
22674-6,Transferrin [Moles/volume] in Serum or Plasma,Test: Transferrin | System: Ser/Plas | Units: umol/L | Info: 
22686-0,Protoporphyrin [Moles/time] in 24 hour Urine,Test: Protoporphyrin | System: Urine | Units: umol/d | Info: 
22694-4,Citrulline/Creatinine [Molar ratio] in Urine,Test: Citrulline/Creatinine | System: Urine | Units: mmol/mol creatinine | Info: 
22698-5,Alanine/Creatinine [Molar ratio] in Urine,Test: Alanine/Creatinine | System: Urine | Units: mmol/mol creatinine | Info: 
22699-3,Alloisoleucine/Creatinine [Molar ratio] in Urine,Test: Alloisoleucine/Creatinine | System: Urine | Units: mmol/mol creatinine | Info: 
22700-9,Urea [Moles/volume] in Urine,Test: Urea | System: Urine | Units: mmol/L | Info: 
22704-1,Carnitine free (C0)/Creatinine [Molar ratio] in Urine,Test: Carnitine.free (C0)/Creatinine | System: Urine | Units: mmol/mol;umol/mol creat | Info: 
22713-2,Lysine [Moles/volume] in Specimen,Test: Lysine | System: XXX | Units: umol/L | Info: 
22714-0,Isoleucine [Moles/volume] in Specimen,Test: Isoleucine | System: XXX | Units: umol/L | Info: 
22715-7,Homocystine [Moles/volume] in Specimen,Test: Homocystine | System: XXX | Units: umol/L | Info: 
22716-5,Methionine [Moles/volume] in Specimen,Test: Methionine | System: XXX | Units: umol/L | Info: 
22717-3,Histidine [Moles/volume] in Specimen,Test: Histidine | System: XXX | Units: umol/L | Info: 
22718-1,Glycine [Moles/volume] in Specimen,Test: Glycine | System: XXX | Units: umol/L | Info: 
22719-9,Leucine [Moles/volume] in Specimen,Test: Leucine | System: XXX | Units: umol/L | Info: 
22720-7,Glutamine [Moles/volume] in Specimen,Test: Glutamine | System: XXX | Units: umol/L | Info: 
22721-5,Glutamate [Moles/volume] in Specimen,Test: Glutamate | System: XXX | Units: umol/L | Info: 
22722-3,Citrulline [Moles/volume] in Specimen,Test: Citrulline | System: XXX | Units: umol/L | Info: 
22723-1,Aspartate [Moles/volume] in Specimen,Test: Aspartate | System: XXX | Units: umol/L | Info: 
22724-9,Alanine [Moles/volume] in Specimen,Test: Alanine | System: XXX | Units: umol/L | Info: 
22725-6,Ornithine [Moles/volume] in Specimen,Test: Ornithine | System: XXX | Units: umol/L | Info: 
22726-4,Creatinine [Moles/volume] in Specimen,Test: Creatinine | System: XXX | Units: umol/L | Info: 
22727-2,Arginine [Moles/volume] in Specimen,Test: Arginine | System: XXX | Units: umol/L | Info: 
22728-0,Cystine [Moles/volume] in Specimen,Test: Cystine | System: XXX | Units: umol/L | Info: 
22729-8,Valine [Moles/volume] in Specimen,Test: Valine | System: XXX | Units: umol/L | Info: 
22730-6,Alloisoleucine [Moles/volume] in Specimen,Test: Alloisoleucine | System: XXX | Units: umol/L | Info: 
22731-4,Triglyceride [Moles/volume] in Specimen,Test: Triglyceride | System: XXX | Units: mmol/L | Info: 
22735-5,Bicarbonate [Moles/volume] in Specimen,Test: Bicarbonate | System: XXX | Units: mmol/L | Info: 
22737-1,Phenylalanine [Moles/volume] in Specimen,Test: Phenylalanine | System: XXX | Units: umol/L | Info: 
22738-9,Urea [Moles/volume] in Specimen,Test: Urea | System: XXX | Units: mmol/L | Info: 
22739-7,Tyrosine [Moles/volume] in Specimen,Test: Tyrosine | System: XXX | Units: umol/L | Info: 
22740-5,Threonine [Moles/volume] in Specimen,Test: Threonine | System: XXX | Units: umol/L | Info: 
22741-3,Serine [Moles/volume] in Specimen,Test: Serine | System: XXX | Units: umol/L | Info: 
22743-9,Proline [Moles/volume] in Specimen,Test: Proline | System: XXX | Units: umol/L | Info: 
22749-6,Amylase.pancreatic [Enzymatic activity/volume] in Urine,Test: Amylase.pancreatic | System: Urine | Units: arb U/L | Info: 
22753-8,Iron binding capacity.unsaturated [Moles/volume] in Serum or Plasma,Test: Iron binding capacity.unsaturated | System: Ser/Plas | Units: umol/L | Info: 
22758-7,Plasminogen activator inhibitor 1 Ag [Mass/volume] in Platelet poor plasma by Immunoassay,Test: Plasminogen activator inhibitor 1 Ag | System: PPP | Units: ng/mL | Info: 
22761-1,Pristanate (C15:0(CH3)4) [Moles/volume] in Serum or Plasma,Test: Pristanate | System: Ser/Plas | Units: umol/L | Info: 
2277-2,Ferrochelatase [Enzymatic activity/volume] in Serum,Test: Ferrochelatase | System: Ser | Units: arb U/L | Info: 
2278-0,Fibrinopeptide B [Mass/volume] in Serum,Test: Fibrinopeptide B | System: Ser | Units: ng/mL | Info: 
2279-8,Fibrinopeptide A [Mass/volume] in Peritoneal fluid,Test: Fibrinopeptide A | System: Periton fld | Units: ng/mL | Info: 
2282-2,Folate [Mass/volume] in Blood,Test: Folate | System: Bld | Units: ng/mL | Info: 
2293-9,Fructokinase [Enzymatic activity/volume] in Serum,Test: Fructokinase | System: Ser | Units: arb U/L | Info: 
2295-4,Fructose [Mass/volume] in Semen,Test: Fructose | System: Semen | Units: mg/dL | Info: 
2296-2,Fructose [Mass/volume] in Serum,Test: Fructose | System: Ser | Units: mg/dL | Info: 
2299-6,Aldolase [Enzymatic activity/volume] in Red Blood Cells,Test: Aldolase | System: RBC | Units: U/mL RBC | Info: 
2302-8,Fumarase [Enzymatic activity/volume] in Serum,Test: Fumarase | System: Ser | Units: arb U/L | Info: 
2305-1,Galactokinase [Enzymatic activity/volume] in Red Blood Cells,Test: Galactokinase | System: RBC | Units: U/mL RBC | Info: 
2307-7,Galactose [Mass/volume] in Blood,Test: Galactose | System: Bld | Units: mg/dL | Info: 
2308-5,Galactose [Mass/volume] in Serum or Plasma,Test: Galactose | System: Ser/Plas | Units: mg/dL | Info: 
2311-9,Galactose renal clearance in 24 hour Urine and Serum or Plasma,Test: Galactose renal clearance | System: Urine+Ser/Plas | Units: mL/min | Info: 
2312-7,Galactose 1 phosphate [Mass/volume] in Red Blood Cells,Test: Galactose 1 phosphate | System: RBC | Units: mg/dL | Info: 
2314-3,Galactose 1 phosphate uridyl transferase [Enzymatic activity/volume] in Red Blood Cells,Test: Galactose 1 phosphate uridyl transferase | System: RBC | Units: U/mL RBC | Info: 
2315-0,Galactosylceramidase [Enzymatic activity/mass] in Tissue,Test: Galactosylceramidase | System: Tiss | Units: nmol/h/mg protein | Info: 
2316-8,Galactosylgalactosylglucosylceramidase [Enzymatic activity/mass] in Tissue,Test: Galactosylgalactosylglucosylceramidase | System: Tiss | Units: U/g | Info: 
2320-0,Gamma glutamyl cysteine synthetase [Enzymatic activity/volume] in Red Blood Cells,Test: Gamma glutamyl cysteine synthetase | System: RBC | Units: U/mL RBC | Info: 
2321-8,Gamma glutamyl cysteine synthetase [Enzymatic activity/volume] in Serum,Test: Gamma glutamyl cysteine synthetase | System: Ser | Units: arb U/L | Info: 
2322-6,Gamma glutamyl transferase [Enzymatic activity/volume] in Amniotic fluid,Test: Gamma glutamyl transferase | System: Amnio fld | Units: arb U/L | Info: 
2323-4,Gamma glutamyl transferase [Enzymatic activity/volume] in Semen,Test: Gamma glutamyl transferase | System: Semen | Units: arb U/L | Info: 
2324-2,Gamma glutamyl transferase [Enzymatic activity/volume] in Serum or Plasma,Test: Gamma glutamyl transferase | System: Ser/Plas | Units: arb U/L | Info: 
2326-7,Gastric inhibitory polypeptide [Mass/volume] in Plasma,Test: Gastric inhibitory polypeptide | System: Plas | Units: pg/mL | Info: 
2327-5,Gastrin releasing polypeptide [Mass/volume] in Cerebral spinal fluid,Test: Gastrin releasing polypeptide | System: CSF | Units: pg/mL | Info: 
2329-1,Gastrin releasing polypeptide [Mass/volume] in Serum or Plasma,Test: Gastrin releasing polypeptide | System: Ser/Plas | Units: pg/mL | Info: 
2330-9,Gastrin.34 residue fragment [Mass/volume] in Serum or Plasma,Test: Gastrin.34 residue fragment | System: Ser/Plas | Units: pg/mL | Info: 
2331-7,Gastrin.17 residue fragment [Mass/volume] in Serum or Plasma,Test: Gastrin.17 residue fragment | System: Ser/Plas | Units: pg/mL | Info: 
2332-5,Gastrin.14 residue fragment [Mass/volume] in Serum or Plasma,Test: Gastrin.14 residue fragment | System: Ser/Plas | Units: pg/mL | Info: 
2336-6,Globulin [Mass/volume] in Serum,Test: Globulin | System: Ser | Units: g/dL | Info: 
2337-4,Glucagon [Mass/volume] in Amniotic fluid,Test: Glucagon | System: Amnio fld | Units: pg/mL | Info: 
2353-1,Glucose phosphate isomerase [Enzymatic activity/volume] in Serum,Test: Glucose phosphate isomerase | System: Ser | Units: arb U/L | Info: 
2354-9,Glucose-6-Phosphatase [Enzymatic activity/volume] in Serum,Test: Glucose-6-Phosphatase | System: Ser | Units: arb U/L | Info: 
2355-6,Glucose-6-Phosphatase [Enzymatic activity/mass] in Tissue,Test: Glucose-6-Phosphatase | System: Tiss | Units: U/g | Info: 
2357-2,Glucose-6-Phosphate dehydrogenase [Enzymatic activity/volume] in Red Blood Cells,Test: Glucose-6-Phosphate dehydrogenase | System: RBC | Units: U/mL RBC | Info: 
2359-8,Glucose-6-Phosphate dehydrogenase [Enzymatic activity/volume] in Serum,Test: Glucose-6-Phosphate dehydrogenase | System: Ser | Units: arb U/L | Info: 
2361-4,Glucosylceramidase [Enzymatic activity/mass] in Tissue,Test: Glucosylceramidase | System: Tiss | Units: U/g | Info: 
2365-5,Glutamate [Mass/volume] in Urine,Test: Glutamate | System: Urine | Units: mg/dL | Info: 
23656-2,Ammonia [Mass/volume] in Specimen,Test: Ammonia | System: XXX | Units: ug/dL | Info: 
2367-1,Glutamate dehydrogenase [Enzymatic activity/volume] in Serum or Plasma,Test: Glutamate dehydrogenase | System: Ser/Plas | Units: arb U/L | Info: 
2368-9,Glutamate dehydrogenase.NAD [Enzymatic activity/volume] in Serum or Plasma,Test: Glutamate dehydrogenase.NAD | System: Ser/Plas | Units: arb U/L | Info: 
2369-7,Glutamate dehydrogenase.NADP [Enzymatic activity/volume] in Serum or Plasma,Test: Glutamate dehydrogenase.NADP | System: Ser/Plas | Units: arb U/L | Info: 
2373-9,Glutamine [Mass/volume] in Urine,Test: Glutamine | System: Urine | Units: mg/dL | Info: 
2375-4,Glutaryl CoA dehydrogenase [Enzymatic activity/mass] in Tissue,Test: Glutaryl CoA dehydrogenase | System: Tiss | Units: U/g | Info: 
2376-2,Glutathione peroxidase [Enzymatic activity/volume] in Serum or Plasma,Test: Glutathione peroxidase | System: Ser/Plas | Units: arb U/L | Info: 
2377-0,Glutathione peroxidase [Enzymatic activity/volume] in Red Blood Cells,Test: Glutathione peroxidase | System: RBC | Units: U/mL RBC | Info: 
2378-8,Glutathione reductase [Enzymatic activity/volume] in Red Blood Cells,Test: Glutathione reductase | System: RBC | Units: U/mL RBC | Info: 
2379-6,Glutathione S-transferase [Enzymatic activity/volume] in Red Blood Cells,Test: Glutathione S-transferase | System: RBC | Units: U/mL RBC | Info: 
2380-4,Glutathione synthase [Enzymatic activity/volume] in Red Blood Cells,Test: Glutathione synthase | System: RBC | Units: U/mL RBC | Info: 
23806-3,Albumin [Mass/volume] in Peritoneal fluid --2 hours post peritoneal dialysis,Test: Albumin^2H post peritoneal dialysis | System: Periton fld | Units: g/dL | Info: 
23807-1,Albumin [Mass/volume] in Peritoneal fluid --4 hours post peritoneal dialysis,Test: Albumin^4H post peritoneal dialysis | System: Periton fld | Units: g/dL | Info: 
23808-9,Aldosterone free [Mass/time] in 24 hour Urine,Test: Aldosterone.free | System: Urine | Units: ug/24 H | Info: 
23811-3,Alpha-1-Fetoprotein [Multiple of the median] adjusted in Serum or Plasma,Test: Alpha-1-Fetoprotein^^adjusted | System: Ser/Plas | Units: M.o.M | Info: 
2381-2,Glutathione.oxidized [Mass/volume] in Red Blood Cells,Test: Glutathione.oxidized | System: RBC | Units: mg/dL | Info: 
2382-0,Glutathione.reduced [Mass/volume] in Red Blood Cells,Test: Glutathione.reduced | System: RBC | Units: mg/dL | Info: 
23825-3,Beta-N-acetylhexosaminidase.A/Beta-n-acetylhexosaminidase.total in Leukocytes,Test: Beta-N-acetylhexosaminidase.A/Beta-N-acetylhexosaminidase.total | System: WBC | Units: % | Info: 
2383-8,Glutathione [Mass/volume] in Red Blood Cells,Test: Glutathione | System: RBC | Units: mg/dL | Info: 
23841-0,Choriogonadotropin.beta subunit [Multiple of the median] adjusted in Serum or Plasma,Test: Choriogonadotropin.beta subunit^^adjusted | System: Ser/Plas | Units: M.o.M | Info: 
2384-6,Glyceraldehyde 3 phosphate dehydrogenase [Enzymatic activity/volume] in Serum,Test: Glyceraldehyde 3 phosphate dehydrogenase | System: Ser | Units: arb U/L | Info: 
2387-9,Glycerol [Mass/volume] in Serum or Plasma,Test: Glycerol | System: Ser/Plas | Units: mg/dL | Info: 
23883-2,Inhibin A [Mass/volume] in Serum or Plasma,Test: Inhibin A | System: Ser/Plas | Units: ng/L;pg/mL | Info: 
2392-9,Glycine [Mass/volume] in Urine,Test: Glycine | System: Urine | Units: mg/dL | Info: 
2394-5,Glycogen synthase [Enzymatic activity/volume] in Serum,Test: Glycogen synthase | System: Ser | Units: arb U/L | Info: 
2400-0,Guanine deaminase [Enzymatic activity/volume] in Blood,Test: Guanine deaminase | System: Bld | Units: arb U/L | Info: 
2401-8,Guanine deaminase [Enzymatic activity/volume] in Serum,Test: Guanine deaminase | System: Ser | Units: arb U/L | Info: 
2403-4,Hemopexin [Mass/volume] in Serum,Test: Hemopexin | System: Ser | Units: mg/dL | Info: 
2404-2,Hemopexin [Mass/volume] in Urine,Test: Hemopexin | System: Urine | Units: mg/dL | Info: 
24043-2,Acetyl-CoA:glucosamine acetyltransferase [Enzymatic activity/mass] in Fibroblast,Test: Acetyl-CoA:glucosamine acetyltransferase | System: Fibroblasts | Units: pmol/h/mg protein;nmol/H/mg protein | Info: 
24044-0,Acetyl-CoA:glucosamine acetyltransferase [Enzymatic activity/mass] in Leukocytes,Test: Acetyl-CoA:glucosamine acetyltransferase | System: WBC | Units: pmol/h/mg protein;nmol/H/mg protein | Info: 
24045-7,Alpha fucosidase [Enzymatic activity/volume] in Serum or Plasma,Test: Alpha fucosidase | System: Ser/Plas | Units: nmol/h/mL | Info: 
24046-5,Alpha fucosidase [Enzymatic activity/mass] in Fibroblast,Test: Alpha fucosidase | System: Fibroblasts | Units: nmol/h/mg protein | Info: 
24047-3,Alpha fucosidase [Enzymatic activity/mass] in Leukocytes,Test: Alpha fucosidase | System: WBC | Units: nmol/h/mg protein | Info: 
24048-1,Alpha galactosidase A [Enzymatic activity/mass] in Fibroblast,Test: Alpha galactosidase A | System: Fibroblasts | Units: nmol/h/mg protein | Info: 
24049-9,Alpha galactosidase A [Enzymatic activity/mass] in Leukocytes,Test: Alpha galactosidase A | System: WBC | Units: nmol/h/mg protein | Info: 
24050-7,Acid alpha glucosidase [Enzymatic activity/mass] in Fibroblast,Test: Acid alpha glucosidase | System: Fibroblasts | Units: nmol/h/mg protein | Info: 
24052-3,Alpha mannosidase [Enzymatic activity/mass] in Fibroblast,Test: Alpha mannosidase | System: Fibroblasts | Units: nmol/h/mg protein | Info: 
24053-1,Alpha mannosidase [Enzymatic activity/mass] in Leukocytes,Test: Alpha mannosidase | System: WBC | Units: nmol/h/mg protein | Info: 
24054-9,Alpha-N-acetylgalactosaminidase [Enzymatic activity/mass] in Fibroblast,Test: Alpha-N-acetylgalactosaminidase | System: Fibroblasts | Units: nmol/h/mg protein | Info: 
24055-6,Alpha-N-acetylgalactosaminidase [Enzymatic activity/mass] in Leukocytes,Test: Alpha-N-acetylgalactosaminidase | System: WBC | Units: nmol/h/mg protein | Info: 
24056-4,Alpha-L-iduronidase [Enzymatic activity/mass] in Fibroblast,Test: Alpha-L-iduronidase | System: Fibroblasts | Units: nmol/h/mg protein | Info: 
24057-2,Alpha-L-iduronidase [Enzymatic activity/mass] in Leukocytes,Test: Alpha-L-iduronidase | System: WBC | Units: nmol/h/mg protein | Info: 
24058-0,Aspartylglucosaminidase [Enzymatic activity/mass] in Fibroblast,Test: Aspartylglucosaminidase | System: Fibroblasts | Units: nmol/h/mg protein | Info: 
24059-8,Aspartylglucosaminidase [Enzymatic activity/mass] in Leukocytes,Test: Aspartylglucosaminidase | System: WBC | Units: nmol/h/mg protein | Info: 
24060-6,Beta galactosidase [Enzymatic activity/mass] in Fibroblast,Test: Beta galactosidase | System: Fibroblasts | Units: nmol/h/mg protein | Info: 
24061-4,Beta galactosidase [Enzymatic activity/mass] in Leukocytes,Test: Beta galactosidase | System: WBC | Units: nmol/h/mg protein | Info: 
24064-8,Beta glucuronidase [Enzymatic activity/mass] in Fibroblast,Test: Beta glucuronidase | System: Fibroblasts | Units: nmol/h/mg protein | Info: 
24065-5,Beta glucuronidase [Enzymatic activity/mass] in Leukocytes,Test: Beta glucuronidase | System: WBC | Units: nmol/h/mg protein | Info: 
24066-3,Beta mannosidase [Enzymatic activity/volume] in Serum or Plasma,Test: Beta mannosidase | System: Ser/Plas | Units: nmol/h/mL | Info: 
2406-7,Heparan sulfate [Mass/volume] in Urine,Test: Heparan sulfate | System: Urine | Units: ug/mL | Info: 
24067-1,Beta mannosidase [Enzymatic activity/mass] in Fibroblast,Test: Beta mannosidase | System: Fibroblasts | Units: nmol/h/mg protein | Info: 
24068-9,Beta mannosidase [Enzymatic activity/mass] in Leukocytes,Test: Beta mannosidase | System: WBC | Units: nmol/h/mg protein | Info: 
24070-5,Beta-N-acetylhexosaminidase.B/Beta-n-acetylhexosaminidase.total in Fibroblast,Test: Beta-N-acetylhexosaminidase.B/Beta-N-acetylhexosaminidase.total | System: Fibroblasts | Units: % | Info: 
24071-3,Beta-N-acetylhexosaminidase.B/Beta-n-acetylhexosaminidase.total in Leukocytes,Test: Beta-N-acetylhexosaminidase.B/Beta-N-acetylhexosaminidase.total | System: WBC | Units: % | Info: 
24072-1,Beta-N-acetylhexosaminidase.B [Enzymatic activity/mass] in Fibroblast,Test: Beta-N-acetylhexosaminidase.B | System: Fibroblasts | Units: nmol/h/mg protein | Info: 
24073-9,Beta-N-acetylhexosaminidase.B [Enzymatic activity/mass] in Leukocytes,Test: Beta-N-acetylhexosaminidase.B | System: WBC | Units: nmol/h/mg protein | Info: 
24074-7,Beta-N-acetylhexosaminidase [Enzymatic activity/mass] in Fibroblast,Test: Beta-N-acetylhexosaminidase | System: Fibroblasts | Units: nmol/h/mg protein | Info: 
2407-5,Heptacarboxylporphyrin [Mass/volume] in Urine,Test: Heptacarboxylporphyrin | System: Urine | Units: ug/dL | Info: 
24075-4,Beta-N-acetylhexosaminidase [Enzymatic activity/mass] in Leukocytes,Test: Beta-N-acetylhexosaminidase | System: WBC | Units: nmol/h/mg protein | Info: 
24076-2,Cerebroside sulfatase [Enzymatic activity/volume] in Serum or Plasma,Test: Cerebroside sulfatase | System: Ser/Plas | Units: nmol/H/mL | Info: 
24077-0,Cerebroside sulfatase [Enzymatic activity/mass] in Fibroblast,Test: Cerebroside sulfatase | System: Fibroblasts | Units: nmol/h/mg protein | Info: 
24078-8,Cerebroside sulfatase [Enzymatic activity/mass] in Leukocytes,Test: Cerebroside sulfatase | System: WBC | Units: nmol/h/mg protein | Info: 
24079-6,Cholesterol esterase [Enzymatic activity/mass] in Fibroblast,Test: Cholesterol esterase | System: Fibroblasts | Units: nmol/h/mg protein | Info: 
24080-4,Cholesterol esterase [Enzymatic activity/mass] in Leukocytes,Test: Cholesterol esterase | System: WBC | Units: nmol/h/mg protein | Info: 
24081-2,Dihydroxyacetone phosphate acylcoa acyl transferase [Enzymatic activity/mass] in Fibroblast,Test: Dihydroxyacetone phosphate acylcoa acyl transferase | System: Fibroblasts | Units: nmol/h/mg protein | Info: 
24083-8,Galactosylceramidase [Enzymatic activity/mass] in Fibroblast,Test: Galactosylceramidase | System: Fibroblasts | Units: nmol/h/mg protein | Info: 
24085-3,Heparan-N-sulfatase [Enzymatic activity/mass] in Fibroblast,Test: Heparan-N-sulfatase | System: Fibroblasts | Units: CPM/H/mg protein | Info: 
24086-1,Heparan-N-sulfatase [Enzymatic activity/mass] in Leukocytes,Test: Heparan-N-sulfatase | System: WBC | Units: CPM/H/mg protein | Info: 
24087-9,Iduronate-2-Sulfatase [Enzymatic activity/volume] in Serum or Plasma,Test: Iduronate-2-Sulfatase | System: Ser/Plas | Units: pmol/H/mL | Info: 
24088-7,Iduronate-2-Sulfatase [Enzymatic activity/mass] in Fibroblast,Test: Iduronate-2-Sulfatase | System: Fibroblasts | Units: pmol/h/mg protein | Info: 
24089-5,Iduronate-2-Sulfatase [Enzymatic activity/mass] in Leukocytes,Test: Iduronate-2-Sulfatase | System: WBC | Units: pmol/h/mg protein | Info: 
2409-1,Hexokinase [Enzymatic activity/volume] in Plasma,Test: Hexokinase | System: Plas | Units: arb U/L | Info: 
24091-1,Alpha-N-acetylglucosaminidase [Enzymatic activity/mass] in Fibroblast,Test: Alpha-N-acetylglucosaminidase | System: Fibroblasts | Units: nmol/h/mg protein | Info: 
24092-9,Alpha-N-acetylglucosaminidase [Enzymatic activity/mass] in Leukocytes,Test: Alpha-N-acetylglucosaminidase | System: WBC | Units: nmol/h/mg protein | Info: 
24093-7,N-Acetylgalactosamine-4-Sulfatase [Enzymatic activity/mass] in Fibroblast,Test: N-Acetylgalactosamine-4-Sulfatase | System: Fibroblasts | Units: nmol/h/mg protein | Info: 
24094-5,N-Acetylgalactosamine-4-Sulfatase [Enzymatic activity/mass] in Leukocytes,Test: N-Acetylgalactosamine-4-Sulfatase | System: WBC | Units: nmol/h/mg protein | Info: 
24095-2,N-Acetylgalactosamine-6-Sulfatase [Enzymatic activity/mass] in Fibroblast,Test: N-Acetylgalactosamine-6-Sulfatase | System: Fibroblasts | Units: pmol/h/mg protein | Info: 
24096-0,N-Acetylgalactosamine-6-Sulfatase [Enzymatic activity/mass] in Leukocytes,Test: N-Acetylgalactosamine-6-Sulfatase | System: WBC | Units: pmol/h/mg protein | Info: 
24097-8,N-Acetylglucosamine-6-Sulfatase [Enzymatic activity/mass] in Fibroblast,Test: N-Acetylglucosamine-6-Sulfatase | System: Fibroblasts | Units: pmol/h/mg protein | Info: 
24098-6,N-Acetylglucosamine-6-Sulfatase [Enzymatic activity/mass] in Leukocytes,Test: N-Acetylglucosamine-6-Sulfatase | System: WBC | Units: pmol/H/mg protein | Info: 
24099-4,Sialidase [Enzymatic activity/mass] in Fibroblast,Test: Sialidase | System: Fibroblasts | Units: nmol/h/mg protein | Info: 
24100-0,Acid sphingomyelinase [Enzymatic activity/mass] in Fibroblast,Test: Acid sphingomyelinase | System: Fibroblasts | Units: nmol/h/mg protein | Info: 
24101-8,Acid sphingomyelinase [Enzymatic activity/mass] in Leukocytes,Test: Acid sphingomyelinase | System: WBC | Units: nmol/h/mg protein | Info: 
2410-9,Hexokinase [Enzymatic activity/volume] in Red Blood Cells,Test: Hexokinase | System: RBC | Units: U/mL RBC | Info: 
24109-1,Progesterone [Moles/volume] in Saliva (oral fluid),Test: Progesterone | System: Saliva | Units: nmol/L | Info: 
24123-2,Epithelial cells [#/volume] in Urine by Manual count,Test: Epithelial cells | System: Urine | Units: /uL | Info: 
24125-7,Androgen free Index in Serum or Plasma,Test: Androgen.free index | System: Ser/Plas | Units: % | Info: 
2413-3,Hippuran renal clearance in 24 hour Urine and Serum or Plasma,Test: Hippuran renal clearance | System: Urine+Ser/Plas | Units: mL/min | Info: 
2415-8,Histamine [Mass/volume] in Blood,Test: Histamine | System: Bld | Units: ng/mL | Info: 
2416-6,Histamine [Mass/volume] in Serum or Plasma,Test: Histamine | System: Ser/Plas | Units: ng/mL | Info: 
2417-4,Histamine [Mass/volume] in Urine,Test: Histamine | System: Urine | Units: ng/mL | Info: 
2419-0,Histidine [Mass/volume] in Blood,Test: Histidine | System: Bld | Units: mg/dL | Info: 
2423-2,Histidine [Mass/volume] in Urine,Test: Histidine | System: Urine | Units: mg/dL | Info: 
2425-7,Histidine ammonia lyase [Enzymatic activity/volume] in Serum,Test: Histidine ammonia lyase | System: Ser | Units: arb U/L | Info: 
2431-5,Homocystine [Mass/volume] in Urine,Test: Homocystine | System: Urine | Units: ug/mL | Info: 
2433-1,Homogentisate [Mass/volume] in Urine,Test: Homogentisate | System: Urine | Units: ug/mL | Info: 
24373-3,Ferritin [Mass/volume] in Blood,Test: Ferritin | System: Bld | Units: ng/mL | Info: 
2439-8,Hydroxycalcidiol [Mass/volume] in Serum,Test: Hydroxycalcidiol | System: Ser | Units: ng/mL | Info: 
2440-6,Hydroxocobalamin [Mass/volume] in Serum or Plasma,Test: Hydroxocobalamin | System: Ser/Plas | Units: mg/L | Info: 
24433-5,IgG.equine [Mass/volume] in Serum,Test: IgG.equine | System: Ser | Units: mg/dL | Info: 
24435-0,2-Methylbutyrylglycine/Creatinine [Molar ratio] in Urine,Test: 2-Methylbutyrylglycine/Creatinine | System: Urine | Units: mmol/mol;umol/mol creat | Info: 
24437-6,Butyrylglycine/Creatinine [Molar ratio] in Urine,Test: Butyrylglycine/Creatinine | System: Urine | Units: mmol/mol;umol/mol creat | Info: 
24439-2,Isobutyrylglycine/Creatinine [Molar ratio] in Urine,Test: Isobutyrylglycine/Creatinine | System: Urine | Units: mmol/mol;umol/mol creat | Info: 
24440-0,Isovalerylglycine/Creatinine [Molar ratio] in Urine,Test: Isovalerylglycine/Creatinine | System: Urine | Units: mmol/mol;umol/mol creat | Info: 
24441-8,Phenylpropionylglycine/Creatinine [Molar ratio] in Urine,Test: Phenylpropionylglycine/Creatinine | System: Urine | Units: mmol/mol;umol/mol creat | Info: 
24442-6,Propionylglycine/Creatinine [Molar ratio] in Urine,Test: Propionylglycine/Creatinine | System: Urine | Units: mmol/mol;umol/mol creat | Info: 
24443-4,Suberylglycine/Creatinine [Molar ratio] in Urine,Test: Suberylglycine/Creatinine | System: Urine | Units: mmol/mol;umol/mol creat | Info: 
24444-2,Tiglylglycine/Creatinine [Molar ratio] in Urine,Test: Tiglylglycine/Creatinine | System: Urine | Units: mmol/mol;umol/mol creat | Info: 
24445-9,Valerylglycine/Creatinine [Molar ratio] in Urine,Test: Valerylglycine/Creatinine | System: Urine | Units: mmol/mol;umol/mol creat | Info: 
2444-8,Hydroxymethylglutaryl CoA lyase [Enzymatic activity/volume] in Serum,Test: Hydroxymethylglutaryl CoA lyase | System: Ser | Units: arb U/L | Info: 
24449-1,Carnitine esters [Moles/volume] in Urine,Test: Carnitine esters | System: Urine | Units: umol/L | Info: 
24450-9,Carnitine esters [Moles/mass] in Tissue,Test: Carnitine esters | System: Tiss | Units: nmol/mg | Info: 
24452-5,Carnitine free (C0) [Moles/mass] in Tissue,Test: Carnitine.free (C0) | System: Tiss | Units: nmol/mg | Info: 
24456-6,Deoxypyridinoline/Creatinine [Molar ratio] in 24 hour Urine,Test: Deoxypyridinoline/Creatinine | System: Urine | Units: nmol/mmol creatinine | Info: 
24458-2,Interleukin 2 receptor [Mass/volume] in Serum or Plasma,Test: Interleukin 2 receptor | System: Ser/Plas | Units: pg/mL | Info: 
24461-6,Fatty acids [Moles/volume] in Serum or Plasma,Test: Fatty acids | System: Ser/Plas | Units: mmol/L | Info: 
24474-9,Cancer associated serum Ag [Units/volume] in Serum,Test: Cancer associated serum Ag | System: Ser | Units: arb U/mL | Info: 
2448-9,Hydroxyproline Free [Mass/volume] in Serum or Plasma,Test: Hydroxyproline.free | System: Ser/Plas | Units: mg/dL | Info: 
24519-1,Phosphate [Moles/volume] in Blood,Test: Phosphate | System: Bld | Units: mmol/L | Info: 
2452-1,Hypoxanthine [Mass/volume] in Body fluid,Test: Hypoxanthine | System: Body fld | Units: mg/L | Info: 
2453-9,Hypoxanthine [Mass/volume] in Serum,Test: Hypoxanthine | System: Ser | Units: mg/L | Info: 
2454-7,Hypoxanthine phosphoribosyltransferase [Enzymatic activity/volume] in Red Blood Cells,Test: Hypoxanthine phosphoribosyltransferase | System: RBC | Units: U/mL RBC | Info: 
2455-4,Hypoxanthine phosphoribosyltransferase [Enzymatic activity/mass] in Tissue,Test: Hypoxanthine phosphoribosyltransferase | System: Tiss | Units: nmol/min/mg protein | Info: 
2456-2,Iduronate-2-Sulfatase [Enzymatic activity/mass] in Tissue,Test: Iduronate-2-Sulfatase | System: Tiss | Units: pmol/H/mg protein | Info: 
2457-0,IgA [Mass/volume] in Cerebral spinal fluid,Test: IgA | System: CSF | Units: g/L;mg/dL | Info: 
2459-6,IgA.monoclonal [Mass/volume] in Serum,Test: IgA.monoclonal | System: Ser | Units: mg/dL | Info: 
2460-4,IgD [Mass/volume] in Serum,Test: IgD | System: Ser | Units: mg/L;mg/dL | Info: 
2461-2,IgD.monoclonal [Mass/volume] in Serum,Test: IgD.monoclonal | System: Ser | Units: mg/dL | Info: 
2463-8,IgE.monoclonal [Mass/volume] in Serum,Test: IgE.monoclonal | System: Ser | Units: mg/dL | Info: 
2466-1,IgG subclass 1 [Mass/volume] in Serum,Test: IgG subclass 1 | System: Ser | Units: g/L;mg/dL | Info: 
2467-9,IgG subclass 2 [Mass/volume] in Serum,Test: IgG subclass 2 | System: Ser | Units: g/L;mg/dL | Info: 
2468-7,IgG subclass 3 [Mass/volume] in Serum,Test: IgG subclass 3 | System: Ser | Units: g/L;mg/dL | Info: 
2469-5,IgG subclass 4 [Mass/volume] in Serum,Test: IgG subclass 4 | System: Ser | Units: g/L;mg/dL | Info: 
2471-1,IgM [Mass/volume] in Cerebral spinal fluid,Test: IgM | System: CSF | Units: g/L;mg/dL | Info: 
2473-7,IgM.monoclonal [Mass/volume] in Serum,Test: IgM.monoclonal | System: Ser | Units: mg/dL | Info: 
2475-2,Indicans [Mass/volume] in Urine,Test: Indicans | System: Urine | Units: mg/mL | Info: 
2478-6,Inhibin [Mass/volume] in Serum or Plasma,Test: Inhibin | System: Ser/Plas | Units: ng/L;pg/mL | Info: 
2480-2,Inositol Free [Mass/volume] in Serum,Test: Inositol.free | System: Ser | Units: ug/mL | Info: 
2483-6,Insulin-like growth factor binding protein 3 [Mass/volume] in Serum or Plasma,Test: Insulin-like growth factor binding protein 3 | System: Ser/Plas | Units: mg/L;mcg/mL; ng/mL | Info: 
2485-1,Insulin-like growth factor-II [Mass/volume] in Serum or Plasma,Test: Insulin-like growth factor-II | System: Ser/Plas | Units: ng/mL | Info: 
2487-7,Inter alpha trypsin inhibitor [Mass/volume] in Serum,Test: Inter alpha trypsin inhibitor | System: Ser | Units: mg/dL | Info: 
2492-7,Iodine [Mass/time] in 24 hour Urine,Test: Iodine | System: Urine | Units: mg/24 H | Info: 
2493-5,Iodine Free [Mass/volume] in Urine,Test: Iodine.free | System: Urine | Units: ug/mL | Info: 
2494-3,Iodine [Mass/volume] in Serum or Plasma,Test: Iodine | System: Ser/Plas | Units: ug/mL | Info: 
2496-8,Iodohippuran renal clearance in 24 hour Urine and Serum or Plasma,Test: Iodohippuran renal clearance | System: Urine+Ser/Plas | Units: mL/min | Info: 
2497-6,Iron [Mass/mass] in Hair,Test: Iron | System: Hair | Units: ug/g | Info: 
2503-1,Iron.chelated [Mass/volume] in Urine,Test: Iron.chelated | System: Urine | Units: ug/dL | Info: 
2506-4,Isocitrate dehydrogenase [Enzymatic activity/volume] in Serum or Plasma,Test: Isocitrate dehydrogenase | System: Ser/Plas | Units: arb U/L | Info: 
25082-9,2-methyl-3-hydroxybutyrate (C5-OH)/Creatinine [Molar ratio] in Urine,Test: 2-Methyl-3-Hydroxybutyrate/Creatinine | System: Urine | Units: mmol/mol creatinine | Info: 
25083-7,"2-Oxo,3-Methylvalerate/Creatinine [Molar ratio] in Urine","Test: 2-Oxo,3-Methylvalerate/Creatinine | System: Urine | Units: mmol/mol creatinine | Info: "
25084-5,2-Oxoisocaproate/Creatinine [Molar ratio] in Urine,Test: 2-Oxoisocaproate/Creatinine | System: Urine | Units: mmol/mol creatinine | Info: 
25085-2,2-Oxoisovalerate/Creatinine [Molar ratio] in Urine,Test: 2-Oxoisovalerate/Creatinine | System: Urine | Units: mmol/mol creatinine | Info: 
25086-0,Beta aminoisobutyrate/Creatinine [Molar ratio] in Urine,Test: Beta aminoisobutyrate/Creatinine | System: Urine | Units: mmol/mol creatinine | Info: 
25087-8,3-Methylglutaconate/Creatinine [Molar ratio] in Urine,Test: 3-Methylglutaconate/Creatinine | System: Urine | Units: mmol/mol creatinine | Info: 
25089-4,4-Hydroxyphenyllactate/Creatinine [Molar ratio] in Urine,Test: 4-Hydroxyphenyllactate/Creatinine | System: Urine | Units: mmol/mol creatinine | Info: 
25092-8,Cystathionine/Creatinine [Molar ratio] in Urine,Test: Cystathionine/Creatinine | System: Urine | Units: mmol/mol creatinine | Info: 
25093-6,Decadienediate/Creatinine [Molar ratio] in Urine,Test: Decadienediate/Creatinine | System: Urine | Units: mmol/mol creatinine | Info: 
25094-4,Decenedioate/Creatinine [Molar ratio] in Urine,Test: Decenedioate/Creatinine | System: Urine | Units: mmol/mol creatinine | Info: 
2509-8,Isoleucine [Mass/volume] in Urine,Test: Isoleucine | System: Urine | Units: mg/dL | Info: 
25099-3,Ethylmalonate/Creatinine [Molar ratio] in Urine,Test: Ethylmalonate/Creatinine | System: Urine | Units: mmol/mol creatinine | Info: 
25101-7,Fumarate/Creatinine [Molar ratio] in Urine,Test: Fumarate/Creatinine | System: Urine | Units: mmol/mol creatinine | Info: 
25103-3,Glutaconate/Creatinine [Molar ratio] in Urine,Test: Glutaconate/Creatinine | System: Urine | Units: mmol/mol creatinine | Info: 
25104-1,Glutarate/Creatinine [Molar ratio] in Urine,Test: Glutarate/Creatinine | System: Urine | Units: mmol/mol creatinine | Info: 
25107-4,Glyoxylate/Creatinine [Molar ratio] in Urine,Test: Glyoxylate/Creatinine | System: Urine | Units: mmol/mol creatinine | Info: 
25108-2,Hydroxydecanedioate/Creatinine [Molar ratio] in Urine,Test: Hydroxydecanedioate/Creatinine | System: Urine | Units: mmol/mol creatinine | Info: 
25109-0,Hydroxylysine/Creatinine [Molar ratio] in Urine,Test: Hydroxylysine/Creatinine | System: Urine | Units: mmol/mol creatinine | Info: 
25111-6,Isocitrate/Creatinine [Molar ratio] in Urine,Test: Isocitrate/Creatinine | System: Urine | Units: mmol/mol creatinine | Info: 
25113-2,Malate/Creatinine [Molar ratio] in Urine,Test: Malate/Creatinine | System: Urine | Units: mmol/mol creatinine | Info: 
2511-4,Keratan sulfate [Mass/volume] in Blood,Test: Keratan sulfate | System: Bld | Units: ng/mL | Info: 
25117-3,Methylsuccinate/Creatinine [Molar ratio] in Urine,Test: Methylsuccinate/Creatinine | System: Urine | Units: mmol/mol creatinine | Info: 
25118-1,Mevalonate/Creatinine [Molar ratio] in Urine,Test: Mevalonate/Creatinine | System: Urine | Units: mmol/mol creatinine | Info: 
25119-9,N-acetyltyrosine/Creatinine [Molar ratio] in Urine,Test: N-acetyltyrosine/Creatinine | System: Urine | Units: mmol/mol creatinine | Info: 
25120-7,Octanoate (C8:0)/Creatinine [Molar ratio] in Urine,Test: Octanoate/Creatinine | System: Urine | Units: mmol/mol creatinine | Info: 
25121-5,Octenedioate (C8:1)/Creatinine [Molar ratio] in Urine,Test: Octenedioate/Creatinine | System: Urine | Units: mmol/mol creatinine | Info: 
2512-2,Keratan sulfate [Mass/volume] in Urine,Test: Keratan sulfate | System: Urine | Units: ng/mL | Info: 
25125-6,Phenyllactate/Creatinine [Molar ratio] in Urine,Test: Phenyllactate/Creatinine | System: Urine | Units: mmol/mol creatinine | Info: 
25126-4,Phenylpyruvate/Creatinine [Molar ratio] in Urine,Test: Phenylpyruvate/Creatinine | System: Urine | Units: mmol/mol creatinine | Info: 
25129-8,Pyridinoline/Creatinine [Molar ratio] in Urine,Test: Pyridinoline/Creatinine | System: Urine | Units: umol/mol;mmol/mole creatinine | Info: 
25133-0,Sarcosine/Creatinine [Molar ratio] in Urine,Test: Sarcosine/Creatinine | System: Urine | Units: mmol/mol creatinine | Info: 
25134-8,Sebacate (C8)/Creatinine [Molar ratio] in Urine,Test: Sebacate/Creatinine | System: Urine | Units: mmol/mol creatinine | Info: 
25135-5,Suberate/Creatinine [Molar ratio] in Urine,Test: Suberate/Creatinine | System: Urine | Units: mmol/mol creatinine | Info: 
25136-3,Succinate/Creatinine [Molar ratio] in Urine,Test: Succinate/Creatinine | System: Urine | Units: mmol/mol creatinine | Info: 
25137-1,Succinylacetone/Creatinine [Molar ratio] in Urine,Test: Succinylacetone/Creatinine | System: Urine | Units: mmol/mol creatinine | Info: 
25141-3,Carnitine esters/Creatinine [Molar ratio] in Urine,Test: Carnitine esters/Creatinine | System: Urine | Units: mmol/mol creatinine | Info: 
25144-7,Ammonium urate crystals [#/area] in Urine sediment by Microscopy high power field,Test: Ammonium urate crystals | System: Urine sed | Units: /HPF | Info: 
25146-2,Bilirubin crystals [#/area] in Urine sediment by Microscopy high power field,Test: Bilirubin crystals | System: Urine sed | Units: /HPF | Info: 
25147-0,Calcium carbonate crystals [#/area] in Urine sediment by Microscopy high power field,Test: Calcium carbonate crystals | System: Urine sed | Units: /HPF | Info: 
25148-8,Calcium oxalate crystals [#/area] in Urine sediment by Microscopy high power field,Test: Calcium oxalate crystals | System: Urine sed | Units: /HPF | Info: 
25149-6,Calcium phosphate crystals [#/area] in Urine sediment by Microscopy high power field,Test: Calcium phosphate crystals | System: Urine sed | Units: /HPF | Info: 
25150-4,Calcium sulfate crystals [#/area] in Urine sediment by Microscopy high power field,Test: Calcium sulfate crystals | System: Urine sed | Units: /HPF | Info: 
25153-8,Cholesterol crystals [#/area] in Urine sediment by Microscopy high power field,Test: Cholesterol crystals | System: Urine sed | Units: /HPF | Info: 
25154-6,Unidentified crystals [#/area] in Urine sediment by Microscopy high power field,Test: Crystals.unidentified | System: Urine sed | Units: /HPF | Info: 
25155-3,Cystine crystals [#/area] in Urine sediment by Microscopy high power field,Test: Cystine crystals | System: Urine sed | Units: /HPF | Info: 
25161-1,Hippurate crystals [#/area] in Urine sediment by Microscopy high power field,Test: Hippurate crystals | System: Urine sed | Units: /HPF | Info: 
2516-3,L-iditol dehydrogenase [Enzymatic activity/volume] in Amniotic fluid,Test: L-iditol dehydrogenase | System: Amnio fld | Units: arb U/L | Info: 
25163-7,Leucine crystals [#/area] in Urine sediment by Microscopy high power field,Test: Leucine crystals | System: Urine sed | Units: /HPF | Info: 
2517-1,L-iditol dehydrogenase [Enzymatic activity/volume] in Serum,Test: L-iditol dehydrogenase | System: Ser | Units: arb U/L | Info: 
2518-9,Lactate [Moles/volume] in Arterial blood,Test: Lactate | System: BldA | Units: mmol/L | Info: 
2519-7,Lactate [Moles/volume] in Venous blood,Test: Lactate | System: BldV | Units: mmol/L | Info: 
2520-5,Lactate [Moles/volume] in Cerebral spinal fluid,Test: Lactate | System: CSF | Units: mmol/L | Info: 
2522-1,Lactate [Moles/volume] in Pleural fluid,Test: Lactate | System: Plr fld | Units: mmol/L | Info: 
2523-9,Lactate [Moles/volume] in Peritoneal fluid,Test: Lactate | System: Periton fld | Units: mmol/L | Info: 
2525-4,Lactate [Moles/volume] in Synovial fluid,Test: Lactate | System: Synv fld | Units: mmol/L | Info: 
2527-0,Lactate dehydrogenase [Enzymatic activity/volume] in Amniotic fluid,Test: Lactate dehydrogenase | System: Amnio fld | Units: arb U/L | Info: 
25301-3,Alanine [Moles/time] in 24 hour Urine,Test: Alanine | System: Urine | Units: umol/d | Info: 
25302-1,Alanine aminotransferase [Enzymatic activity/volume] in Body fluid,Test: Alanine aminotransferase | System: Body fld | Units: arb U/L | Info: 
25303-9,Alpha 1 antitrypsin [Mass/mass] in Stool,Test: Alpha 1 antitrypsin | System: Stool | Units: g/kg | Info: 
25304-7,Alpha aminoadipate [Moles/time] in 24 hour Urine,Test: Alpha aminoadipate | System: Urine | Units: umol/24 H | Info: 
25305-4,Alpha aminobutyrate [Moles/time] in 24 hour Urine,Test: Alpha aminobutyrate | System: Urine | Units: umol/24 H | Info: 
25312-0,Amylase.pancreatic/Amylase.total in Serum or Plasma,Test: Amylase.pancreatic/Amylase.total | System: Ser/Plas | Units: % | Info: 
25313-8,Amylase.salivary/Amylase.total in Serum or Plasma,Test: Amylase.salivary/Amylase.total | System: Ser/Plas | Units: % | Info: 
25314-6,Androstenediol [Moles/time] in 24 hour Urine,Test: Androstenediol | System: Urine | Units: mmol/24 H | Info: 
25316-1,17-Hydroxypregnenolone [Moles/volume] in Serum or Plasma,Test: 17-Hydroxypregnenolone | System: Ser/Plas | Units: nmol/L | Info: 
25320-3,Anserine [Moles/time] in 24 hour Urine,Test: Anserine | System: Urine | Units: umol/24 H | Info: 
25322-9,Arginine [Moles/time] in 24 hour Urine,Test: Arginine | System: Urine | Units: umol/24 H | Info: 
25326-0,Asparagine [Moles/time] in 24 hour Urine,Test: Asparagine | System: Urine | Units: umol/24 H | Info: 
25327-8,Aspartate [Moles/time] in 24 hour Urine,Test: Aspartate | System: Urine | Units: umol/24 H | Info: 
2534-6,Lactate dehydrogenase [Enzymatic activity/volume] in Urine,Test: Lactate dehydrogenase | System: Urine | Units: arb U/L | Info: 
25346-8,Beta alanine [Moles/time] in 24 hour Urine,Test: Beta alanine | System: Urine | Units: umol/24 H | Info: 
25348-4,Beta aminoisobutyrate [Moles/time] in 24 hour Urine,Test: Beta aminoisobutyrate | System: Urine | Units: umol/24 H | Info: 
2536-1,Lactate dehydrogenase 1/Lactate dehydrogenase.total in Serum or Plasma by Electrophoresis,Test: Lactate dehydrogenase 1/Lactate dehydrogenase.total | System: Ser/Plas | Units: % | Info: 
25365-8,Carnosine [Moles/time] in 24 hour Urine,Test: Carnosine | System: Urine | Units: umol/24 H | Info: 
25376-5,Citrulline [Moles/time] in 24 hour Urine,Test: Citrulline | System: Urine | Units: umol/24 H | Info: 
25386-4,Creatinine [Moles/volume] in Body fluid,Test: Creatinine | System: Body fld | Units: mmol/L;umol/L | Info: 
25388-0,Cystathionine [Moles/time] in 24 hour Urine,Test: Cystathionine | System: Urine | Units: umol/24 H | Info: 
2539-5,Lactate dehydrogenase 2/Lactate dehydrogenase.total in Serum or Plasma by Electrophoresis,Test: Lactate dehydrogenase 2/Lactate dehydrogenase.total | System: Ser/Plas | Units: % | Info: 
2541-1,Lactate dehydrogenase 3 [Enzymatic activity/volume] in Serum or Plasma by Chemical separation,Test: Lactate dehydrogenase 3 | System: Ser/Plas | Units: arb U/L | Info: 
25427-6,Gamma aminobutyrate [Moles/time] in 24 hour Urine,Test: Gamma aminobutyrate | System: Urine | Units: umol/24 H | Info: 
2542-9,Lactate dehydrogenase 3/Lactate dehydrogenase.total in Serum or Plasma by Electrophoresis,Test: Lactate dehydrogenase 3/Lactate dehydrogenase.total | System: Ser/Plas | Units: % | Info: 
25438-3,Hexacarboxylporphyrin [Moles/time] in 24 hour Urine,Test: Hexacarboxylporphyrin | System: Urine | Units: umol/24 H | Info: 
25443-3,Hydroxylysine [Moles/time] in 24 hour Urine,Test: Hydroxylysine | System: Urine | Units: umol/24 H | Info: 
2544-5,Lactate dehydrogenase 4 [Enzymatic activity/volume] in Serum or Plasma by Chemical separation,Test: Lactate dehydrogenase 4 | System: Ser/Plas | Units: arb U/L | Info: 
25447-4,Insulin Free [Moles/volume] in Serum or Plasma,Test: Insulin.free | System: Ser/Plas | Units: pmol/L | Info: 
2545-2,Lactate dehydrogenase 4/Lactate dehydrogenase.total in Serum or Plasma by Electrophoresis,Test: Lactate dehydrogenase 4/Lactate dehydrogenase.total | System: Ser/Plas | Units: % | Info: 
25460-7,Leucine [Moles/time] in 24 hour Urine,Test: Leucine | System: Urine | Units: umol/24 H | Info: 
25464-9,Lysine [Moles/time] in 24 hour Urine,Test: Lysine | System: Urine | Units: umol/24 H | Info: 
25473-0,Metanephrine [Moles/volume] in Serum or Plasma,Test: Metanephrine | System: Ser/Plas | Units: nmol/L | Info: 
25474-8,Metanephrines [Moles/volume] in Serum or Plasma,Test: Metanephrines | System: Ser/Plas | Units: nmol/L | Info: 
25476-3,Methionine [Moles/time] in 24 hour Urine,Test: Methionine | System: Urine | Units: umol/24 H | Info: 
25477-1,Methionine sulfoxide [Moles/time] in 24 hour Urine,Test: Methionine sulfoxide | System: Urine | Units: umol/24 H | Info: 
2547-8,Lactate dehydrogenase 5 [Enzymatic activity/volume] in Serum or Plasma by Chemical separation,Test: Lactate dehydrogenase 5 | System: Ser/Plas | Units: arb U/L | Info: 
2548-6,Lactate dehydrogenase 5/Lactate dehydrogenase.total in Serum or Plasma by Electrophoresis,Test: Lactate dehydrogenase 5/Lactate dehydrogenase.total | System: Ser/Plas | Units: % | Info: 
25489-6,Normetanephrine [Moles/volume] in Serum or Plasma,Test: Normetanephrine | System: Ser/Plas | Units: nmol/L | Info: 
25491-2,Ornithine [Moles/time] in 24 hour Urine,Test: Ornithine | System: Urine | Units: mmol/24 H | Info: 
25494-6,Pentacarboxylporphyrins [Moles/time] in 24 hour Urine,Test: Pentacarboxylporphyrins | System: Urine | Units: umol/24 H | Info: 
25495-3,Phenylalanine [Moles/time] in 24 hour Urine,Test: Phenylalanine | System: Urine | Units: umol/24 H | Info: 
25501-8,Phosphate [Moles/volume] in Body fluid,Test: Phosphate | System: Body fld | Units: mmol/L | Info: 
25502-6,Phosphoethanolamine [Moles/volume] in Urine,Test: Phosphoethanolamine | System: Urine | Units: umol/L | Info: 
25503-4,Phosphoserine [Moles/time] in 24 hour Urine,Test: Phosphoserine | System: Urine | Units: umol/24 H | Info: 
25507-5,Pregnenolone [Moles/volume] in Serum or Plasma,Test: Pregnenolone | System: Ser/Plas | Units: nmol/L | Info: 
2551-0,Lactoferrin [Mass/volume] in Serum,Test: Lactoferrin | System: Ser | Units: ug/L | Info: 
25510-9,Proline [Moles/time] in 24 hour Urine,Test: Proline | System: Urine | Units: umol/24 H | Info: 
25518-2,Sarcosine [Moles/time] in 24 hour Urine,Test: Sarcosine | System: Urine | Units: umol/24 H | Info: 
25523-2,Serine [Moles/time] in 24 hour Urine,Test: Serine | System: Urine | Units: umol/24 H | Info: 
25524-0,Serotonin [Moles/volume] in Blood,Test: Serotonin | System: Bld | Units: umol/L | Info: 
2552-8,Lactose [Mass/volume] in Serum or Plasma,Test: Lactose | System: Ser/Plas | Units: mg/dL | Info: 
25528-1,Insulin-like growth factor [Moles/volume] in Serum or Plasma,Test: Insulin-like growth factor | System: Ser/Plas | Units: pmol/L | Info: 
25533-1,Taurine [Moles/time] in 24 hour Urine,Test: Taurine | System: Urine | Units: umol/24 H | Info: 
25540-6,Threonine [Moles/time] in 24 hour Urine,Test: Threonine | System: Urine | Units: umol/24 H | Info: 
25543-0,Lipase [Enzymatic activity/time] in 24 hour Urine,Test: Triacylglycerol lipase | System: Urine | Units: U/24 H | Info: 
25546-3,Tryptophan [Moles/time] in 24 hour Urine,Test: Tryptophan | System: Urine | Units: umol/24 H | Info: 
25547-1,Tyrosine [Moles/time] in 24 hour Urine,Test: Tyrosine | System: Urine | Units: mmol/24 H | Info: 
25548-9,Urate [Moles/volume] in Body fluid,Test: Urate | System: Body fld | Units: umol/L | Info: 
25549-7,Urea [Moles/volume] in Body fluid,Test: Urea | System: Body fld | Units: mmol/L | Info: 
2555-1,Lecithin cholesterol acyltransferase [Enzymatic activity/volume] in Serum or Plasma,Test: Lecithin cholesterol acyltransferase | System: Ser/Plas | Units: arb U/L | Info: 
25553-9,Valine [Moles/time] in 24 hour Urine,Test: Valine | System: Urine | Units: umol/24 H | Info: 
25556-2,Xylose [Moles/volume] in Urine,Test: Xylose | System: Urine | Units: mmol/L | Info: 
25563-8,Angiotensin II [Moles/volume] in Plasma --upright,Test: Angiotensin II^upright | System: Plas | Units: pmol/L | Info: 
25587-7,Chromogranin A [Moles/volume] in Serum or Plasma,Test: Chromogranin A | System: Ser/Plas | Units: nmol/L | Info: 
2569-2,Lipids [Mass/volume] in Serum,Test: Lipids | System: Ser | Units: mg/dL | Info: 
2572-6,Lipoprotein lipase [Enzymatic activity/volume] in Serum or Plasma,Test: Lipoprotein lipase | System: Ser/Plas | Units: arb U/L | Info: 
25732-9,Pregnanetriolone [Moles/time] in 24 hour Urine,Test: Pregnanetriolone | System: Urine | Units: mmol/24 H | Info: 
25733-7,Procollagen type III [Units/volume] in Serum,Test: Procollagen type III | System: Ser | Units: arb U/mL | Info: 
25742-8,Prothrombin Fragment 1.2 [Moles/volume] in Serum or Plasma,Test: Prothrombin fragment 1+2 | System: Ser/Plas | Units: nmol/L | Info: 
2576-7,Lipoproteins [Mass/volume] in Serum or Plasma,Test: Lipoprotein | System: Ser/Plas | Units: mg/dL | Info: 
25799-8,Tissue polypeptide specific Ag [Units/volume] in Urine,Test: Tissue polypeptide specific Ag | System: Urine | Units: arb U/L | Info: 
25820-2,Cysteate [Moles/time] in 24 hour Urine,Test: Cysteate | System: Urine | Units: umol/24 H | Info: 
25829-3,Glucosylceramidase [Enzymatic activity/mass] in Fibroblast,Test: Glucosylceramidase | System: Fibroblasts | Units: nmol/h/mg protein | Info: 
25831-9,Beta-N-acetylhexosaminidase.A [Enzymatic activity/mass] in Fibroblast,Test: Beta-N-acetylhexosaminidase.A | System: Fibroblasts | Units: nmol/h/mg protein | Info: 
25851-7,Ammonia/Creatinine [Molar ratio] in 24 hour Urine,Test: Ammonia/Creatinine | System: Urine | Units: mmol/mol creatinine | Info: 
25855-8,3-Alpha-Androstanediol glucuronide [Moles/time] in 24 hour Urine,Test: 3-Alpha-Androstanediol glucuronide | System: Urine | Units: umol/24 H | Info: 
25869-9,Beta alanine/Creatinine [Molar ratio] in 24 hour Urine,Test: Beta alanine/Creatinine | System: Urine | Units: mmol/mol creatinine | Info: 
2588-2,Lysolecithin acyltransferase [Enzymatic activity/volume] in Red Blood Cells,Test: Lysolecithin acyltransferase | System: RBC | Units: U/mL RBC | Info: 
2589-0,Lysozyme [Mass/volume] in Serum or Plasma,Test: Lysozyme | System: Ser/Plas | Units: ug/mL | Info: 
25890-5,Cysteate/Creatinine [Molar ratio] in 24 hour Urine,Test: Cysteate/Creatinine | System: Urine | Units: mmol/mol creatinine | Info: 
25891-3,Cysteine [Moles/volume] in 24 hour Urine,Test: Cysteine | System: Urine | Units: umol/L | Info: 
25893-9,Cysteine/Creatinine [Molar ratio] in 24 hour Urine,Test: Cysteine/Creatinine | System: Urine | Units: mmol/mol creatinine | Info: 
25907-7,Elastase.pancreatic [Mass/mass] in Stool,Test: Elastase.pancreatic | System: Stool | Units: ug/g;g/kg; mcg/gm | Info: 
2590-8,Lysozyme [Mass/time] in 24 hour Urine,Test: Lysozyme | System: Urine | Units: ug/24 H | Info: 
2591-6,Macroamylase [Enzymatic activity/volume] in Serum or Plasma,Test: Macroamylase | System: Ser/Plas | Units: arb U/L | Info: 
2592-4,Macroglobulin [Mass/volume] in Serum or Plasma,Test: Macroglobulin | System: Ser/Plas | Units: ng/mL | Info: 
2594-0,Magnesium [Moles/volume] in Cerebral spinal fluid,Test: Magnesium | System: CSF | Units: mmol/L | Info: 
2595-7,Magnesium [Moles/volume] in Dialysis fluid,Test: Magnesium | System: Dial fld | Units: mmol/L | Info: 
25958-0,Methionine sulfoxide/Creatinine [Molar ratio] in 24 hour Urine,Test: Methionine sulfoxide/Creatinine | System: Urine | Units: mmol/mol creatinine | Info: 
2596-5,Magnesium [Moles/volume] in Body fluid,Test: Magnesium | System: Body fld | Units: mmol/L | Info: 
2597-3,Magnesium [Moles/volume] in Red Blood Cells,Test: Magnesium | System: RBC | Units: mmol/L | Info: 
25977-0,Pyridinoline [Moles/volume] in 24 hour Urine,Test: Pyridinoline | System: Urine | Units: umol/L | Info: 
25999-4,Urea/Creatinine [Molar ratio] in 24 hour Urine,Test: Urea/Creatinine | System: Urine | Units: mmol/mol creatinine | Info: 
2600-5,Magnesium Ionized [Moles/volume] in Serum or Plasma,Test: Magnesium.ionized | System: Ser/Plas | Units: mmol/L | Info: 
26010-9,Alkaline phosphatase.other fractions/Alkaline phosphatase.total in Serum or Plasma,Test: Alkaline phosphatase.other fractions/Alkaline phosphatase.total | System: Ser/Plas | Units: % | Info: 
26011-7,Macroamylase/Amylase.total in Serum or Plasma,Test: Macroamylase/Amylase.total | System: Ser/Plas | Units: % | Info: 
26015-8,Cholesterol in HDL 2 [Moles/volume] in Serum or Plasma,Test: Cholesterol.in HDL 2 | System: Ser/Plas | Units: mmol/L | Info: 
26016-6,Cholesterol in HDL 2 [Mass/volume] in Serum or Plasma ultracentrifugate,Test: Cholesterol.in HDL 2 | System: Ser/Plas.ultracentrifugate | Units: mg/dL | Info: 
26017-4,Cholesterol in HDL 3 [Moles/volume] in Serum or Plasma,Test: Cholesterol.in HDL 3 | System: Ser/Plas | Units: mmol/L | Info: 
26019-0,Creatine Kinase.macromolecular type 1/Creatine kinase.total in Serum or Plasma,Test: Creatine kinase.macromolecular.type 1/Creatine kinase.total | System: Ser/Plas | Units: % | Info: 
26020-8,Creatine Kinase.macromolecular type 2/Creatine kinase.total in Serum or Plasma,Test: Creatine kinase.macromolecular.type 2/Creatine kinase.total | System: Ser/Plas | Units: % | Info: 
2602-1,Malate dehydrogenase [Enzymatic activity/volume] in Serum,Test: Malate dehydrogenase | System: Ser | Units: arb U/L | Info: 
26027-3,Histiocytes [#/area] in Urine sediment by Microscopy high power field,Test: Histiocytes | System: Urine sed | Units: /HPF | Info: 
26031-5,Sialate.lipid bound [Moles/volume] in Serum or Plasma,Test: Sialate.lipid bound | System: Ser/Plas | Units: mmol/L | Info: 
26035-6,Serotonin [Moles/volume] in Plasma,Test: Serotonin | System: Plas | Units: umol/L | Info: 
2603-9,Malonate [Mass/volume] in Serum,Test: Malonate | System: Ser | Units: mg/dL | Info: 
26051-3,Epithelial cells.extrarenal [#/area] in Urine sediment by Microscopy high power field,Test: Epithelial cells.extrarenal | System: Urine sed | Units: /HPF | Info: 
26053-9,N-methylhistamine [Moles/time] in 24 hour Urine,Test: N-methylhistamine | System: Urine | Units: mmol/24 H | Info: 
2607-0,Melanin [Mass/volume] in Urine,Test: Melanin | System: Urine | Units: ng/mL | Info: 
2611-2,Methcoproporphyrin [Mass/volume] in Serum or Plasma,Test: Methcoproporphyrin | System: Ser/Plas | Units: ug/dL | Info: 
2612-0,Methemalbumin [Mass/volume] in Serum or Plasma,Test: Methemalbumin | System: Ser/Plas | Units: mg/dL | Info: 
2614-6,Methemoglobin/Hemoglobin.total in Blood,Test: Methemoglobin/Hemoglobin.total | System: Bld | Units: % | Info: 
2615-3,Methemoglobin/Hemoglobin.total in Arterial blood,Test: Methemoglobin/Hemoglobin.total | System: BldA | Units: % | Info: 
2616-1,Methemoglobin/Hemoglobin.total in Capillary blood,Test: Methemoglobin/Hemoglobin.total | System: BldC | Units: % | Info: 
2617-9,Methemoglobin/Hemoglobin.total in Venous blood,Test: Methemoglobin/Hemoglobin.total | System: BldV | Units: % | Info: 
2618-7,Methemoglobin/Hemoglobin.total in Red Blood Cells,Test: Methemoglobin/Hemoglobin.total | System: RBC | Units: % | Info: 
2625-2,Methionine adenosyltransferase [Enzymatic activity/volume] in Serum,Test: Methionine adenosyltransferase | System: Ser | Units: arb U/L | Info: 
2627-8,Methylenetetrahydrofolate dehydrogenase NAD [Enzymatic activity/volume] in Serum,Test: Methylenetetrahydrofolate dehydrogenase.NAD | System: Ser | Units: arb U/L | Info: 
2628-6,Methylenetetrahydrofolate dehydrogenase NADP [Enzymatic activity/volume] in Serum,Test: Methylenetetrahydrofolate dehydrogenase.NADP | System: Ser | Units: arb U/L | Info: 
2630-2,Methylmalonate [Mass/volume] in Urine,Test: Methylmalonate | System: Urine | Units: ug/dL | Info: 
2631-0,Methylmalonyl CoA mutase [Enzymatic activity/volume] in Serum,Test: Methylmalonyl CoA mutase | System: Ser | Units: arb U/L | Info: 
2637-7,Mucoprotein [Mass/volume] in Serum,Test: Mucoprotein | System: Ser | Units: mg/dL | Info: 
2638-5,Myelin basic protein [Mass/volume] in Cerebral spinal fluid,Test: Myelin basic protein | System: CSF | Units: ng/mL | Info: 
2641-9,Myoglobin [Mass/volume] in Urine,Test: Myoglobin | System: Urine | Units: ug/L;mcg/mL | Info: 
2643-5,N-acetyl-beta-glucosaminidase [Enzymatic activity/volume] in Serum,Test: N-acetyl-beta-glucosaminidase | System: Ser | Units: arb U/L | Info: 
2644-3,Alpha-N-acetylglucosaminidase [Enzymatic activity/volume] in Urine,Test: Alpha-N-acetylglucosaminidase | System: Urine | Units: nmol/h/mL | Info: 
2645-0,N-Acetylgalactosamine-4-Sulfatase [Enzymatic activity/volume] in Amniotic fluid,Test: N-Acetylgalactosamine-4-Sulfatase | System: Amnio fld | Units: ug/mL/h | Info: 
2646-8,N-Acetylgalactosamine-4-Sulfatase [Enzymatic activity/volume] in Serum,Test: N-Acetylgalactosamine-4-Sulfatase | System: Ser | Units: arb U/L | Info: 
2647-6,N-Acetylgalactosamine-4-Sulfatase [Enzymatic activity/mass] in Tissue,Test: N-Acetylgalactosamine-4-Sulfatase | System: Tiss | Units: nmol/h/mg protein | Info: 
2649-2,N-Acetylgalactosamine-6-Sulfatase [Enzymatic activity/mass] in Tissue,Test: N-Acetylgalactosamine-6-Sulfatase | System: Tiss | Units: pmol/H/mg protein | Info: 
2650-0,N-Acetylglucosamine-6-Sulfatase [Enzymatic activity/volume] in Serum,Test: N-Acetylglucosamine-6-Sulfatase | System: Ser | Units: arb U/L | Info: 
2651-8,NADH dehydrogenase [Enzymatic activity/volume] in Plasma,Test: NADH dehydrogenase | System: Plas | Units: arb U/L | Info: 
2652-6,NADH dehydrogenase [Enzymatic activity/volume] in Red Blood Cells,Test: NADH dehydrogenase | System: RBC | Units: U/mL RBC | Info: 
2654-2,Neurophysin [Mass/volume] in Serum or Plasma,Test: Neurophysin | System: Ser/Plas | Units: ng/mL | Info: 
2655-9,Neurotensin [Mass/volume] in Plasma,Test: Neurotensin | System: Plas | Units: pg/mL | Info: 
2656-7,Niacin [Mass/time] in 24 hour Urine,Test: Niacin | System: Urine | Units: ng/24 H | Info: 
2657-5,Nitrite [Mass/volume] in Urine,Test: Nitrite | System: Urine | Units: mg/mL | Info: 
26582-7,Homocysteine/Creatinine [Molar ratio] in Urine,Test: Homocysteine/Creatinine | System: Urine | Units: mmol/mol creatinine | Info: 
26584-3,1-Methylhistidine [Moles/volume] in Cerebral spinal fluid,Test: 1-Methylhistidine | System: CSF | Units: umol/L | Info: 
26585-0,3-Methylhistidine [Moles/volume] in Cerebral spinal fluid,Test: 3-Methylhistidine | System: CSF | Units: umol/L | Info: 
26586-8,Alpha aminobutyrate [Moles/volume] in Cerebral spinal fluid,Test: Alpha aminobutyrate | System: CSF | Units: umol/L | Info: 
26587-6,Alpha aminoadipate [Moles/volume] in Cerebral spinal fluid,Test: Alpha aminoadipate | System: CSF | Units: umol/L | Info: 
26588-4,Anserine [Moles/volume] in Cerebral spinal fluid,Test: Anserine | System: CSF | Units: umol/L | Info: 
26589-2,Beta alanine [Moles/volume] in Cerebral spinal fluid,Test: Beta alanine | System: CSF | Units: umol/L | Info: 
26590-0,Beta aminoisobutyrate [Moles/volume] in Cerebral spinal fluid,Test: Beta aminoisobutyrate | System: CSF | Units: umol/L | Info: 
26591-8,Carnosine [Moles/volume] in Cerebral spinal fluid,Test: Carnosine | System: CSF | Units: umol/L | Info: 
26592-6,Cystathionine [Moles/volume] in Cerebral spinal fluid,Test: Cystathionine | System: CSF | Units: umol/L | Info: 
26594-2,Gamma aminobutyrate [Moles/volume] in Cerebral spinal fluid,Test: Gamma aminobutyrate | System: CSF | Units: umol/L | Info: 
26595-9,Hydroxylysine [Moles/volume] in Cerebral spinal fluid,Test: Hydroxylysine | System: CSF | Units: umol/L | Info: 
26596-7,Hydroxyproline [Moles/volume] in Cerebral spinal fluid,Test: Hydroxyproline | System: CSF | Units: umol/L | Info: 
26597-5,Phosphoethanolamine [Moles/volume] in Cerebral spinal fluid,Test: Phosphoethanolamine | System: CSF | Units: umol/L | Info: 
26598-3,Sarcosine [Moles/volume] in Cerebral spinal fluid,Test: Sarcosine | System: CSF | Units: umol/L | Info: 
26599-1,Anserine [Moles/volume] in Serum or Plasma,Test: Anserine | System: Ser/Plas | Units: umol/L;mcmol/dL; mcmol/L | Info: 
26600-7,Alpha aminoadipate [Moles/volume] in Serum or Plasma,Test: Alpha aminoadipate | System: Ser/Plas | Units: umol/L;mcmol/dL; mcmol/L | Info: 
26602-3,Tryptophan [Moles/volume] in Cerebral spinal fluid,Test: Tryptophan | System: CSF | Units: umol/L | Info: 
26603-1,Asparagine [Moles/volume] in Cerebral spinal fluid,Test: Asparagine | System: CSF | Units: umol/L | Info: 
26604-9,Beta alanine [Moles/volume] in Serum or Plasma,Test: Beta alanine | System: Ser/Plas | Units: umol/L;mcmol/dL; mcmol/L | Info: 
26605-6,Beta aminoisobutyrate [Moles/volume] in Serum or Plasma,Test: Beta aminoisobutyrate | System: Ser/Plas | Units: umol/L | Info: 
26606-4,Carnosine [Moles/volume] in Serum or Plasma,Test: Carnosine | System: Ser/Plas | Units: umol/L;mcmol/dL; mcmol/L | Info: 
26607-2,Cystathionine [Moles/volume] in Serum or Plasma,Test: Cystathionine | System: Ser/Plas | Units: umol/L;mcmol/dL; mcmol/L | Info: 
2660-9,Nitrogen [Mass/time] in 24 hour Urine,Test: Nitrogen | System: Urine | Units: g/24 H | Info: 
26609-8,Gamma aminobutyrate [Moles/volume] in Serum or Plasma,Test: Gamma aminobutyrate | System: Ser/Plas | Units: umol/L;mcmol/dL; mcmol/L | Info: 
26610-6,Hydroxylysine [Moles/volume] in Serum or Plasma,Test: Hydroxylysine | System: Ser/Plas | Units: umol/L;mcmol/dL; mcmol/L | Info: 
26612-2,Phosphoethanolamine [Moles/volume] in Serum or Plasma,Test: Phosphoethanolamine | System: Ser/Plas | Units: umol/L;mcmol/dL; mcmol/L | Info: 
26613-0,Sarcosine [Moles/volume] in Serum or Plasma,Test: Sarcosine | System: Ser/Plas | Units: umol/L;mcmol/dL; mcmol/L | Info: 
26614-8,Taurine [Moles/volume] in Cerebral spinal fluid,Test: Taurine | System: CSF | Units: umol/L | Info: 
2662-5,Nitrogen.nonprotein [Mass/volume] in Blood,Test: Nitrogen.nonprotein | System: Bld | Units: mg/dL | Info: 
2663-3,Nitrogen.nonprotein [Mass/volume] in Serum or Plasma,Test: Nitrogen.nonprotein | System: Ser/Plas | Units: mg/dL | Info: 
26700-5,Amino beta guanidinopropionate [Moles/time] in 24 hour Urine,Test: Amino beta guanidinopropionate | System: Urine | Units: umol/24 H | Info: 
26710-4,Leucine [Moles/volume] in Amniotic fluid,Test: Leucine | System: Amnio fld | Units: umol/dL | Info: 
26717-9,Phosphoethanolamine [Moles/volume] in Blood,Test: Phosphoethanolamine | System: Bld | Units: nmol/mL | Info: 
2672-4,Octopamine [Moles/volume] in Urine,Test: Octopamine | System: Urine | Units: nmol/L | Info: 
26730-2,Isoleucine [Moles/volume] in Amniotic fluid,Test: Isoleucine | System: Amnio fld | Units: umol/dL | Info: 
26737-7,Phosphoserine [Moles/volume] in Cerebral spinal fluid,Test: Phosphoserine | System: CSF | Units: umol/L;umol/dL | Info: 
26745-0,Citrulline [Moles/volume] in Amniotic fluid,Test: Citrulline | System: Amnio fld | Units: umol/dL | Info: 
26749-2,Urea nitrogen [Mass/volume] in Peritoneal dialysis fluid --2nd specimen,Test: Urea nitrogen^2nd specimen | System: Dial fld prt | Units: mg/dL | Info: 
26750-0,Carnosine [Moles/volume] in Amniotic fluid,Test: Carnosine | System: Amnio fld | Units: mmol/dL | Info: 
26761-7,Sodium renal clearance in 2 hour Urine and Serum or Plasma,Test: Sodium renal clearance | System: Urine+Ser/Plas | Units: mL/min | Info: 
26787-2,Anserine [Moles/volume] in Amniotic fluid,Test: Anserine | System: Amnio fld | Units: umol/dL | Info: 
26813-6,Acidity.titratable [Moles/volume] in Gastric fluid,Test: Acidity.titratable | System: Gast fld | Units: mEq/L | Info: 
26814-4,IgG.monoclonal [Mass/volume] in Serum,Test: IgG.monoclonal | System: Ser | Units: mg/dL | Info: 
26819-3,Alpha aminobutyrate [Moles/volume] in Amniotic fluid,Test: Alpha aminobutyrate | System: Amnio fld | Units: umol/dL | Info: 
2682-3,Ornithine carbamoyltransferase [Enzymatic activity/volume] in Amniotic fluid,Test: Ornithine carbamoyltransferase | System: Amnio fld | Units: arb U/L | Info: 
2683-1,Ornithine carbamoyltransferase [Enzymatic activity/volume] in Serum,Test: Ornithine carbamoyltransferase | System: Ser | Units: arb U/L | Info: 
26844-1,Methionine [Moles/volume] in Amniotic fluid,Test: Methionine | System: Amnio fld | Units: umol/dL | Info: 
26848-2,Interleukin 10 [Mass/volume] in Serum or Plasma,Test: Interleukin 10 | System: Ser/Plas | Units: pg/mL | Info: 
2684-9,Alpha-1-acid glycoprotein [Mass/volume] in Cerebral spinal fluid,Test: Alpha-1-Acid glycoprotein | System: CSF | Units: mg/dL | Info: 
26849-0,IgA.secretory [Mass/volume] in Saliva (oral fluid),Test: IgA.secretory | System: Saliva | Units: mg/dL | Info: 
26852-4,Amino beta guanidinopropionate [Moles/volume] in Amniotic fluid,Test: Amino beta guanidinopropionate | System: Amnio fld | Units: umol/dL | Info: 
2685-6,Alpha-1-acid glycoprotein [Mass/volume] in Serum or Plasma,Test: Alpha-1-Acid glycoprotein | System: Ser/Plas | Units: g/L;mg/dL | Info: 
26861-5,Gamma aminobutyrate [Moles/volume] in Amniotic fluid,Test: Gamma aminobutyrate | System: Amnio fld | Units: umol/dL | Info: 
26871-4,IgA [Mass/volume] in 24 hour Urine,Test: IgA | System: Urine | Units: mg/dL | Info: 
2687-2,Orotate phosphoribosyltransferase [Enzymatic activity/volume] in Serum,Test: Orotate phosphoribosyltransferase | System: Ser | Units: arb U/L | Info: 
26879-7,Triiodothyronine (T3) [Mass/volume] in Saliva (oral fluid),Test: Triiodothyronine | System: Saliva | Units: ng/dL | Info: 
2688-0,Orotidine-5'-Phosphate decarboxylase [Enzymatic activity/volume] in Serum,Test: Orotidine-5'-Phosphate decarboxylase | System: Ser | Units: arb U/L | Info: 
26881-3,Interleukin 6 [Mass/volume] in Serum or Plasma,Test: Interleukin 6 | System: Ser/Plas | Units: pg/mL | Info: 
26882-1,Homocystine [Moles/volume] in Amniotic fluid,Test: Homocystine | System: Amnio fld | Units: umol/dL | Info: 
26888-8,Sulfate [Moles/volume] in 24 hour Urine,Test: Sulfate | System: Urine | Units: mmol/L | Info: 
26892-0,Intrinsic factor blocking IgG Ab [Units/volume] in Serum by Radioimmunoassay (RIA),Test: Intrinsic factor blocking Ab.IgG | System: Ser | Units: arb U/mL | Info: 
26894-6,Glutamine [Moles/volume] in Amniotic fluid,Test: Glutamine | System: Amnio fld | Units: umol/dL | Info: 
2689-8,Osmolality of Amniotic fluid,Test: Observation | System: Amnio fld | Units: mOsm/kg | Info: 
2690-6,Osmolality of Pleural fluid,Test: Observation | System: Plr fld | Units: mOsm/kg | Info: 
26909-2,Alpha aminoadipate [Moles/volume] in Amniotic fluid,Test: Alpha aminoadipate | System: Amnio fld | Units: umol/dL | Info: 
2691-4,Osmolality of Peritoneal fluid,Test: Observation | System: Periton fld | Units: mOsm/kg | Info: 
26924-1,Cancer Ag 19-9 [Units/volume] in Body fluid,Test: Cancer Ag 19-9 | System: Body fld | Units: arb U/mL | Info: 
26929-0,Glycine [Moles/volume] in Amniotic fluid,Test: Glycine | System: Amnio fld | Units: umol/dL | Info: 
2693-0,Osmolality of Stool,Test: Observation | System: Stool | Units: mOsm/kg | Info: 
26932-4,Sarcosine [Moles/volume] in Amniotic fluid,Test: Sarcosine | System: Amnio fld | Units: umol/dL | Info: 
2694-8,Osmolality of 24 hour Urine,Test: Observation | System: Urine | Units: mOsm/kg | Info: 
26958-9,IgM [Mass/volume] in 24 hour Urine,Test: IgM | System: Urine | Units: mg/dL | Info: 
2696-3,Osmolality of Specimen,Test: Observation | System: XXX | Units: mmol/kg H2O | Info: 
26981-1,Phenylalanine [Moles/volume] in Amniotic fluid,Test: Phenylalanine | System: Amnio fld | Units: umol/dL | Info: 
26985-2,Arginine [Moles/volume] in Amniotic fluid,Test: Arginine | System: Amnio fld | Units: umol/dL | Info: 
26988-6,18-Hydroxydeoxycorticosterone [Mass/time] in 24 hour Urine,Test: 18-Hydroxydeoxycorticosterone | System: Urine | Units: ng/24 H | Info: 
2698-9,Osteonectin [Mass/volume] in Plasma,Test: Osteonectin | System: Plas | Units: ug/mL | Info: 
26998-5,Thyrotropin [Units/volume] in Saliva (oral fluid),Test: Thyrotropin | System: Saliva | Units: mIU/L | Info: 
27000-9,Thyroxine (T4) [Mass/volume] in Saliva (oral fluid),Test: Thyroxine | System: Saliva | Units: ng/dL | Info: 
27013-2,Alanine [Moles/volume] in Amniotic fluid,Test: Alanine | System: Amnio fld | Units: umol/dL | Info: 
27027-2,Cystine [Moles/volume] in Amniotic fluid,Test: Cystine | System: Amnio fld | Units: umol/L | Info: 
2702-9,Oxalate renal clearance in 24 hour Urine and Serum or Plasma,Test: Oxalate renal clearance | System: Urine+Ser/Plas | Units: mL/min | Info: 
2703-7,Oxygen [Partial pressure] in Arterial blood,Test: Oxygen | System: BldA | Units: mm Hg | Info: 
2704-5,Oxygen [Partial pressure] in Capillary blood,Test: Oxygen | System: BldC | Units: mm Hg | Info: 
2705-2,Oxygen [Partial pressure] in Venous blood,Test: Oxygen | System: BldV | Units: mm Hg | Info: 
27058-7,Beta alanine [Moles/volume] in Amniotic fluid,Test: Beta alanine | System: Amnio fld | Units: umol/dL | Info: 
2706-0,Oxygen [Partial pressure] in Body fluid,Test: Oxygen | System: Body fld | Units: mm Hg | Info: 
27075-1,Lycopene [Moles/volume] in Plasma,Test: Lycopene | System: Plas | Units: umol/L | Info: 
27078-5,Carotene.alpha [Moles/volume] in Plasma,Test: Carotene.alpha | System: Plas | Units: umol/L | Info: 
2708-6,Oxygen saturation in Arterial blood,Test: Oxygen saturation | System: BldA | Units: % | Info: 
27089-2,Asparagine [Moles/volume] in Amniotic fluid,Test: Asparagine | System: Amnio fld | Units: umol/dL | Info: 
27104-9,Glutamate [Moles/volume] in Amniotic fluid,Test: Glutamate | System: Amnio fld | Units: umol/dL | Info: 
27107-2,Lysine [Moles/volume] in Amniotic fluid,Test: Lysine | System: Amnio fld | Units: umol/L | Info: 
27111-4,Histidine [Moles/volume] in Amniotic fluid,Test: Histidine | System: Amnio fld | Units: umol/dL | Info: 
2713-6,Oxygen saturation Calculated from oxygen partial pressure in Blood,Test: Oxygen saturation | System: Bld | Units: % | Info: 
2714-4,Fractional oxyhemoglobin in Arterial blood,Test: Oxyhemoglobin/Hemoglobin.total | System: BldA | Units: % | Info: 
2715-1,Fractional oxyhemoglobin in Capillary blood,Test: Oxyhemoglobin/Hemoglobin.total | System: BldC | Units: % | Info: 
27161-9,Interleukin 4 [Mass/volume] in Serum or Plasma,Test: Interleukin 4 | System: Ser/Plas | Units: pg/mL | Info: 
27162-7,1-Methylhistidine [Moles/volume] in Amniotic fluid,Test: 1-Methylhistidine | System: Amnio fld | Units: umol/mL | Info: 
2716-9,Fractional oxyhemoglobin in Venous blood,Test: Oxyhemoglobin/Hemoglobin.total | System: BldV | Units: % | Info: 
27169-2,Butyrate (C4) [Mass/mass] in Stool,Test: Butyrate | System: Stool | Units: mg/g | Info: 
27176-7,3-Methylhistidine [Moles/volume] in Amniotic fluid,Test: 3-Methylhistidine | System: Amnio fld | Units: umol/dL | Info: 
2717-7,Fractional oxyhemoglobin in Plasma,Test: Oxyhemoglobin/Hemoglobin.total | System: Plas | Units: % | Info: 
27181-7,Hydroxyproline [Moles/volume] in Amniotic fluid,Test: Hydroxyproline | System: Amnio fld | Units: umol/dL | Info: 
2718-5,Oxytocin [Mass/volume] in Serum or Plasma,Test: Oxytocin | System: Ser/Plas | Units: pg/mL | Info: 
27195-7,Hydroxylysine [Moles/volume] in Amniotic fluid,Test: Hydroxylysine | System: Amnio fld | Units: umol/dL | Info: 
27199-9,18-Hydroxycortisol/Creatinine [Mass Ratio] in 24 hour Urine,Test: 18-Hydroxycortisol/Creatinine | System: Urine | Units: ng/g creatinine | Info: 
27217-9,Beta aminoisobutyrate [Moles/volume] in Amniotic fluid,Test: Beta aminoisobutyrate | System: Amnio fld | Units: umol/dL | Info: 
2721-9,Pancreatic polypeptide [Mass/volume] in Serum or Plasma,Test: Pancreatic polypeptide | System: Ser/Plas | Units: ng/L;pg/mL | Info: 
27219-5,Ornithine [Moles/volume] in Amniotic fluid,Test: Ornithine | System: Amnio fld | Units: umol/dL | Info: 
27225-2,Estriol (E3) [Mass/volume] in Saliva (oral fluid),Test: Estriol | System: Saliva | Units: pg/mL | Info: 
2722-7,"Pantothenate [Mass/volume] in Serum, Plasma or Blood",Test: Pantothenate | System: Ser/Plas/Bld | Units: ug/mL | Info: 
27254-2,Amino beta guanidinopropionate/Creatinine [Molar ratio] in Urine,Test: Amino beta guanidinopropionate/Creatinine | System: Urine | Units: mmol/mol creatinine | Info: 
27256-7,Aspartate [Moles/volume] in Amniotic fluid,Test: Aspartate | System: Amnio fld | Units: umol/dL | Info: 
27278-1,Phosphoethanolamine [Moles/volume] in Amniotic fluid,Test: Phosphoethanolamine | System: Amnio fld | Units: umol/dL | Info: 
27301-1,Glutarate [Moles/volume] in Serum or Plasma,Test: Glutarate | System: Ser/Plas | Units: nmol/mL | Info: 
2732-6,Parathyrin.mid molecule [Mass/volume] in Serum or Plasma,Test: Parathyrin.mid molecule | System: Ser/Plas | Units: pg/mL | Info: 
2733-4,Parathyrin.N-terminal [Mass/volume] in Serum or Plasma,Test: Parathyrin.N-terminal | System: Ser/Plas | Units: mg/dL | Info: 
27337-5,Amino beta guanidinopropionate [Moles/volume] in Cerebral spinal fluid,Test: Amino beta guanidinopropionate | System: CSF | Units: umol/dL | Info: 
2734-2,Pentoses [Mass/time] in 24 hour Urine,Test: Pentoses | System: Urine | Units: mg/24 H | Info: 
27353-2,Glucose mean value [Mass/volume] in Blood Estimated from glycated hemoglobin,Test: Estimated average glucose | System: Bld | Units: mg/dL | Info: 
2735-9,Pepsinogen [Mass/volume] in Blood,Test: Pepsinogen | System: Bld | Units: ng/mL | Info: 
2736-7,Pepsinogen I [Mass/volume] in Serum or Plasma,Test: Pepsinogen I | System: Ser/Plas | Units: ng/mL | Info: 
2737-5,Pepsinogen I [Mass/volume] in Urine,Test: Pepsinogen I | System: Urine | Units: ng/mL | Info: 
2738-3,Pepsinogen II [Mass/volume] in Serum or Plasma,Test: Pepsinogen II | System: Ser/Plas | Units: ng/mL | Info: 
2739-1,Pepsinogen [Mass/volume] in Serum or Plasma,Test: Pepsinogen | System: Ser/Plas | Units: ng/mL | Info: 
27396-1,Hemoglobin [Mass/mass] in Stool from gastrointestinal,Test: Hemoglobin | System: Stool^Patient.gastrointestinal | Units: ng/g | Info: 
27403-5,Gamma glutamyl transferase [Enzymatic activity/volume] in Urine,Test: Gamma glutamyl transferase | System: Urine | Units: arb U/L | Info: 
2740-9,Pepsins [Enzymatic activity/volume] in Gastric fluid,Test: Pepsins | System: Gast fld | Units: arb U/L | Info: 
27411-8,Iron/Creatinine [Mass Ratio] in Urine,Test: Iron/Creatinine | System: Urine | Units: ug/g creatinine | Info: 
2741-7,Pepsins [Enzymatic activity/volume] in Urine,Test: Pepsins | System: Urine | Units: arb U/L | Info: 
2742-5,Angiotensin converting enzyme [Enzymatic activity/volume] in Serum or Plasma,Test: Angiotensin converting enzyme | System: Ser/Plas | Units: arb U/L | Info: 
2762-3,Phenylalanine [Mass/volume] in Blood,Test: Phenylalanine | System: Bld | Units: mg/dL | Info: 
2775-5,Phosphate [Mass/volume] in Dialysis fluid,Test: Phosphate | System: Dial fld | Units: mg/dL | Info: 
2776-3,Phosphate renal clearance in 24 hour Urine and Serum or Plasma,Test: Phosphate renal clearance | System: Urine+Ser/Plas | Units: mL/s | Info: 
27810-1,Plasmin inhibitor actual/normal in Platelet poor plasma by Chromogenic method,Test: Plasmin inhibitor actual/Normal | System: PPP | Units: % | Info: 
27811-9,Antithrombin actual/normal in Platelet poor plasma by Chromogenic method,Test: Antithrombin actual/Normal | System: PPP | Units: % | Info: 
27812-7,Antithrombin Ag actual/normal in Platelet poor plasma by Immunoassay,Test: Antithrombin Ag actual/Normal | System: PPP | Units: % | Info: 
27813-5,Prothrombin Ag actual/normal in Platelet poor plasma by Immunoassay,Test: Prothrombin Ag actual/Normal | System: PPP | Units: % | Info: 
27814-3,Coagulation factor VII+Coagulation factor X actual/normal in Platelet poor plasma by Coagulation assay,Test: Coagulation factor VII+Coagulation factor X activity actual/Normal | System: PPP | Units: % | Info: 
27815-0,Coagulation factor XIII activity actual/normal in Platelet poor plasma by Chromogenic method,Test: Coagulation factor XIII activity actual/Normal | System: PPP | Units: % | Info: 
27816-8,von Willebrand factor (vWf) Ag actual/normal in Platelet poor plasma by Immunoassay,Test: von Willebrand factor Ag actual/Normal | System: PPP | Units: % | Info: 
27818-4,Protein C actual/normal in Platelet poor plasma by Chromogenic method,Test: Protein C actual/Normal | System: PPP | Units: % | Info: 
27820-0,Protein C Ag actual/normal in Platelet poor plasma by Immunoassay,Test: Protein C Ag actual/Normal | System: PPP | Units: % | Info: 
27821-8,Protein S Free Ag actual/normal in Platelet poor plasma by Immunoassay,Test: Protein S.free Ag actual/Normal | System: PPP | Units: % | Info: 
27822-6,Protein S actual/normal in Platelet poor plasma by Coagulation assay,Test: Protein S actual/Normal | System: PPP | Units: % | Info: 
27823-4,Protein S Ag actual/normal in Platelet poor plasma by Immunoassay,Test: Protein S Ag actual/Normal | System: PPP | Units: % | Info: 
27824-2,Prothrombin Fragment 1.2 Ag [Moles/volume] in Serum or Plasma by Immunoassay,Test: Prothrombin fragment 1+2 Ag | System: Ser/Plas | Units: nmol/L; pmol/L | Info: 
2786-2,Phosphatidylglycerol [Mass/volume] in Amniotic fluid,Test: Phosphatidylglycerol | System: Amnio fld | Units: mg/L | Info: 
2787-0,Phosphatidylinositol [Mass/volume] in Serum,Test: Phosphatidylinositol | System: Ser | Units: mg/L | Info: 
27882-0,Proinsulin [Moles/volume] in Serum or Plasma,Test: Proinsulin | System: Ser/Plas | Units: pmol/L | Info: 
2788-8,Phosphoenolpyruvate carboxykinase [Enzymatic activity/volume] in Serum,Test: Phosphoenolpyruvate carboxykinase | System: Ser | Units: arb U/L | Info: 
2791-2,Phosphofructokinase [Enzymatic activity/volume] in Blood,Test: Phosphofructokinase | System: Bld | Units: arb U/L | Info: 
27914-1,Gamma aminoadipate [Moles/time] in 24 hour Urine,Test: Gamma aminoadipate | System: Urine | Units: umol/24 H | Info: 
2792-0,Phosphofructokinase [Enzymatic activity/volume] in Serum,Test: Phosphofructokinase | System: Ser | Units: arb U/L | Info: 
27923-2,Coenzyme Q10 [Mass/volume] in Serum or Plasma,Test: Ubiquinone 10 | System: Ser/Plas | Units: mcg/mL; mg/dL; ug/mL | Info: 
27939-8,Collagen crosslinked N-telopeptide [Moles/volume] in Urine,Test: Collagen crosslinked N-telopeptide | System: Urine | Units: nmol/mL | Info: 
2797-9,Phosphoglucomutase [Enzymatic activity/volume] in Serum,Test: Phosphoglucomutase | System: Ser | Units: arb U/L | Info: 
27980-2,Thyroxine binding globulin [Moles/volume] in Serum or Plasma,Test: Thyroxine binding globulin | System: Ser/Plas | Units: nmol/L | Info: 
2798-7,Phosphoglycerate kinase [Enzymatic activity/volume] in Serum,Test: Phosphoglycerate kinase | System: Ser | Units: arb U/L | Info: 
27990-1,Fibrinogen fragments [Mass/volume] in Platelet poor plasma by Latex agglutination,Test: Fibrinogen fragments | System: PPP | Units: ug/mL | Info: 
27991-9,Fibrinogen fragments [Mass/volume] in Urine by Latex agglutination,Test: Fibrinogen fragments | System: Urine | Units: ug/mL | Info: 
2799-5,Phosphoglyceromutase [Enzymatic activity/volume] in Serum,Test: Phosphoglyceromutase | System: Ser | Units: arb U/L | Info: 
27997-6,Beta aminoadipate/Creatinine [Molar ratio] in Urine,Test: Beta aminoadipate/Creatinine | System: Urine | Units: mmol/mol creatinine | Info: 
27998-4,Estrone (E1) [Mass/volume] in Saliva (oral fluid),Test: Estrone | System: Saliva | Units: pg/mL | Info: 
28007-3,Urobilinogen [Units] in 24 hour Urine,Test: Urobilinogen | System: Urine | Units: Ehrlich units/24 H | Info: 
28038-8,Gamma hydroxybutyrate [Mass/volume] in Blood,Test: Gamma hydroxybutyrate | System: Bld | Units: ug/mL | Info: 
28041-2,Gamma hydroxybutyrate [Mass/volume] in Serum or Plasma,Test: Gamma hydroxybutyrate | System: Ser/Plas | Units: ug/mL | Info: 
28044-6,Gamma hydroxybutyrate [Mass/volume] in Urine,Test: Gamma hydroxybutyrate | System: Urine | Units: ug/mL | Info: 
28068-5,Beta aminobutyrate [Moles/volume] in Amniotic fluid,Test: Beta aminobutyrate | System: Amnio fld | Units: umol/dL | Info: 
28069-3,Meat fibers [#/area] in Stool by Light microscopy,Test: Meat fibers | System: Stool | Units: /HPF | Info: 
28070-1,Vegetable fibers [#/area] in Stool by Light microscopy,Test: Vegetable fibers | System: Stool | Units: /HPF | Info: 
28071-9,E selectin [Mass/volume] in Blood,Test: E selectin | System: Bld | Units: ng/mL | Info: 
2808-4,Porphobilin [Mass/volume] in Serum,Test: Porphobilin | System: Ser | Units: ug/dL | Info: 
2812-6,Porphobilinogen deaminase [Enzymatic activity/volume] in Red Blood Cells,Test: Porphobilinogen deaminase | System: RBC | Units: umol/L/h | Info: 
2813-4,Porphobilinogen synthase [Enzymatic activity/volume] in Red Blood Cells,Test: Porphobilinogen synthase | System: RBC | Units: U/mL RBC | Info: 
2814-2,Porphyrins [Mass/volume] in Red Blood Cells,Test: Porphyrins | System: RBC | Units: ug/dL | Info: 
2815-9,Porphyrins [Mass/volume] in Serum or Plasma,Test: Porphyrins | System: Ser/Plas | Units: ug/dL | Info: 
2819-1,Potassium [Moles/volume] in Cerebral spinal fluid,Test: Potassium | System: CSF | Units: mmol/L | Info: 
2820-9,Potassium [Moles/volume] in Dialysis fluid,Test: Potassium | System: Dial fld | Units: mmol/L | Info: 
2821-7,Potassium [Moles/volume] in Body fluid,Test: Potassium | System: Body fld | Units: mmol/L | Info: 
2822-5,Potassium [Moles/volume] in Gastric fluid,Test: Potassium | System: Gast fld | Units: mmol/L | Info: 
2823-3,Potassium [Moles/volume] in Serum or Plasma,Test: Potassium | System: Ser/Plas | Units: mmol/L | Info: 
2825-8,Potassium [Moles/volume] in Saliva (oral fluid),Test: Potassium | System: Saliva | Units: mmol/L | Info: 
2827-4,Potassium [Moles/volume] in Sweat,Test: Potassium | System: Sweat | Units: mmol/L | Info: 
2830-8,Potassium renal clearance in 24 hour Urine and Serum or Plasma,Test: Potassium renal clearance | System: Urine+Ser/Plas | Units: mL/min | Info: 
2831-6,Pregnancy specific protein 1 [Mass/volume] in Serum,Test: Pregnancy specific protein 1 | System: Ser | Units: ng/mL | Info: 
2832-4,Pregnanediol [Mass/volume] in Amniotic fluid,Test: Pregnanediol | System: Amnio fld | Units: ng/mL | Info: 
2841-5,Prolactin [Mass/volume] in Semen,Test: Prolactin | System: Semen | Units: ng/mL | Info: 
2848-0,Proline dipeptidase [Enzymatic activity/mass] in Tissue,Test: Proline dipeptidase | System: Tiss | Units: U/g | Info: 
2850-6,Propionyl CoA Carboxylase [Enzymatic activity/mass] in Tissue,Test: Propionyl CO-A carboxylase | System: Tiss | Units: pmol/min/mg protein | Info: 
2852-2,Prostaglandin E1 [Mass/volume] in Serum or Plasma,Test: Prostaglandin E1 | System: Ser/Plas | Units: pg/mL | Info: 
2853-0,Prostaglandin E2 [Mass/volume] in Serum or Plasma,Test: Prostaglandin E2 | System: Ser/Plas | Units: pg/mL | Info: 
2855-5,Prostaglandin F2 [Mass/volume] in Serum or Plasma,Test: Prostaglandin F2 | System: Ser/Plas | Units: pg/mL | Info: 
2856-3,Prostaglandin [Mass/volume] in Serum or Plasma,Test: Prostaglandin | System: Ser/Plas | Units: pg/mL | Info: 
28584-1,2-Oxoadipate/Creatinine [Ratio] in Urine,Test: 2-Oxoadipate/Creatinine | System: Urine | Units: mEq/g creatinine | Info: 
2858-9,Protein in CSF/Protein in serum,Test: Protein.CSF/Protein.serum | System: Ser+CSF | Units: Ratio | Info: 
2859-7,Protein kinase [Enzymatic activity/volume] in Serum,Test: Protein kinase | System: Ser | Units: arb U/L | Info: 
2860-5,Protein nitrogen [Mass/time] in 24 hour Urine,Test: Protein nitrogen | System: Urine | Units: g/24 H | Info: 
28637-7,Base deficit in Venous cord blood,Test: Base deficit | System: BldCoV | Units: mmol/L | Info: 
28638-5,Base excess in Arterial cord blood by calculation,Test: Base excess | System: BldCoA | Units: mmol/L | Info: 
28640-1,Bicarbonate [Moles/volume] in Arterial cord blood,Test: Bicarbonate | System: BldCoA | Units: mmol/L | Info: 
28641-9,Bicarbonate [Moles/volume] in Venous cord blood,Test: Bicarbonate | System: BldCoV | Units: mmol/L | Info: 
28642-7,Oxygen saturation in Arterial cord blood,Test: Oxygen saturation | System: BldCoA | Units: % | Info: 
28643-5,Oxygen saturation in Venous cord blood,Test: Oxygen saturation | System: BldCoV | Units: % | Info: 
28644-3,Carbon dioxide [Partial pressure] in Arterial cord blood,Test: Carbon dioxide | System: BldCoA | Units: mm Hg | Info: 
28645-0,Carbon dioxide [Partial pressure] in Venous cord blood,Test: Carbon dioxide | System: BldCoV | Units: mm Hg | Info: 
2864-7,Alpha 1 globulin [Mass/volume] in Cerebral spinal fluid by Electrophoresis,Test: Alpha 1 globulin | System: CSF | Units: g/L;g/dL | Info: 
28648-4,Oxygen [Partial pressure] in Arterial cord blood,Test: Oxygen | System: BldCoA | Units: mm Hg | Info: 
28649-2,Oxygen [Partial pressure] in Venous cord blood,Test: Oxygen | System: BldCoV | Units: mm Hg | Info: 
28652-6,Heparinoid [Units/volume] in Platelet poor plasma by Chromogenic method,Test: Heparinoid | System: PPP | Units: arb U/mL | Info: 
2865-4,Alpha 1 globulin [Mass/volume] in Serum or Plasma by Electrophoresis,Test: Alpha 1 globulin | System: Ser/Plas | Units: g/L;g/dL | Info: 
28657-5,Coagulation factor X activated actual/normal in Platelet poor plasma by Chromogenic method,Test: Coagulation factor X activated actual/Normal | System: PPP | Units: % | Info: 
28659-1,Prekallikrein (Fletcher Factor) actual/normal in Platelet poor plasma by Chromogenic method,Test: Prekallikrein actual/Normal | System: PPP | Units: % | Info: 
28660-9,Plasminogen actual/normal in Platelet poor plasma by Chromogenic method,Test: Plasminogen actual/Normal | System: PPP | Units: % | Info: 
2866-2,Alpha 1 globulin [Mass/volume] in Synovial fluid by Electrophoresis,Test: Alpha 1 globulin | System: Synv fld | Units: g/dL | Info: 
2867-0,Alpha 2 globulin [Mass/volume] in Cerebral spinal fluid by Electrophoresis,Test: Alpha 2 globulin | System: CSF | Units: g/L;g/dL | Info: 
2868-8,Alpha 2 globulin [Mass/volume] in Serum or Plasma by Electrophoresis,Test: Alpha 2 globulin | System: Ser/Plas | Units: g/L;g/dL | Info: 
2869-6,Alpha 2 globulin [Mass/volume] in Synovial fluid by Electrophoresis,Test: Alpha 2 globulin | System: Synv fld | Units: g/dL | Info: 
2870-4,Beta globulin [Mass/volume] in Cerebral spinal fluid by Electrophoresis,Test: Beta globulin | System: CSF | Units: g/L;g/dL | Info: 
2872-0,Beta globulin [Mass/volume] in Synovial fluid by Electrophoresis,Test: Beta globulin | System: Synv fld | Units: g/dL | Info: 
2873-8,Gamma globulin [Mass/volume] in Cerebral spinal fluid by Electrophoresis,Test: Gamma globulin | System: CSF | Units: g/L;g/dL | Info: 
2875-3,Gamma globulin [Mass/volume] in Synovial fluid by Electrophoresis,Test: Gamma globulin | System: Synv fld | Units: g/dL | Info: 
2876-1,Prealbumin [Mass/volume] in Cerebral spinal fluid by Electrophoresis,Test: Prealbumin | System: CSF | Units: g/L | Info: 
2878-7,Protein [Mass/volume] in Amniotic fluid,Test: Protein | System: Amnio fld | Units: g/L;mg/dL | Info: 
2880-3,Protein [Mass/volume] in Cerebral spinal fluid,Test: Protein | System: CSF | Units: g/L;mg/dL | Info: 
2881-1,Protein [Mass/volume] in Body fluid,Test: Protein | System: Body fld | Units: g/L;g/dL; mg/dL | Info: 
2882-9,Protein [Mass/volume] in Pleural fluid,Test: Protein | System: Plr fld | Units: g/L | Info: 
2883-7,Protein [Mass/volume] in Peritoneal fluid,Test: Protein | System: Periton fld | Units: g/L | Info: 
2884-5,Protein [Mass/volume] in Semen,Test: Protein | System: Semen | Units: g/dL | Info: 
2886-0,Protein [Mass/volume] in Synovial fluid,Test: Protein | System: Synv fld | Units: g/L | Info: 
2895-1,Protoporphyrin.zinc [Mass/volume] in Red Blood Cells,Test: Protoporphyrin.zinc | System: RBC | Units: ug/dL | Info: 
2896-9,Protoporphyrin [Mass/volume] in Blood,Test: Protoporphyrin | System: Bld | Units: ug/mL | Info: 
2899-3,Purine nucleoside phosphorylase [Enzymatic activity/mass] in Tissue,Test: Purine nucleoside phosphorylase | System: Tiss | Units: U/g | Info: 
2900-9,Pyridoxine [Mass/volume] in Serum or Plasma,Test: Pyridoxine | System: Ser/Plas | Units: ng/mL | Info: 
2901-7,Pyridoxine congeners [Mass/volume] in Serum or Plasma,Test: Pyridoxine congeners | System: Ser/Plas | Units: ng/mL | Info: 
2903-3,Pyrimidine-5'-Nucleotidase [Enzymatic activity/volume] in Blood,Test: Pyrimidine-5'-Nucleotidase | System: Bld | Units: arb U/L | Info: 
2906-6,Pyruvate [Mass/volume] in Arterial blood,Test: Pyruvate | System: BldA | Units: mg/dL | Info: 
2908-2,Pyruvate [Mass/volume] in Urine,Test: Pyruvate | System: Urine | Units: mg/dL | Info: 
2909-0,Pyruvate carboxylase [Enzymatic activity/mass] in Tissue,Test: Pyruvate carboxylase | System: Tiss | Units: pmol/min/mg protein | Info: 
2910-8,Pyruvate dehydrogenase.cytochrome [Enzymatic activity/volume] in Serum or Plasma,Test: Pyruvate dehydrogenase.cytochrome | System: Ser/Plas | Units: arb U/L | Info: 
2911-6,Pyruvate dehydrogenase.lipoamide [Enzymatic activity/mass] in Tissue,Test: Pyruvate dehydrogenase.lipoamide | System: Tiss | Units: U/g | Info: 
2912-4,Pyruvate kinase [Enzymatic activity/volume] in Red Blood Cells,Test: Pyruvate kinase | System: RBC | Units: U/mL RBC | Info: 
2913-2,Pyruvate kinase [Enzymatic activity/volume] in Serum or Plasma,Test: Pyruvate kinase | System: Ser/Plas | Units: arb U/L | Info: 
2914-0,Pyruvate oxidase [Enzymatic activity/volume] in Serum or Plasma,Test: Pyruvate oxidase | System: Ser/Plas | Units: arb U/L | Info: 
29146-8,Alpha 1 antitrypsin [Mass/volume] in Body fluid,Test: Alpha 1 antitrypsin | System: Body fld | Units: mg/dL | Info: 
29153-4,Cancer Ag 15-3 [Units/volume] in Body fluid,Test: Cancer Ag 15-3 | System: Body fld | Units: arb U/mL | Info: 
29154-2,Choriogonadotropin.beta subunit [Units/volume] in Body fluid,Test: Choriogonadotropin.beta subunit | System: Body fld | Units: mIU/mL; mU/mL | Info: 
29155-9,Follitropin/Creatinine [Ratio] in 24 hour Urine,Test: Follitropin/Creatinine | System: Urine | Units: IU/g creatinine | Info: 
29157-5,Lutropin/Creatinine [Ratio] in 24 hour Urine,Test: Lutropin/Creatinine | System: Urine | Units: IU/g creatinine | Info: 
2916-5,Renin renal clearance in 24 hour Urine and Serum or Plasma,Test: Renin renal clearance | System: Urine+Ser/Plas | Units: mL/min | Info: 
2918-1,Renin [Enzymatic activity/volume] in Plasma --upright,Test: Renin^upright | System: Plas | Units: ng/mL/h | Info: 
29210-2,Bilirubin.indirect [Mass/volume] in Body fluid,Test: Bilirubin.non-glucuronidated | System: Body fld | Units: mg/dL | Info: 
29213-6,Ceruloplasmin [Mass/volume] in Body fluid,Test: Ceruloplasmin | System: Body fld | Units: mg/L | Info: 
2921-5,Retinoate [Mass/volume] in Serum or Plasma,Test: Retinoate | System: Ser/Plas | Units: ng/mL | Info: 
2922-3,Retinol [Mass/volume] in Blood,Test: Retinol | System: Bld | Units: ug/mL | Info: 
29238-3,Insulin [Units/volume] in Body fluid,Test: Insulin | System: Body fld | Units: uIU/mL | Info: 
2924-9,Riboflavin [Mass/volume] in Serum or Plasma,Test: Riboflavin | System: Ser/Plas | Units: ug/dL | Info: 
29253-2,Alpha-1-Fetoprotein [Multiple of the median] adjusted in Amniotic fluid,Test: Alpha-1-Fetoprotein^^adjusted | System: Amnio fld | Units: M.o.M | Info: 
2925-6,Ribonuclease [Enzymatic activity/volume] in Serum,Test: Ribonuclease | System: Ser | Units: arb U/L | Info: 
2926-4,Ribose [Mass/volume] in Serum,Test: Ribose | System: Ser | Units: mg/dL | Info: 
29265-6,Calcium [Moles/volume] corrected for albumin in Serum or Plasma,Test: Calcium^^corrected for albumin | System: Ser/Plas | Units: mmol/L | Info: 
29293-8,Leucine [Mass/volume] in Blood,Test: Leucine | System: Bld | Units: mg/dL | Info: 
2933-0,Secretin [Mass/volume] in Plasma,Test: Secretin | System: Plas | Units: pg/mL | Info: 
29349-8,Potassium [Moles/volume] in Serum or Plasma --post dialysis,Test: Potassium^post dialysis | System: Ser/Plas | Units: mmol/L; mEq/L | Info: 
29353-0,17-Ketosteroids.total neutral [Mass/time] in 12 hour Urine,Test: 17-Ketosteroids.total neutral | System: Urine | Units: mg/12 H | Info: 
2941-3,Serotonin [Mass/volume] in Platelets,Test: Serotonin | System: Platelets | Units: ng/mL | Info: 
2943-9,Sialate [Mass/volume] in Plasma,Test: Sialate | System: Plas | Units: mg/dL | Info: 
2944-7,Sialate [Mass/volume] in Urine,Test: Sialate | System: Urine | Units: mg/dL | Info: 
2945-4,Sialidase [Enzymatic activity/volume] in Serum,Test: Sialidase | System: Ser | Units: arb U/L | Info: 
2946-2,Sialidase [Enzymatic activity/mass] in Tissue,Test: Sialidase | System: Tiss | Units: nmol/h/mg protein | Info: 
2947-0,Sodium [Moles/volume] in Blood,Test: Sodium | System: Bld | Units: mmol/L | Info: 
2948-8,Sodium [Moles/volume] in Cerebral spinal fluid,Test: Sodium | System: CSF | Units: mmol/L | Info: 
2949-6,Sodium [Moles/volume] in Dialysis fluid,Test: Sodium | System: Dial fld | Units: mmol/L | Info: 
29500-6,2-Hydroxyadipate/Creatinine [Molar ratio] in Urine,Test: 2-Hydroxyadipate/Creatinine | System: Urine | Units: mmol/mol creatinine | Info: 
29502-2,2-Hydroxyglutarate/Creatinine [Molar ratio] in Urine,Test: 2-Hydroxyglutarate/Creatinine | System: Urine | Units: mmol/mol creatinine | Info: 
29503-0,2-Hydroxyisocaproate/Creatinine [Molar ratio] in Urine,Test: 2-Hydroxyisocaproate/Creatinine | System: Urine | Units: mmol/mol creatinine | Info: 
2950-4,Sodium [Moles/volume] in Body fluid,Test: Sodium | System: Body fld | Units: mmol/L | Info: 
29504-8,2-Hydroxyisovalerate/Creatinine [Molar ratio] in Urine,Test: 2-Hydroxyisovalerate/Creatinine | System: Urine | Units: mmol/mol creatinine | Info: 
29505-5,2-Hydroxy-3-Methylvalerate/Creatinine [Molar ratio] in Urine,Test: 2-Hydroxy-3-Methylvalerate/Creatinine | System: Urine | Units: mmol/mol creatinine | Info: 
29508-9,3-Hydroxyadipate/Creatinine [Molar ratio] in Urine,Test: 3-Hydroxyadipate/Creatinine | System: Urine | Units: mmol/mol creatinine | Info: 
29510-5,3-Hydroxyglutarate/Creatinine [Molar ratio] in Urine,Test: 3-Hydroxyglutarate/Creatinine | System: Urine | Units: mmol/mol creatinine | Info: 
29511-3,3-Hydroxyisobutyrate/Creatinine [Molar ratio] in Urine,Test: 3-Hydroxyisobutyrate/Creatinine | System: Urine | Units: mmol/mol creatinine | Info: 
2951-2,Sodium [Moles/volume] in Serum or Plasma,Test: Sodium | System: Ser/Plas | Units: mmol/L | Info: 
29512-1,Beta hydroxybutyrate [Mass/volume] in Serum or Plasma,Test: Beta hydroxybutyrate | System: Ser/Plas | Units: mcg/mL; mg/dL | Info: 
29514-7,3-Hydroxyisovalerate/Creatinine [Molar ratio] in Urine,Test: 3-Hydroxyisovalerate/Creatinine | System: Urine | Units: mmol/mol creatinine | Info: 
29515-4,3-Hydroxypropionate (3-OH-C3)/Creatinine [Molar ratio] in Urine,Test: 3-Hydroxypropionate/Creatinine | System: Urine | Units: mmol/mol creatinine | Info: 
29516-2,3-Hydroxyvalerate/Creatinine [Molar ratio] in Urine,Test: 3-Hydroxyvalerate/Creatinine | System: Urine | Units: mmol/mol creatinine | Info: 
29518-8,3-Methylglutarate/Creatinine [Molar ratio] in Urine,Test: 3-Methylglutarate/Creatinine | System: Urine | Units: mmol/mol creatinine | Info: 
29519-6,4-Hydroxyphenylpyruvate/Creatinine [Molar ratio] in Urine,Test: 4-Hydroxyphenylpyruvate/Creatinine | System: Urine | Units: mmol/mol creatinine | Info: 
29520-4,5-Hydroxyindoleacetate/Creatinine [Molar ratio] in Urine,Test: 5-Hydroxyindoleacetate/Creatinine | System: Urine | Units: mmol/mol creatinine | Info: 
29542-8,Beta-N-acetylhexosaminidase [Enzymatic activity/mass] in Amniotic fluid cells,Test: Beta-N-acetylhexosaminidase | System: Amnio fld cells | Units: U/g protein | Info: 
29543-6,Beta-N-acetylhexosaminidase.A/Beta-n-acetylhexosaminidase.total in Amniotic fluid cells,Test: Beta-N-acetylhexosaminidase.A/Beta-N-acetylhexosaminidase.total | System: Amnio fld cells | Units: % | Info: 
2954-6,Sodium [Moles/volume] in Sweat,Test: Sodium | System: Sweat | Units: mmol/L | Info: 
29572-5,Phenylalanine [Mass/volume] in DBS,Test: Phenylalanine | System: Bld.dot | Units: mg/dL | Info: 
29575-8,Thyrotropin [Units/volume] in DBS,Test: Thyrotropin | System: Bld.dot | Units: mIU/L | Info: 
2961-1,Somatostatin [Mass/volume] in Plasma,Test: Somatostatin | System: Plas | Units: pg/mL | Info: 
2962-9,Somatotropin [Mass/volume] in Amniotic fluid,Test: Somatotropin | System: Amnio fld | Units: ng/mL | Info: 
2963-7,Somatotropin [Mass/volume] in Serum or Plasma,Test: Somatotropin | System: Ser/Plas | Units: ug/L;mg/mL; ng/mL | Info: 
29639-2,Alkaline phosphatase [Enzymatic activity/mass] in Tissue,Test: Alkaline phosphatase | System: Tiss | Units: U/g | Info: 
29640-0,Isomaltase [Enzymatic activity/mass] in Tissue,Test: Isomaltase | System: Tiss | Units: U/g | Info: 
2971-0,Substance P [Mass/volume] in Serum or Plasma,Test: Substance P | System: Ser/Plas | Units: pg/mL | Info: 
2974-4,Sucrose [Mass/volume] in Specimen,Test: Sucrose | System: XXX | Units: g/dL | Info: 
29747-3,Tocopherols [Moles/volume] in Serum or Plasma,Test: Tocopherols | System: Ser/Plas | Units: umol/L | Info: 
29748-1,Protein [Mass/mass] in Tissue,Test: Protein | System: Tiss | Units: mg/g | Info: 
29764-8,Iron [Moles/volume] in Body fluid,Test: Iron | System: Body fld | Units: mmol/L | Info: 
29765-5,Cholesterol [Moles/volume] in Body fluid,Test: Cholesterol | System: Body fld | Units: mmol/L | Info: 
29766-3,Triglyceride [Moles/volume] in Body fluid,Test: Triglyceride | System: Body fld | Units: mmol/L | Info: 
2976-9,Sulfate.inorganic [Mass/volume] in Serum or Plasma,Test: Sulfate.inorganic | System: Ser/Plas | Units: mg/dL | Info: 
2977-7,Sulfite oxidase [Enzymatic activity/volume] in Plasma,Test: Sulfite oxidase | System: Plas | Units: arb U/L | Info: 
2978-5,Superoxide dismutase [Enzymatic activity/volume] in Plasma,Test: Superoxide dismutase | System: Plas | Units: nmol/10*7 | Info: 
2983-5,Terminal deoxyribonucleotidyl transferase [Enzymatic activity/volume] in Plasma,Test: Terminal deoxyribonucleotidyl transferase | System: Plas | Units: arb U/L | Info: 
2984-3,Testosterone [Mass/volume] in Saliva (oral fluid),Test: Testosterone | System: Saliva | Units: ng/dL | Info: 
2985-0,Testosterone [Mass/volume] in Semen,Test: Testosterone | System: Semen | Units: ng/dL | Info: 
29879-4,Dehydroepiandrosterone (DHEA)/Creatinine [Mass Ratio] in 24 hour Urine,Test: Dehydroepiandrosterone/Creatinine | System: Urine | Units: ug/g creatinine | Info: 
2990-0,Testosterone.free+weakly bound [Mass/volume] in Serum or Plasma,Test: Testosterone.free+weakly bound | System: Ser/Plas | Units: ng/dL | Info: 
2992-6,Testosterone [Mass/volume] in Amniotic fluid,Test: Testosterone | System: Amnio fld | Units: ng/dL | Info: 
29944-6,Alpha-2-Macroglobulin [Mass/volume] in Specimen,Test: Alpha-2-Macroglobulin | System: XXX | Units: mg/dL | Info: 
29956-0,Lysozyme [Mass/volume] in Body fluid,Test: Lysozyme | System: Body fld | Units: g/mL | Info: 
2995-9,Tetrahydrocortisol [Mass/time] in 24 hour Urine,Test: Tetrahydrocortisol | System: Urine | Units: mg/24 H | Info: 
2996-7,Tetrahydrodeoxycortisol [Mass/time] in 24 hour Urine,Test: Tetrahydrodeoxycortisol | System: Urine | Units: mg/24 H | Info: 
2997-5,Tetrahydrofolate [Mass/volume] in Plasma,Test: Tetrahydrofolate | System: Plas | Units: ng/mL | Info: 
2998-3,Thiamine [Mass/volume] in Blood,Test: Thiamine | System: Bld | Units: ug/dL | Info: 
29991-7,Fibrin+Fibrinogen fragments [Mass/volume] in Serum by Latex agglutination,Test: Fibrin+Fibrinogen fragments | System: Ser | Units: ug/mL | Info: 
29999-0,Xylose [Mass/volume] in Serum or Plasma,Test: Xylose | System: Ser/Plas | Units: mg/dL | Info: 
3000-7,Thiamine pyrophosphate [Mass/volume] in Serum,Test: Thiamine pyrophosphate | System: Ser | Units: ng/mL | Info: 
3005-6,Thiosulfate renal clearance in 24 hour Urine and Serum or Plasma,Test: Thiosulfate renal clearance | System: Urine+Ser/Plas | Units: mL/min | Info: 
30060-8,Amino beta guanidinopropionate [Moles/volume] in Serum or Plasma,Test: Amino beta guanidinopropionate | System: Ser/Plas | Units: umol/dL | Info: 
30070-7,Cystathionine [Moles/volume] in Amniotic fluid,Test: Cystathionine | System: Amnio fld | Units: umol/dL | Info: 
30077-2,Amylase/Creatinine renal clearance [Ratio] in Urine and Serum or Plasma,Test: Amylase/Creatinine renal clearance | System: Urine+Ser/Plas | Units: % | Info: 
30079-8,Renal tubular casts [#/area] in Urine by Light microscopy,Test: Renal tubular casts | System: Urine | Units: /LPF | Info: 
30089-7,Transitional cells [#/area] in Urine sediment by Microscopy high power field,Test: Transitional cells | System: Urine sed | Units: /HPF | Info: 
3011-4,Thromboxane alpha 2 [Mass/volume] in Serum,Test: Thromboxane alpha 2 | System: Ser | Units: ng/L | Info: 
3012-2,Thromboxane beta 2 [Mass/volume] in Serum or Plasma,Test: Thromboxane beta 2 | System: Ser/Plas | Units: ng/L | Info: 
30123-4,Testosterone.bound [Mass/volume] in Serum or Plasma,Test: Testosterone.bound | System: Ser/Plas | Units: ng/dL | Info: 
30151-5,Thyrotropin.long acting [Units/volume] in Serum or Plasma,Test: Thyrotropin.long acting | System: Ser/Plas | Units: EQ/mL | Info: 
30152-3,Mannose-binding protein [Mass/volume] in Serum,Test: Mannose-binding protein | System: Ser | Units: ng/mL | Info: 
30154-9,Protein/Creatinine [Mass Ratio] in Serum or Plasma,Test: Protein/Creatinine | System: Ser/Plas | Units: g/g creatinine | Info: 
3015-5,Thyrotropin [Units/volume] in Blood,Test: Thyrotropin | System: Bld | Units: mIU/L | Info: 
30160-6,Tau protein [Mass/volume] in Cerebral spinal fluid,Test: Tau protein | System: CSF | Units: pg/mL | Info: 
30165-5,Phosphatidylcholine/Albumin [Mass Ratio] in Amniotic fluid,Test: Phosphatidylcholine/Albumin | System: Amnio fld | Units: mg/g | Info: 
30166-3,Thyroid stimulating immunoglobulins actual/normal in Serum,Test: Thyroid stimulating immunoglobulins actual/Normal | System: Ser | Units: % basal activity | Info: 
30171-3,Cortisol Free/Creatinine [Molar ratio] in 24 hour Urine,Test: Cortisol.free/Creatinine | System: Urine | Units: nmol/mol creatinine | Info: 
3018-9,Thyrotropin releasing hormone [Mass/volume] in Plasma,Test: Thyrotropin releasing hormone | System: Plas | Units: ng/L | Info: 
30190-3,3-Hydroxytetradecenoylcarnitine (C14:1-OH) [Moles/volume] in Serum or Plasma,Test: 3-Hydroxytetradecenoylcarnitine (C14:1-OH) | System: Ser/Plas | Units: umol/L | Info: 
30191-1,Acetylcarnitine (C2) [Moles/volume] in Serum or Plasma,Test: Acetylcarnitine (C2) | System: Ser/Plas | Units: umol/L | Info: 
30193-7,Acylcarnitine/Carnitine.free (C0) [Molar ratio] in Serum or Plasma,Test: Acylcarnitine/Carnitine.free (C0) | System: Ser/Plas | Units: ratio | Info: 
30194-5,Fatty acids.very long chain C22:0 (Docosanoate) [Moles/volume] in Serum or Plasma,Test: Fatty acids.very long chain.C22:0 | System: Ser/Plas | Units: umol/L | Info: 
30195-2,Fatty acids.very long chain C24:0 (Tetracosanoate) [Moles/volume] in Serum or Plasma,Test: Fatty acids.very long chain.C24:0 | System: Ser/Plas | Units: umol/L | Info: 
30196-0,Fatty acids.very long chain C24:0 (Tetracosanoate)/C22:0 (Docosanoate) [Molar ratio] in Serum or Plasma,Test: Fatty acids.very long chain.C24:0/C22:0 | System: Ser/Plas | Units: ratio | Info: 
30197-8,Fatty acids.very long chain C26:0 (Hexacosanoate) [Moles/volume] in Serum or Plasma,Test: Fatty acids.very long chain.C26:0 | System: Ser/Plas | Units: umol/L | Info: 
30198-6,Fatty acids.very long chain C26:0 (Hexacosanoate)/C22:0 (Docosanoate) [Molar ratio] in Serum or Plasma,Test: Fatty acids.very long chain.C26:0/C22:0 | System: Ser/Plas | Units: ratio | Info: 
30199-4,Alpha subunit [Mass/volume] in Serum or Plasma,Test: Alpha subunit | System: Ser/Plas | Units: ug/L;ng/mL | Info: 
3020-5,Thyroxine binding globulin [Mass/volume] in Blood,Test: Thyroxine binding globulin | System: Bld | Units: mg/L | Info: 
30206-7,Choriogonadotropin.alpha subunit free [Units/volume] in Serum or Plasma,Test: Choriogonadotropin.alpha subunit.free | System: Ser/Plas | Units: IU/L | Info: 
30226-5,Fibrin+Fibrinogen fragments [Mass/volume] in Platelet poor plasma,Test: Fibrin+Fibrinogen fragments | System: PPP | Units: ug/mL | Info: 
30233-1,3-Hydroxydodecanoylcarnitine (C12-OH) [Moles/volume] in Serum or Plasma,Test: 3-Hydroxydodecanoylcarnitine (C12-OH) | System: Ser/Plas | Units: umol/L | Info: 
30234-9,3-Hydroxypalmitoylcarnitine (C16-OH) [Moles/volume] in Serum or Plasma,Test: 3-Hydroxypalmitoylcarnitine (C16-OH) | System: Ser/Plas | Units: umol/L | Info: 
30235-6,3-Hydroxypalmitoleylcarnitine (C16:1-OH) [Moles/volume] in Serum or Plasma,Test: 3-Hydroxypalmitoleylcarnitine (C16:1-OH) | System: Ser/Plas | Units: umol/L | Info: 
30236-4,3-Hydroxyhexanoylcarnitine (C6-OH) [Moles/volume] in Serum or Plasma,Test: 3-Hydroxyhexanoylcarnitine (C6-OH) | System: Ser/Plas | Units: umol/L | Info: 
30237-2,3-Hydroxylinoleoylcarnitine (C18:2-OH) [Moles/volume] in Serum or Plasma,Test: 3-Hydroxylinoleoylcarnitine (C18:2-OH) | System: Ser/Plas | Units: umol/L | Info: 
30238-0,3-Hydroxytetradecanoylcarnitine (C14-OH) [Moles/volume] in Serum or Plasma,Test: 3-Hydroxytetradecanoylcarnitine (C14-OH) | System: Ser/Plas | Units: umol/L | Info: 
30244-8,Acetylcholinesterase [Enzymatic activity/volume] in Blood,Test: Acetylcholinesterase | System: Bld | Units: kU/L | Info: 
30248-9,Transferrin receptor.soluble [Mass/volume] in Serum or Plasma,Test: Transferrin receptor.soluble | System: Ser/Plas | Units: mg/L | Info: 
3025-4,Thyroxine (T4) [Mass/volume] in Blood,Test: Thyroxine | System: Bld | Units: ug/mL | Info: 
30312-3,3-Hydroxyoleoylcarnitine (C18:1-OH) [Moles/volume] in Serum or Plasma,Test: 3-Hydroxyoleoylcarnitine (C18:1-OH) | System: Ser/Plas | Units: umol/L;mcmol/L; nmol/mL | Info: 
30315-6,Acid alpha glucosidase [Enzymatic activity/mass] in Small intestine Tissue,Test: Acid alpha glucosidase | System: Tsmi | Units: umol/min/g | Info: 
30316-4,Alpha subunit free [Mass/volume] in Serum or Plasma,Test: Alpha subunit.free | System: Ser/Plas | Units: ng/mL | Info: 
30317-2,Base deficit in Arterial cord blood,Test: Base deficit | System: BldCoA | Units: mmol/L | Info: 
30318-0,Base deficit in Blood,Test: Base deficit | System: Bld | Units: mmol/L | Info: 
30319-8,Beta galactosidase [Enzymatic activity/mass] in Small intestine Tissue,Test: Beta galactosidase | System: Tsmi | Units: umol/min/g | Info: 
30327-1,Decanoylcarnitine (C10) [Moles/volume] in Serum or Plasma,Test: Decanoylcarnitine (C10) | System: Ser/Plas | Units: umol/L;mcmol/L; nmol/mL | Info: 
30328-9,Decenoylcarnitine (C10:1) [Moles/volume] in Serum or Plasma,Test: Decenoylcarnitine (C10:1) | System: Ser/Plas | Units: umol/L;mcmol/L; nmol/mL | Info: 
30331-3,Dodecanoylcarnitine (C12) [Moles/volume] in Serum or Plasma,Test: Dodecanoylcarnitine (C12) | System: Ser/Plas | Units: umol/L;mcmol/L; nmol/mL | Info: 
30332-1,Dodecenoylcarnitine (C12:1) [Moles/volume] in Serum or Plasma,Test: Dodecenoylcarnitine (C12:1) | System: Ser/Plas | Units: umol/L;mcmol/L; nmol/mL | Info: 
3033-8,Transcortin [Mass/volume] in Serum,Test: Transcortin | System: Ser | Units: mg/L | Info: 
30349-5,Glutarylcarnitine (C5-DC) [Moles/volume] in Serum or Plasma,Test: Glutarylcarnitine (C5-DC) | System: Ser/Plas | Units: umol/L;mcmol/L; nmol/mL | Info: 
3035-3,Transferrin [Mass/volume] in Urine,Test: Transferrin | System: Urine | Units: mg/dL | Info: 
30356-0,Palmitoylcarnitine (C16) [Moles/volume] in Serum or Plasma,Test: Palmitoylcarnitine (C16) | System: Ser/Plas | Units: umol/L;mcmol/L; nmol/mL | Info: 
30357-8,Palmitoleylcarnitine (C16:1) [Moles/volume] in Serum or Plasma,Test: Palmitoleylcarnitine (C16:1) | System: Ser/Plas | Units: umol/L;mcmol/L; nmol/mL | Info: 
30358-6,Hexanoylcarnitine (C6) [Moles/volume] in Serum or Plasma,Test: Hexanoylcarnitine (C6) | System: Ser/Plas | Units: umol/L;mcmol/L; nmol/mL | Info: 
3036-1,Transketolase [Enzymatic activity/volume] in Serum,Test: Transketolase | System: Ser | Units: arb U/L | Info: 
30369-3,Fractional oxyhemoglobin in Venous cord blood,Test: Oxyhemoglobin/Hemoglobin.total | System: BldCoV | Units: % | Info: 
30370-1,Fractional oxyhemoglobin in Arterial cord blood,Test: Oxyhemoglobin/Hemoglobin.total | System: BldCoA | Units: % | Info: 
30372-7,Sucrase [Enzymatic activity/mass] in Small intestine Tissue,Test: Sucrase | System: Tsmi | Units: umol/min/g | Info: 
3038-7,Trehalase [Enzymatic activity/volume] in Urine,Test: Trehalase | System: Urine | Units: arb U/L | Info: 
3039-5,Lipase [Enzymatic activity/volume] in Amniotic fluid,Test: Triacylglycerol lipase | System: Amnio fld | Units: arb U/L | Info: 
3040-3,Lipase [Enzymatic activity/volume] in Serum or Plasma,Test: Triacylglycerol lipase | System: Ser/Plas | Units: arb U/L | Info: 
3043-7,Triglyceride [Mass/volume] in Blood,Test: Triglyceride | System: Bld | Units: mg/dL | Info: 
3044-5,Triglyceride+ester in HDL [Mass/volume] in Serum or Plasma,Test: Triglyceride+ester.in HDL | System: Ser/Plas | Units: mg/dL | Info: 
3045-2,Triglyceride+ester in IDL [Mass/volume] in Serum or Plasma,Test: Triglyceride+ester.in IDL | System: Ser/Plas | Units: mg/dL | Info: 
3046-0,Triglyceride+ester in LDL [Mass/volume] in Serum or Plasma,Test: Triglyceride+ester.in LDL | System: Ser/Plas | Units: mg/dL | Info: 
3047-8,Triglyceride+ester in VLDL [Mass/volume] in Serum or Plasma,Test: Triglyceride+ester.in VLDL | System: Ser/Plas | Units: mg/dL | Info: 
30508-6,Etiocholanolone/Creatinine [Mass Ratio] in Urine,Test: Etiocholanolone/Creatinine | System: Urine | Units: ug/g creatinine | Info: 
30509-4,Androsterone/Creatinine [Mass Ratio] in Urine,Test: Androsterone/Creatinine | System: Urine | Units: ug/g creatinine | Info: 
30511-0,Cortisone/Creatinine [Mass Ratio] in Urine,Test: Cortisone/Creatinine | System: Urine | Units: ug/g creatinine | Info: 
30512-8,Pregnanetriol/Creatinine [Mass Ratio] in Urine,Test: Pregnanetriol/Creatinine | System: Urine | Units: ug/g creatinine | Info: 
30513-6,Pregnanetriolone/Creatinine [Mass Ratio] in Urine,Test: Pregnanetriolone/Creatinine | System: Urine | Units: ug/g creatinine | Info: 
30515-1,Tetrahydroaldosterone/Creatinine [Mass Ratio] in Urine,Test: Tetrahydroaldosterone/Creatinine | System: Urine | Units: ug/g creatinine | Info: 
30518-5,Cholate [Moles/volume] in Serum or Plasma,Test: Cholate | System: Ser/Plas | Units: umol/L | Info: 
30519-3,Chenodeoxycholate [Moles/volume] in Serum or Plasma,Test: Chenodeoxycholate | System: Ser/Plas | Units: umol/L | Info: 
30520-1,Deoxycholate [Moles/volume] in Serum or Plasma,Test: Deoxycholate | System: Ser/Plas | Units: umol/L | Info: 
30521-9,Inhibin B [Units/volume] in Serum or Plasma,Test: Inhibin B | System: Ser/Plas | Units: arb U/mL | Info: 
30527-6,Calcium [Mass/volume] in Total parental nutrition,Test: Calcium | System: TPN | Units: mg/dL | Info: 
30531-8,Isovalerylcarnitine+Methylbutyrylcarnitine (C5) [Moles/volume] in Serum or Plasma,Test: Isovalerylcarnitine+Methylbutyrylcarnitine (C5) | System: Ser/Plas | Units: mcmol/L; nmol/mL | Info: 
30534-2,Linoleoylcarnitine (C18:2) [Moles/volume] in Serum or Plasma,Test: Linoleoylcarnitine (C18:2) | System: Ser/Plas | Units: umol/L;mcmol/L; nmol/mL | Info: 
30536-7,Magnesium [Mass/volume] in Total parental nutrition,Test: Magnesium | System: TPN | Units: mg/dL | Info: 
30540-9,Octanoylcarnitine (C8) [Moles/volume] in Serum or Plasma,Test: Octanoylcarnitine (C8) | System: Ser/Plas | Units: umol/L;mcmol/L; nmol/mL | Info: 
30541-7,Octenoylcarnitine (C8:1) [Moles/volume] in Serum or Plasma,Test: Octenoylcarnitine (C8:1) | System: Ser/Plas | Units: umol/L;mcmol/L; nmol/mL | Info: 
30542-5,Oleoylcarnitine (C18:1) [Moles/volume] in Serum or Plasma,Test: Oleoylcarnitine (C18:1) | System: Ser/Plas | Units: umol/L;mcmol/L; nmol/mL | Info: 
3054-4,Triiodothyronine (T3).true [Mass/volume] in Serum or Plasma,Test: Triiodothyronine.true | System: Ser/Plas | Units: pg/mL | Info: 
30544-1,Phosphate [Mass/volume] in Total parental nutrition,Test: Phosphate | System: TPN | Units: mg/dL | Info: 
30549-0,Potassium [Moles/volume] in Total parental nutrition,Test: Potassium | System: TPN | Units: mmol/L | Info: 
30550-8,Pristanate (C15:0(CH3)4)/Phytanate (C16:0(CH3)4) [Molar ratio] in Serum or Plasma,Test: Pristanate/Phytanate | System: Ser/Plas | Units: ratio | Info: 
30551-6,Propionylcarnitine (C3) [Moles/volume] in Serum or Plasma,Test: Propionylcarnitine (C3) | System: Ser/Plas | Units: umol/L;mcmol/L; nmol/mL | Info: 
30552-4,Pyridoxal phosphate [Mass/volume] in Serum or Plasma,Test: Pyridoxal phosphate | System: Ser/Plas | Units: ug/L | Info: 
30558-1,Sodium [Moles/volume] in Total parental nutrition,Test: Sodium | System: TPN | Units: mmol/L | Info: 
30560-7,Stearoylcarnitine (C18) [Moles/volume] in Serum or Plasma,Test: Stearoylcarnitine (C18) | System: Ser/Plas | Units: umol/L;mcmol/L; nmol/mL | Info: 
30562-3,Surfactant/Albumin [Mass Ratio] in Amniotic fluid,Test: Surfactant/Albumin | System: Amnio fld | Units: mg/g | Info: 
30564-9,Tetradecadienoylcarnitine (C14:2) [Moles/volume] in Serum or Plasma,Test: Tetradecadienoylcarnitine (C14:2) | System: Ser/Plas | Units: umol/L;mcmol/L; nmol/mL | Info: 
30565-6,Tetradecanoylcarnitine (C14) [Moles/volume] in Serum or Plasma,Test: Tetradecanoylcarnitine (C14) | System: Ser/Plas | Units: umol/L;mcmol/L; nmol/mL | Info: 
30566-4,Tetradecenoylcarnitine (C14:1) [Moles/volume] in Serum or Plasma,Test: Tetradecenoylcarnitine (C14:1) | System: Ser/Plas | Units: umol/L;mcmol/L; nmol/mL | Info: 
30567-2,Thyroid stimulating immunoglobulins [Units/volume] in Serum,Test: Thyroid stimulating immunoglobulins | System: Ser | Units: Index | Info: 
3056-9,Trimethylamine [Mass/volume] in Urine,Test: Trimethylamine | System: Urine | Units: ng/mL | Info: 
30572-2,Pyridoxal [Mass/volume] in Serum or Plasma,Test: Pyridoxal | System: Ser/Plas | Units: ug/L | Info: 
30574-8,Acetoacetate+Acetone [Mass/volume] in Serum or Plasma,Test: Acetoacetate+Acetone | System: Ser/Plas | Units: mg/dL | Info: 
3057-7,Triokinase [Enzymatic activity/volume] in Plasma,Test: Triokinase | System: Plas | Units: arb U/L | Info: 
3058-5,Triosephosphate isomerase [Enzymatic activity/volume] in Serum,Test: Triosephosphate isomerase | System: Ser | Units: arb U/L | Info: 
3060-1,Trypsin [Enzymatic activity/volume] in Serum or Plasma,Test: Trypsin | System: Ser/Plas | Units: arb U/L | Info: 
3062-7,Trypsin [Enzymatic activity/time] in 24 hour Stool,Test: Trypsin | System: Stool | Units: U/24 H | Info: 
3064-3,Trypsin+Trypsinogen [Mass/volume] in Serum or Plasma,Test: Trypsin+Trypsinogen | System: Ser/Plas | Units: ng/mL | Info: 
3067-6,Trypsinogen I Free [Mass/volume] in Serum or Plasma,Test: Trypsinogen I.free | System: Ser/Plas | Units: ug/L | Info: 
3073-4,Tryptophan Free [Mass/volume] in Serum or Plasma,Test: Tryptophan.free | System: Ser/Plas | Units: mg/dL | Info: 
3074-2,Tumor necrosis factor.alpha [Mass/volume] in Serum or Plasma,Test: Tumor necrosis factor.alpha | System: Ser/Plas | Units: pg/mL | Info: 
3077-5,Tyrosine [Mass/volume] in Blood,Test: Tyrosine | System: Bld | Units: mg/dL | Info: 
3083-3,Urate [Mass/volume] in Amniotic fluid,Test: Urate | System: Amnio fld | Units: mg/dL | Info: 
3085-8,Urate [Mass/volume] in Synovial fluid,Test: Urate | System: Synv fld | Units: mg/dL | Info: 
3088-2,Urate renal clearance in 24 hour Urine and Serum or Plasma,Test: Urate renal clearance | System: Urine+Ser/Plas | Units: mL/min | Info: 
30894-0,Aldosterone/Renin [Ratio] in Plasma,Test: Aldosterone/Renin | System: Plas | Units: ratio | Info: 
3090-8,Urea [Mass/volume] in Amniotic fluid,Test: Urea | System: Amnio fld | Units: mg/dL | Info: 
3093-2,Urea nitrogen [Mass/volume] in Body fluid,Test: Urea nitrogen | System: Body fld | Units: mg/dL | Info: 
3097-3,Urea nitrogen/Creatinine [Mass Ratio] in Serum or Plasma,Test: Urea nitrogen/Creatinine | System: Ser/Plas | Units: mg/mg creatinine | Info: 
3098-1,Urea renal clearance in 24 hour Urine and Serum or Plasma,Test: Urea renal clearance | System: Urine+Ser/Plas | Units: mL/s | Info: 
3099-9,Uridine diphosphate glucose-4-Epimerase [Enzymatic activity/volume] in Plasma,Test: Uridine diphosphate glucose-4-Epimerase | System: Plas | Units: arb U/L | Info: 
3100-5,Uridyl transferase [Enzymatic activity/volume] in Red Blood Cells,Test: Uridyl transferase | System: RBC | Units: U/mL RBC | Info: 
3101-3,Uridyl transferase [Enzymatic activity/mass] in Tissue,Test: Uridyl transferase | System: Tiss | Units: U/g | Info: 
31020-1,Dehydroepiandrosterone (DHEA) [Mass/volume] in Amniotic fluid,Test: Dehydroepiandrosterone | System: Amnio fld | Units: ng/dL | Info: 
3102-1,Urobilin [Mass/volume] in Stool,Test: Urobilin | System: Stool | Units: mg/dL | Info: 
3104-7,Urobilin [Mass/volume] in Urine,Test: Urobilin | System: Urine | Units: mg/dL | Info: 
3110-4,Uronate [Mass/volume] in Urine,Test: Uronate | System: Urine | Units: ug/mL | Info: 
3111-2,Uroporphyrin 1 isomer [Mass/volume] in Red Blood Cells,Test: Uroporphyrin 1 isomer | System: RBC | Units: ug/dL | Info: 
31144-9,Thyroxine (T4) [Mass/volume] in DBS,Test: Thyroxine | System: Bld.dot | Units: ug/dL | Info: 
3114-6,Uroporphyrinogen decarboxylase [Enzymatic activity/volume] in Plasma,Test: Uroporphyrinogen decarboxylase | System: Plas | Units: arb U/L | Info: 
31151-4,Alpha-2-Microglobulin [Mass/volume] in 24 hour Urine,Test: Alpha-2-Microglobulin | System: Urine | Units: mg/dL | Info: 
3115-3,Uroporphyrinogen III synthase [Enzymatic activity/volume] in Plasma,Test: Uroporphyrinogen III synthase | System: Plas | Units: arb U/L | Info: 
31159-7,Heparin anti Xa [Units/volume] in Nonbiological fluid,Test: Heparin anti Xa | System: Flu.nonbiological | Units: arb U/mL | Info: 
31176-1,Estradiol (E2) [Mass/volume] in Amniotic fluid,Test: Estradiol | System: Amnio fld | Units: pg/mL | Info: 
31177-9,Estrone (E1) [Mass/volume] in Amniotic fluid,Test: Estrone | System: Amnio fld | Units: pg/mL | Info: 
3121-1,Vanillylmandelate [Mass/volume] in Serum or Plasma,Test: Vanillylmandelate | System: Ser/Plas | Units: mg/dL | Info: 
3123-7,Vanillylmandelate/Creatine [Mass Ratio] in Urine,Test: Vanillylmandelate/Creatine | System: Urine | Units: mg/g | Info: 
3125-2,Vasoactive intestinal peptide [Mass/volume] in Serum or Plasma,Test: Vasoactive intestinal peptide | System: Ser/Plas | Units: ng/L;pg/mL | Info: 
3126-0,Vasopressin [Mass/volume] in Serum or Plasma,Test: Vasopressin | System: Ser/Plas | Units: ng/L;pg/mL | Info: 
3129-4,Menadione [Mass/volume] in Serum or Plasma,Test: Menadione | System: Ser/Plas | Units: ug/mL | Info: 
3130-2,Vitronectin [Mass/volume] in Plasma,Test: Vitronectin | System: Plas | Units: mg/L | Info: 
3131-0,Xanthine [Mass/volume] in Serum,Test: Xanthine | System: Ser | Units: mg/L | Info: 
3132-8,Xanthine [Mass/volume] in Urine,Test: Xanthine | System: Urine | Units: mg/L | Info: 
3133-6,Xanthurenate [Mass/volume] in Urine,Test: Xanthurenate | System: Urine | Units: ng/mL | Info: 
3134-4,Xylose [Mass/volume] in Blood,Test: Xylose | System: Bld | Units: mg/dL | Info: 
3136-9,Xylulose [Mass/volume] in Serum,Test: Xylulose | System: Ser | Units: mg/dL | Info: 
31443-5,Intrinsic factor blocking Ab [Units/volume] in Serum,Test: Intrinsic factor blocking Ab | System: Ser | Units: arb U/mL | Info: 
3147-6,Oxygen [Partial pressure] in Exhaled gas,Test: Oxygen | System: Exhl gas | Units: mm Hg | Info: 
3148-4,Oxygen [Partial pressure] in Gas,Test: Oxygen | System: Gas | Units: mm Hg | Info: 
3149-2,Oxygen [Partial pressure] in Inhaled gas,Test: Oxygen | System: Inhl gas | Units: mm Hg | Info: 
31561-4,Phospholipid IgA Ab [Units/volume] in Serum,Test: Phospholipid Ab.IgA | System: Ser | Units: APL U | Info: 
3178-1,Bleeding time by Duke method,Test: Bleeding time | System: ^Patient | Units: min | Info: 
3180-7,Cardiolipin Ab [Units/volume] in Serum by Immunoassay,Test: Cardiolipin Ab | System: Ser | Units: arb U/mL | Info: 
3181-5,Cardiolipin IgG Ab [Units/volume] in Serum by Immunoassay,Test: Cardiolipin Ab.IgG | System: Ser | Units: GPL U | Info: 
3182-3,Cardiolipin IgM Ab [Units/volume] in Serum by Immunoassay,Test: Cardiolipin Ab.IgM | System: Ser | Units: MPL U | Info: 
3183-1,Clotting time of Blood by Lee White method,Test: Clotting time | System: Bld | Units: s | Info: 
3185-6,Coagulation factor IX inhibitor [Units/volume] in Platelet poor plasma by Coagulation assay,Test: Coagulation factor IX inhibitor | System: PPP | Units: Bethesda Units | Info: 
3187-2,Coagulation factor IX activity actual/normal in Platelet poor plasma by Coagulation assay,Test: Coagulation factor IX activity actual/Normal | System: PPP | Units: % | Info: 
3188-0,Coagulation factor IX activity [Units/volume] in Platelet poor plasma by Chromogenic method,Test: Coagulation factor IX activity | System: PPP | Units: arb U/mL | Info: 
3189-8,Coagulation factor IX Ag [Units/volume] in Platelet poor plasma by Immunoassay,Test: Coagulation factor IX Ag | System: PPP | Units: arb U/mL | Info: 
3190-6,Coagulation factor IX Ag actual/normal in Platelet poor plasma by Immunoassay,Test: Coagulation factor IX Ag actual/Normal | System: PPP | Units: % | Info: 
3191-4,Coagulation factor V inhibitor [Units/volume] in Platelet poor plasma by Coagulation assay,Test: Coagulation factor V inhibitor | System: PPP | Units: Bethesda Units | Info: 
3193-0,Coagulation factor V activity actual/normal in Platelet poor plasma by Coagulation assay,Test: Coagulation factor V activity actual/Normal | System: PPP | Units: % | Info: 
3195-5,Coagulation factor V Ag actual/normal in Platelet poor plasma by Immunoassay,Test: Coagulation factor V Ag actual/Normal | System: PPP | Units: % | Info: 
3196-3,Coagulation factor VII inhibitor [Units/volume] in Platelet poor plasma by Coagulation assay,Test: Coagulation factor VII inhibitor | System: PPP | Units: Bethesda Units | Info: 
3198-9,Coagulation factor VII activity actual/normal in Platelet poor plasma by Coagulation assay,Test: Coagulation factor VII activity actual/Normal | System: PPP | Units: % | Info: 
32008-5,Coproporphyrin/Creatinine [Molar ratio] in 24 hour Urine,Test: Coproporphyrin/Creatinine | System: Urine | Units: mmol/mol creatinine | Info: 
32014-3,Eosinophils/Leukocytes in Urine by Manual count,Test: Eosinophils/Leukocytes | System: Urine | Units: % | Info: 
32020-0,Homocysteine [Moles/volume] in Urine,Test: Homocysteine | System: Urine | Units: umol/L | Info: 
32031-7,Phosphatidylserine IgA Ab [Units/volume] in Serum by Immunoassay,Test: Phosphatidylserine Ab.IgA | System: Ser | Units: APL U | Info: 
3203-7,Coagulation factor VII+Acarboxy Ag activity actual/normal in Platelet poor plasma by Immunoassay,Test: Coagulation factor VII+Acarboxy Ag activity actual/Normal | System: PPP | Units: % | Info: 
32043-2,Uroporphyrin/Creatinine [Molar ratio] in 24 hour Urine,Test: Uroporphyrin/Creatinine | System: Urine | Units: umol/mol; umol/mol Cr | Info: 
3204-5,Coagulation factor VIII inhibitor [Units/volume] in Platelet poor plasma by Coagulation assay,Test: Coagulation factor VIII inhibitor | System: PPP | Units: Bethesda Units | Info: 
3208-6,Coagulation factor VIII activity [Units/volume] in Platelet poor plasma by Coagulation assay,Test: Coagulation factor VIII activity | System: PPP | Units: arb U/mL | Info: 
3209-4,Coagulation factor VIII activity actual/normal in Platelet poor plasma by Coagulation assay,Test: Coagulation factor VIII activity actual/Normal | System: PPP | Units: % | Info: 
32132-3,Lactate [Moles/volume] in Arterial plasma,Test: Lactate | System: PlasA | Units: mmol/L | Info: 
32133-1,Lactate [Moles/volume] in Plasma venous,Test: Lactate | System: PlasV | Units: mmol/L | Info: 
3213-6,Coagulation factor VIII Ag [Units/volume] in Platelet poor plasma by Immunoassay,Test: Coagulation factor VIII Ag | System: PPP | Units: arb U/mL | Info: 
32137-2,Calcium phosphate/Total in Stone,Test: Calcium phosphate/Total | System: Calculus | Units: % | Info: 
32138-0,Cystine/Total in Stone,Test: Cystine/Total | System: Calculus | Units: % | Info: 
32143-0,Triple phosphate/Total in Stone,Test: Triple phosphate/Total | System: Calculus | Units: % | Info: 
32147-1,Reducing substances [Mass/volume] in Urine,Test: Reducing substances | System: Urine | Units: g/L;mg/dL | Info: 
32149-7,Urate/Total in Stone,Test: Urate/Total | System: Calculus | Units: % | Info: 
32156-2,Calcium carbonate/Total in Stone,Test: Calcium carbonate/Total | System: Calculus | Units: % | Info: 
32157-0,Calcium oxalate/Total in Stone,Test: Calcium oxalate/Total | System: Calculus | Units: % | Info: 
32159-6,Carbonated calcium phosphate/Total in Stone,Test: Carbonated calcium phosphate/Total | System: Calculus | Units: % | Info: 
32166-1,Choriogonadotropin [Multiple of the median] adjusted in Serum or Plasma,Test: Choriogonadotropin^^adjusted | System: Ser/Plas | Units: M.o.M | Info: 
3216-9,Coagulation factor X inhibitor [Units/volume] in Platelet poor plasma by Coagulation assay,Test: Coagulation factor X inhibitor | System: PPP | Units: arb U/mL | Info: 
32179-4,Heptacarboxylporphyrin/Creatinine [Molar ratio] in 24 hour Urine,Test: Heptacarboxylporphyrin/Creatinine | System: Urine | Units: mmol/mol creatinine | Info: 
3218-5,Coagulation factor X activity actual/normal in Platelet poor plasma by Coagulation assay,Test: Coagulation factor X activity actual/Normal | System: PPP | Units: % | Info: 
32211-5,Reducing substances [Mass/volume] in Stool,Test: Reducing substances | System: Stool | Units: mg/dL | Info: 
32215-6,Thyroxine (T4) free index in Serum or Plasma by calculation,Test: Thyroxine free index | System: Ser/Plas | Units: Index | Info: 
3221-9,Coagulation factor X Ag actual/normal in Platelet poor plasma by Immunoassay,Test: Coagulation factor X Ag actual/Normal | System: PPP | Units: % | Info: 
32221-4,Alanine [Moles/volume] in Vitreous fluid,Test: Alanine | System: Vitr fld | Units: umol/L | Info: 
32222-2,Alanine [Moles/volume] in Body fluid,Test: Alanine | System: Body fld | Units: umol/L | Info: 
32223-0,Alpha aminobutyrate [Moles/volume] in Body fluid,Test: Alpha aminobutyrate | System: Body fld | Units: umol/L | Info: 
32224-8,Alpha aminobutyrate [Moles/volume] in Vitreous fluid,Test: Alpha aminobutyrate | System: Vitr fld | Units: umol/L | Info: 
32225-5,Arginine [Moles/volume] in Body fluid,Test: Arginine | System: Body fld | Units: umol/L | Info: 
32226-3,Arginine [Moles/volume] in Vitreous fluid,Test: Arginine | System: Vitr fld | Units: umol/L | Info: 
32227-1,Argininosuccinate [Moles/volume] in Serum or Plasma,Test: Argininosuccinate | System: Ser/Plas | Units: umol/L | Info: 
32228-9,Argininosuccinate [Moles/volume] in Amniotic fluid,Test: Argininosuccinate | System: Amnio fld | Units: umol/L | Info: 
32230-5,Asparagine [Moles/volume] in Body fluid,Test: Asparagine | System: Body fld | Units: umol/L | Info: 
32231-3,Aspartate [Moles/volume] in Vitreous fluid,Test: Aspartate | System: Vitr fld | Units: umol/L | Info: 
32232-1,Aspartate [Moles/volume] in Body fluid,Test: Aspartate | System: Body fld | Units: umol/L | Info: 
32233-9,Carbamoyl phosphate synthetase [Enzymatic activity/mass] in Tissue,Test: Carbamoyl phosphate synthetase | System: Tiss | Units: umol/h/mg protein | Info: 
32234-7,Citrulline [Moles/volume] in Vitreous fluid,Test: Citrulline | System: Vitr fld | Units: umol/L | Info: 
3223-5,Coagulation factor X+Acarboxy Ag actual/normal in Platelet poor plasma by Immunoassay,Test: Coagulation factor X+Acarboxy Ag actual/Normal | System: PPP | Units: % | Info: 
32235-4,Citrulline [Moles/volume] in Body fluid,Test: Citrulline | System: Body fld | Units: umol/L | Info: 
32236-2,Cystathionine [Moles/volume] in Vitreous fluid,Test: Cystathionine | System: Vitr fld | Units: umol/L | Info: 
32237-0,Cystine [Moles/volume] in Body fluid,Test: Cystine | System: Body fld | Units: umol/L | Info: 
32238-8,Cystine [Moles/volume] in Vitreous fluid,Test: Cystine | System: Vitr fld | Units: umol/L | Info: 
32239-6,Ethanolamine [Moles/volume] in Amniotic fluid,Test: Ethanolamine | System: Amnio fld | Units: umol/L | Info: 
32241-2,Glutamate [Moles/volume] in Vitreous fluid,Test: Glutamate | System: Vitr fld | Units: umol/L | Info: 
32242-0,Glutamine [Moles/volume] in Vitreous fluid,Test: Glutamine | System: Vitr fld | Units: umol/L | Info: 
3224-3,Coagulation factor XI inhibitor [Units/volume] in Platelet poor plasma by Coagulation assay,Test: Coagulation factor XI inhibitor | System: PPP | Units: Bethesda Units | Info: 
32243-8,Glutamine [Moles/volume] in Body fluid,Test: Glutamine | System: Body fld | Units: umol/L | Info: 
32244-6,Glycine [Moles/volume] in Vitreous fluid,Test: Glycine | System: Vitr fld | Units: umol/L | Info: 
32245-3,Glycine [Moles/volume] in Body fluid,Test: Glycine | System: Body fld | Units: umol/L | Info: 
32246-1,Histidine [Moles/volume] in Body fluid,Test: Histidine | System: Body fld | Units: umol/L | Info: 
32247-9,Histidine [Moles/volume] in Vitreous fluid,Test: Histidine | System: Vitr fld | Units: umol/L | Info: 
32248-7,Homocitrulline/Creatinine [Ratio] in Urine,Test: Homocitrulline/Creatinine | System: Urine | Units: mmol/g creatinine | Info: 
32249-5,Hydroxyproline [Moles/volume] in Body fluid,Test: Hydroxyproline | System: Body fld | Units: umol/L | Info: 
32250-3,Hydroxyproline [Moles/volume] in Vitreous fluid,Test: Hydroxyproline | System: Vitr fld | Units: umol/L | Info: 
32251-1,Isoleucine [Moles/volume] in Body fluid,Test: Isoleucine | System: Body fld | Units: umol/L | Info: 
32252-9,Isoleucine [Moles/volume] in Vitreous fluid,Test: Isoleucine | System: Vitr fld | Units: umol/L | Info: 
32253-7,Leucine [Moles/volume] in Vitreous fluid,Test: Leucine | System: Vitr fld | Units: umol/L | Info: 
32254-5,Leucine [Moles/volume] in Body fluid,Test: Leucine | System: Body fld | Units: umol/L | Info: 
32255-2,Lysine [Moles/volume] in Vitreous fluid,Test: Lysine | System: Vitr fld | Units: umol/L | Info: 
32256-0,Lysine [Moles/volume] in Body fluid,Test: Lysine | System: Body fld | Units: umol/L | Info: 
32257-8,Methionine [Moles/volume] in Vitreous fluid,Test: Methionine | System: Vitr fld | Units: umol/L | Info: 
32258-6,Methionine [Moles/volume] in Body fluid,Test: Methionine | System: Body fld | Units: umol/L | Info: 
32259-4,Methylmalonate [Mass/volume] in Cerebral spinal fluid,Test: Methylmalonate | System: CSF | Units: mg/dL | Info: 
32260-2,Ornithine [Moles/volume] in Body fluid,Test: Ornithine | System: Body fld | Units: umol/L | Info: 
32261-0,Ornithine [Moles/volume] in Vitreous fluid,Test: Ornithine | System: Vitr fld | Units: umol/L | Info: 
32263-6,Phenylalanine [Moles/volume] in Body fluid,Test: Phenylalanine | System: Body fld | Units: umol/L | Info: 
32264-4,Phenylalanine [Moles/volume] in Vitreous fluid,Test: Phenylalanine | System: Vitr fld | Units: umol/L | Info: 
32265-1,Phenylalanine/Tyrosine [Molar ratio] in Serum or Plasma,Test: Phenylalanine/Tyrosine | System: Ser/Plas | Units: Ratio | Info: 
32266-9,Proline [Moles/volume] in Vitreous fluid,Test: Proline | System: Vitr fld | Units: umol/L | Info: 
32267-7,Proline [Moles/volume] in Body fluid,Test: Proline | System: Body fld | Units: umol/L | Info: 
3226-8,Coagulation factor XI activity actual/normal in Platelet poor plasma by Coagulation assay,Test: Coagulation factor XI activity actual/Normal | System: PPP | Units: % | Info: 
32269-3,Serine [Moles/volume] in Vitreous fluid,Test: Serine | System: Vitr fld | Units: umol/L | Info: 
32270-1,Serine [Moles/volume] in Body fluid,Test: Serine | System: Body fld | Units: umol/L | Info: 
32271-9,Taurine [Moles/volume] in Body fluid,Test: Taurine | System: Body fld | Units: umol/L | Info: 
32272-7,Threonine [Moles/volume] in Vitreous fluid,Test: Threonine | System: Vitr fld | Units: umol/L | Info: 
32273-5,Threonine [Moles/volume] in Body fluid,Test: Threonine | System: Body fld | Units: umol/L | Info: 
32274-3,Thiosulfate/Creatinine [Ratio] in Urine,Test: Thiosulfate/Creatinine | System: Urine | Units: mmol/mg creatinine | Info: 
32275-0,Tryptophan [Moles/volume] in Body fluid,Test: Tryptophan | System: Body fld | Units: umol/L | Info: 
32276-8,Tyrosine [Moles/volume] in Vitreous fluid,Test: Tyrosine | System: Vitr fld | Units: umol/L | Info: 
32277-6,Tyrosine [Moles/volume] in Body fluid,Test: Tyrosine | System: Body fld | Units: umol/L | Info: 
32278-4,Valine [Moles/volume] in Vitreous fluid,Test: Valine | System: Vitr fld | Units: umol/L | Info: 
32279-2,Valine [Moles/volume] in Body fluid,Test: Valine | System: Body fld | Units: umol/L | Info: 
32281-8,Carnitine free (C0)/Carnitine.total in Serum or Plasma,Test: Carnitine.free (C0)/Carnitine.total | System: Ser/Plas | Units: % | Info: 
32289-1,7-Dehydrocholesterol [Moles/volume] in Serum or Plasma,Test: 7-Dehydrocholesterol | System: Ser/Plas | Units: umol/L | Info: 
3229-2,Coagulation factor XI Ag actual/normal in Platelet poor plasma by Immunoassay,Test: Coagulation factor XI Ag actual/Normal | System: PPP | Units: % | Info: 
32293-3,Albumin [Mass/volume] in Specimen,Test: Albumin | System: XXX | Units: g/L;gm/L | Info: 
32298-2,Amylase [Enzymatic activity/volume] in Specimen,Test: Amylase | System: XXX | Units: arb U/L | Info: 
3230-0,Coagulation factor XII inhibitor [Units/volume] in Platelet poor plasma by Coagulation assay,Test: Coagulation factor XII inhibitor | System: PPP | Units: Bethesda Units | Info: 
32300-6,Base excess in Cord blood by calculation,Test: Base excess | System: BldCo | Units: mmol/L | Info: 
32303-0,Bilirubin.total [Moles/volume] in Specimen,Test: Bilirubin | System: XXX | Units: mmol/L | Info: 
32308-9,Cholesterol [Moles/volume] in Specimen,Test: Cholesterol | System: XXX | Units: mmol/L | Info: 
32318-8,Glucose [Moles/volume] in Specimen,Test: Glucose | System: XXX | Units: mmol/L | Info: 
32323-8,Ketones [Moles/volume] in Specimen,Test: Ketones | System: XXX | Units: mmol/L | Info: 
32324-6,Lactate dehydrogenase [Enzymatic activity/volume] in Specimen,Test: Lactate dehydrogenase | System: XXX | Units: arb U/L | Info: 
3232-6,Coagulation factor XII activity actual/normal in Platelet poor plasma by Coagulation assay,Test: Coagulation factor XII activity actual/Normal | System: PPP | Units: % | Info: 
32334-5,Pipecolate [Moles/volume] in Serum or Plasma,Test: Pipecolate | System: Ser/Plas | Units: umol/L | Info: 
32335-2,Pipecolate [Moles/volume] in Urine,Test: Pipecolate | System: Urine | Units: umol/L | Info: 
32337-8,Protein [Mass/volume] in Specimen,Test: Protein | System: XXX | Units: g/L;gm/L | Info: 
32338-6,Pyruvate [Moles/volume] in Serum or Plasma,Test: Pyruvate | System: Ser/Plas | Units: mmol/L | Info: 
32341-0,Transcobalamin II [Moles/volume] in Serum,Test: Transcobalamin II | System: Ser | Units: pmol/L | Info: 
32343-6,Urate [Moles/volume] in Specimen,Test: Urate | System: XXX | Units: mmol/L | Info: 
32351-9,Alkaline phosphatase.heat labile [Enzymatic activity/volume] in Serum or Plasma by Heat stability,Test: Alkaline phosphatase.heat labile | System: Ser/Plas | Units: arb U/L | Info: 
32352-7,Alkaline phosphatase.heat stable [Enzymatic activity/volume] in Serum or Plasma by Heat stability,Test: Alkaline phosphatase.heat stable | System: Ser/Plas | Units: arb U/L | Info: 
3235-9,Coagulation factor XII Ag actual/normal in Platelet poor plasma by Immunoassay,Test: Coagulation factor XII Ag actual/Normal | System: PPP | Units: % | Info: 
3237-5,Coagulation factor XIII activity [Units/volume] in Platelet poor plasma by Coagulation assay,Test: Coagulation factor XIII activity | System: PPP | Units: arb U/mL | Info: 
3239-1,Coagulation factor XIII Ag actual/normal in Platelet poor plasma by Immunoassay,Test: Coagulation factor XIII Ag actual/Normal | System: PPP | Units: % | Info: 
3244-1,Clot Lysis [Time] in Platelet poor plasma by Coagulation assay,Test: Coagulum lysis | System: PPP | Units: min | Info: 
32540-7,Glucosylceramidase [Enzymatic activity/mass] in Leukocytes,Test: Glucosylceramidase | System: WBC | Units: nmol/h/mg protein | Info: 
32559-7,Tau protein [Mass/volume] in Serum,Test: Tau protein | System: Ser | Units: pg/mL | Info: 
3256-5,Fibrinogen Ag [Mass/volume] in Platelet poor plasma by Immunoassay,Test: Fibrinogen Ag | System: PPP | Units: mg/dL | Info: 
3260-7,Fibrinopeptide B beta (1-14) Ag [Mass/volume] in Platelet poor plasma by Immunoassay,Test: Fibrinopeptide B beta (1-14) Ag | System: PPP | Units: ng/mL | Info: 
32609-0,Amino acids [Moles/volume] in Body fluid,Test: Amino acids | System: Body fld | Units: mmol/L | Info: 
32610-8,Amino acids [Moles/volume] in Cerebral spinal fluid,Test: Amino acids | System: CSF | Units: mmol/L | Info: 
32611-6,Amino acids [Moles/volume] in Amniotic fluid,Test: Amino acids | System: Amnio fld | Units: mmol/L | Info: 
32612-4,Amino acids [Moles/volume] in Vitreous fluid,Test: Amino acids | System: Vitr fld | Units: mmol/L | Info: 
32613-2,Carnitine free (C0)/Carnitine.total in Urine,Test: Carnitine.free (C0)/Carnitine.total | System: Urine | Units: % | Info: 
32614-0,Glutamate [Moles/volume] in Body fluid,Test: Glutamate | System: Body fld | Units: umol/L | Info: 
3261-5,Fibrinopeptide B beta (1-42) Ag [Mass/volume] in Platelet poor plasma by Immunoassay,Test: Fibrinopeptide B beta (1-42) Ag | System: PPP | Units: ng/mL | Info: 
32615-7,Homocysteine cysteine disulfide [Moles/volume] in Serum or Plasma,Test: Homocysteine cysteine disulfide | System: Ser/Plas | Units: umol/L | Info: 
32616-5,Homocysteine cysteine disulfide/Creatinine [Ratio] in Urine,Test: Homocysteine cysteine disulfide/Creatinine | System: Urine | Units: umol/g creatinine | Info: 
32617-3,Ornithine carbamoyltransferase [Enzymatic activity/mass] in Tissue,Test: Ornithine carbamoyltransferase | System: Tiss | Units: umol/h/mg protein | Info: 
32618-1,3-Methoxytyramine [Mass/time] in 24 hour Urine,Test: 3-Methoxytyramine | System: Urine | Units: ug/24 H | Info: 
3262-3,Fibrinopeptide B beta (15-42) Ag [Mass/volume] in Platelet poor plasma by Immunoassay,Test: Fibrinopeptide B beta (15-42) Ag | System: PPP | Units: ng/mL | Info: 
32627-2,Argininosuccinate lyase [Enzymatic activity/mass] in Red Blood Cells,Test: Argininosuccinate lyase | System: RBC | Units: umol/h/g hb | Info: 
32629-8,Protein.monoclonal/Protein.total in Specimen by Immunofixation,Test: Protein.monoclonal/Protein.total | System: XXX | Units: % | Info: 
3263-1,Fibrinopeptide B beta (43-47) Ag [Mass/volume] in Platelet poor plasma by Immunoassay,Test: Fibrinopeptide B beta (43-47) Ag | System: PPP | Units: ng/mL | Info: 
32634-8,Metanephrine Free [Mass/time] in 24 hour Urine,Test: Metanephrine.free | System: Urine | Units: ug/24 H | Info: 
3264-9,Fibrinopeptide A Ag [Mass/volume] in Platelet poor plasma by Immunoassay,Test: Fibrinopeptide A Ag | System: PPP | Units: ng/mL | Info: 
3265-6,Fibrinopeptide B Ag [Mass/volume] in Platelet poor plasma by Immunoassay,Test: Fibrinopeptide B Ag | System: PPP | Units: ng/mL | Info: 
3268-0,Heparin cofactor II Ag [Mass/volume] in Platelet poor plasma by Immunoassay,Test: Heparin cofactor II Ag | System: PPP | Units: ug/mL | Info: 
32684-3,LMW Heparin [Units/volume] in Platelet poor plasma,Test: Heparin.low molecular weight | System: PPP | Units: arb U/mL | Info: 
32693-4,Lactate [Moles/volume] in Blood,Test: Lactate | System: Bld | Units: mmol/L | Info: 
32703-1,Cytochrome B5 reductase [Enzymatic activity/mass] in Red Blood Cells,Test: Cytochrome b5 reductase | System: RBC | Units: U/g Hb | Info: 
32713-0,Potassium [Moles/volume] in Arterial blood,Test: Potassium | System: BldA | Units: mmol/L | Info: 
32717-1,Sodium [Moles/volume] in Arterial blood,Test: Sodium | System: BldA | Units: mmol/L | Info: 
32722-1,Lipase [Enzymatic activity/volume] in Peritoneal fluid,Test: Triacylglycerol lipase | System: Periton fld | Units: arb U/L | Info: 
32728-8,Beta 1 globulin/Protein.total in Cerebral spinal fluid by Electrophoresis,Test: Beta 1 globulin/Protein.total | System: CSF | Units: % | Info: 
32729-6,Beta 2 globulin/Protein.total in Cerebral spinal fluid by Electrophoresis,Test: Beta 2 globulin/Protein.total | System: CSF | Units: % | Info: 
3273-0,Heparin unfractionated [Units/volume] in Platelet poor plasma by Coagulation assay,Test: Heparin.unfractionated | System: PPP | Units: arb U/mL | Info: 
32730-4,Beta 1 globulin [Mass/volume] in Serum or Plasma by Electrophoresis,Test: Beta 1 globulin | System: Ser/Plas | Units: g/dL | Info: 
32731-2,Beta 2 globulin [Mass/volume] in Serum or Plasma by Electrophoresis,Test: Beta 2 globulin | System: Ser/Plas | Units: g/dL | Info: 
32732-0,Beta 1 globulin/Protein.total in Serum or Plasma by Electrophoresis,Test: Beta 1 globulin/Protein.total | System: Ser/Plas | Units: % | Info: 
32733-8,Beta 2 globulin/Protein.total in Serum or Plasma by Electrophoresis,Test: Beta 2 globulin/Protein.total | System: Ser/Plas | Units: % | Info: 
32735-3,Beta 2 globulin [Mass/time] in 24 hour Urine by Electrophoresis,Test: Beta 2 globulin | System: Urine | Units: g/24 H | Info: 
32736-1,Beta 1 globulin/Protein.total in Urine by Electrophoresis,Test: Beta 1 globulin/Protein.total | System: Urine | Units: % | Info: 
32737-9,Beta 2 globulin/Protein.total in Urine by Electrophoresis,Test: Beta 2 globulin/Protein.total | System: Urine | Units: % | Info: 
32738-7,Beta 1 globulin [Mass/volume] in Body fluid by Electrophoresis,Test: Beta 1 globulin | System: Body fld | Units: g/dL | Info: 
32739-5,Beta 2 globulin [Mass/volume] in Body fluid by Electrophoresis,Test: Beta 2 globulin | System: Body fld | Units: g/dL | Info: 
32740-3,Beta 1 globulin/Protein.total in Body fluid by Electrophoresis,Test: Beta 1 globulin/Protein.total | System: Body fld | Units: % | Info: 
32741-1,Beta 2 globulin/Protein.total in Body fluid by Electrophoresis,Test: Beta 2 globulin/Protein.total | System: Body fld | Units: % | Info: 
3276-3,Kininogen HMW [Units/volume] in Platelet poor plasma by Coagulation assay,Test: Kininogen.high molecular weight | System: PPP | Units: arb U/mL | Info: 
32771-8,Carbon dioxide [Partial pressure] adjusted to patient's actual temperature in Arterial blood,Test: Carbon dioxide^^adjusted to patient's actual temperature | System: BldA | Units: mm Hg | Info: 
32779-1,Glucose-6-Phosphatase [Enzymatic activity/volume] in Red Blood Cells,Test: Glucose-6-Phosphatase | System: RBC | Units: U/10*12 | Info: 
3278-9,Kininogen HMW actual/normal in Platelet poor plasma by Immunoassay,Test: Kininogen.high molecular weight actual/Normal | System: PPP | Units: % | Info: 
32799-9,Glycosaminoglycans/Creatinine [Mass Ratio] in Urine,Test: Glycosaminoglycans/Creatinine | System: Urine | Units: mg/g creatinine | Info: 
3288-8,Prothrombin Ag [Units/volume] in Platelet poor plasma by Immunoassay,Test: Prothrombin Ag | System: PPP | Units: arb U/mL | Info: 
3289-6,Prothrombin activity actual/normal in Platelet poor plasma by Coagulation assay,Test: Prothrombin.activity actual/Normal | System: PPP | Units: % | Info: 
33007-6,Protoporphyrin.zinc [Mass/volume] in Blood,Test: Protoporphyrin.zinc | System: Bld | Units: ug/dL | Info: 
33017-5,Parasites [#/area] in Urine sediment by Microscopy low power field,Test: Parasites | System: Urine sed | Units: /LPF | Info: 
33019-1,Pseudocasts [#/area] in Urine sediment by Microscopy low power field,Test: Pseudocasts | System: Urine sed | Units: /LPF | Info: 
33020-9,Triple phosphate crystals [#/area] in Urine sediment by Microscopy low power field,Test: Triple phosphate crystals | System: Urine sed | Units: /LPF | Info: 
33021-7,Tyrosine crystals [#/area] in Urine sediment by Microscopy low power field,Test: Tyrosine crystals | System: Urine sed | Units: /LPF | Info: 
33031-6,Sodium urate crystals [#/area] in Urine sediment by Microscopy low power field,Test: Sodium urate crystals | System: Urine sed | Units: /LPF | Info: 
33036-5,Fatty acids.very long chain C26:1 (Hexacosenoate) [Moles/volume] in Serum or Plasma,Test: Fatty acids.very long chain.C26:1 | System: Ser/Plas | Units: umol/L | Info: 
33053-0,Protoporphyrin [Molar ratio] in Red Blood Cells,Test: Protoporphyrin | System: RBC | Units: umol/mol hb | Info: 
33058-9,Ketones [Mass/volume] in Serum or Plasma,Test: Ketones | System: Ser/Plas | Units: mg/dL | Info: 
33203-1,Amyloid beta 42 peptide [Mass/volume] in Cerebral spinal fluid,Test: Amyloid beta 42 peptide | System: CSF | Units: pg/mL | Info: 
33211-4,Interleukin 8 [Mass/volume] in Serum or Plasma,Test: Interleukin 8 | System: Ser/Plas | Units: pg/mL | Info: 
33214-8,Taurine [Moles/volume] in Vitreous fluid,Test: Taurine | System: Vitr fld | Units: mmol/L | Info: 
33220-5,Transitional cells [#/area] in Urine by Computer assisted method,Test: Transitional cells | System: Urine | Units: /HPF | Info: 
33221-3,Epithelial cells.renal [#/area] in Urine by Computer assisted method,Test: Epithelial cells.renal | System: Urine | Units: /HPF | Info: 
33228-8,WBC casts [#/area] in Urine by Computer assisted method,Test: Leukocyte casts | System: Urine | Units: /HPF | Info: 
33229-6,RBC casts [#/area] in Urine by Computer assisted method,Test: Erythrocyte casts | System: Urine | Units: /HPF | Info: 
33230-4,Waxy casts [#/area] in Urine by Computer assisted method,Test: Waxy casts | System: Urine | Units: /HPF | Info: 
33231-2,Fatty casts [#/area] in Urine by Computer assisted method,Test: Fatty casts | System: Urine | Units: /HPF | Info: 
33257-7,Cortisol [Mass/volume] in Cerebral spinal fluid,Test: Cortisol | System: CSF | Units: ug/dL | Info: 
33264-3,Osmol gap of Serum or Plasma,Test: Osmol gap | System: Ser/Plas | Units: mOsm/kg | Info: 
33273-4,3-Methylglutaconate [Moles/volume] in Serum or Plasma,Test: 3-Methylglutaconate | System: Ser/Plas | Units: nmol/L | Info: 
33341-9,Granular casts [#/area] in Urine by Computer assisted method,Test: Granular casts | System: Urine | Units: /HPF | Info: 
33343-5,Leukotriene E4/Creatinine [Mass Ratio] in Urine,Test: Leukotriene E4/Creatinine | System: Urine | Units: pg/mg creatinine | Info: 
33344-3,Leukotriene E4 [Mass/volume] in Urine,Test: Leukotriene E4 | System: Urine | Units: pg/mL | Info: 
33347-6,17-Ketosteroids/Creatinine [Mass Ratio] in Urine,Test: 17-Ketosteroids/Creatinine | System: Urine | Units: mg/g creatinine | Info: 
33351-8,11-Dehydro thromboxane beta 2 [Mass/volume] in Urine,Test: 11-Dehydro thromboxane beta 2 | System: Urine | Units: pg/mL | Info: 
33352-6,Glucose/Creatinine [Mass Ratio] in Urine,Test: Glucose/Creatinine | System: Urine | Units: mg/g creatinine | Info: 
33353-4,Alanine aminopeptidase [Enzymatic activity/volume] in Urine,Test: Alanine aminopeptidase | System: Urine | Units: arb U/mL | Info: 
33354-2,N-acetyl-beta-glucosaminidase [Enzymatic activity/volume] in Urine,Test: N-acetyl-beta-glucosaminidase | System: Urine | Units: arb U/mL | Info: 
33358-3,Protein.monoclonal [Mass/volume] in Serum or Plasma by Electrophoresis,Test: Protein.monoclonal | System: Ser/Plas | Units: g/L;g/dL | Info: 
33366-6,Chloride [Moles/volume] in Peritoneal fluid,Test: Chloride | System: Periton fld | Units: mmol/L | Info: 
33368-2,Amylase [Enzymatic activity/volume] in Pericardial fluid,Test: Amylase | System: Pericard fld | Units: arb U/L | Info: 
33405-2,Glucose [Mass/volume] in Pericardial fluid,Test: Glucose | System: Pericard fld | Units: mg/dL | Info: 
33407-8,Protein [Mass/volume] in Pericardial fluid,Test: Protein | System: Pericard fld | Units: g/L;g/dL | Info: 
33413-6,Lipoprotein.beta/total Lipoprotein in Pleural fluid,Test: Lipoprotein.beta/Lipoprotein.total | System: Plr fld | Units: % | Info: 
33414-4,Lipoprotein.pre-beta/total Lipoprotein in Pleural fluid,Test: Lipoprotein.pre-beta/Lipoprotein.total | System: Plr fld | Units: % | Info: 
33421-9,Alkaline phosphatase.other fractions [Enzymatic activity/volume] in Serum or Plasma,Test: Alkaline phosphatase.other fractions | System: Ser/Plas | Units: arb U/L | Info: 
33458-1,Bilirubin.conjugated [Mass/volume] in Body fluid,Test: Bilirubin.glucuronidated | System: Body fld | Units: mg/dL | Info: 
33467-2,Prealbumin [Mass/volume] in Cord blood,Test: Prealbumin | System: BldCo | Units: mg/dL | Info: 
33524-0,Clot Lysis [Time] in Control Platelet poor plasma by Coagulation assay,Test: Coagulum lysis | System: PPP^Control | Units: h | Info: 
33547-1,Creatine Kinase aberrant band/Creatine kinase.total in Serum or Plasma by Electrophoresis,Test: Creatine kinase.aberrant band/Creatine kinase.total | System: Ser/Plas | Units: % | Info: 
33559-6,Kappa light chains/Lambda light chains [Mass Ratio] in Urine,Test: Immunoglobulin light chains.kappa/Immunoglobulin light chains.lambda | System: Urine | Units: ratio | Info: 
33588-5,Phosphatidylethanolamine Ab [Units/volume] in Serum by Immunoassay,Test: Phosphatidylethanolamine Ab | System: Ser | Units: EIA units | Info: 
33589-3,Phosphatidylinositol Ab [Units/volume] in Serum by Immunoassay,Test: Phosphatidylinositol Ab | System: Ser | Units: EIA units | Info: 
33614-9,Transferrin.carbohydrate deficient.XXX/Transferrin.total in Serum or Plasma,Test: Transferrin.carbohydrate deficient.XXX/Transferrin.total | System: Ser/Plas | Units: % | Info: 
33618-0,Coproporphyrin 3/Coproporphyrin 1 [Mass Ratio] in 24 hour Stool,Test: Coproporphyrin 3/Coproporphyrin 1 | System: Stool | Units: ratio | Info: 
33619-8,Deuteroporphyrin.semi-proto [Mass/time] in 24 hour Stool,Test: Deuteroporphyrin.semi-proto | System: Stool | Units: ug/24 H | Info: 
33620-6,Tricarboxylporphyrin 1 [Mass/time] in 24 hour Stool,Test: Tricarboxylporphyrin 1 | System: Stool | Units: ug/24 H | Info: 
33621-4,Tricarboxylporphyrin 3 [Mass/time] in 24 hour Stool,Test: Tricarboxylporphyrin 3 | System: Stool | Units: ug/24 H | Info: 
33622-2,Isotricarboxylporphyrin [Mass/time] in 24 hour Stool,Test: Isotricarboxylporphyrin | System: Stool | Units: ug/24 H | Info: 
33623-0,Pentacarboxylporphyrin I [Mass/time] in 24 hour Stool,Test: Pentacarboxylporphyrin I | System: Stool | Units: ug/24 H | Info: 
33624-8,Pentacarboxylporphyrin III [Mass/time] in 24 hour Stool,Test: Pentacarboxylporphyrin III | System: Stool | Units: ug/24 H | Info: 
33625-5,Isocoproporphyrin [Mass/time] in 24 hour Stool,Test: Isocoproporphyrin | System: Stool | Units: ug/24 H | Info: 
33626-3,Hematoporphyrin [Mass/time] in 24 hour Stool,Test: Hematoporphyrin | System: Stool | Units: ug/24 H | Info: 
33647-9,Protein.monoclonal/Protein.total in Serum or Plasma by Electrophoresis,Test: Protein.monoclonal/Protein.total | System: Ser/Plas | Units: % | Info: 
33657-8,Beta-N-acetylhexosaminidase.A [Moles/volume] in Leukocytes,Test: Beta-N-acetylhexosaminidase.A | System: WBC | Units: nmol/mL | Info: 
33659-4,Pipecolate/Creatinine [Ratio] in Urine,Test: Pipecolate/Creatinine | System: Urine | Units: umol/g creatinine | Info: 
33767-5,Acidity.total [Moles/volume] in Gastric fluid,Test: Acidity.total | System: Gast fld | Units: mEq/L | Info: 
33783-2,Atrial natriuretic factor [Moles/volume] in Plasma,Test: Atrial natriuretic factor | System: Plas | Units: fmol/L | Info: 
33801-2,E selectin [Mass/volume] in Serum or Plasma,Test: E selectin | System: Ser/Plas | Units: ng/mL | Info: 
33821-0,Interleukin 1 alpha [Mass/volume] in Serum or Plasma,Test: Interleukin 1 alpha | System: Ser/Plas | Units: pg/mL | Info: 
33822-8,Interleukin 13 [Mass/volume] in Serum or Plasma,Test: Interleukin 13 | System: Ser/Plas | Units: pg/mL | Info: 
33823-6,Interleukin 18 [Mass/volume] in Serum or Plasma,Test: Interleukin 18 | System: Ser/Plas | Units: pg/mL | Info: 
33859-0,Somatotropin/Creatinine [Ratio] in 12 hour Urine,Test: Somatotropin/Creatinine | System: Urine | Units: ng/mol creatinine | Info: 
33863-2,Cystatin C [Mass/volume] in Serum or Plasma,Test: Cystatin C | System: Ser/Plas | Units: mg/L | Info: 
33872-3,Cystine [Moles/mass] in Leukocytes,Test: Cystine | System: WBC | Units: nmol 1/2 cystine/mg protein | Info: 
33876-4,Sulfocysteine/Creatinine [Molar ratio] in Urine,Test: Sulfocysteine/Creatinine | System: Urine | Units: mmol/mol creatinine | Info: 
33879-8,Protein.monoclonal [Mass/volume] in Specimen by Immunofixation,Test: Protein.monoclonal | System: XXX | Units: ug/uL | Info: 
33905-1,Trichomonas sp [#/area] in Urine sediment by Microscopy high power field,Test: Trichomonas sp | System: Urine sed | Units: /HPF | Info: 
33936-6,Homocystine Free [Moles/volume] in Urine,Test: Homocystine.free | System: Urine | Units: umol/L | Info: 
33937-4,Homocystine Free [Moles/volume] in Serum or Plasma,Test: Homocystine.free | System: Ser/Plas | Units: umol/L | Info: 
33938-2,Interleukin 5 [Mass/volume] in Serum or Plasma,Test: Interleukin 5 | System: Ser/Plas | Units: pg/mL | Info: 
33939-0,Interleukin 2 [Mass/volume] in Serum or Plasma,Test: Interleukin 2 | System: Ser/Plas | Units: pg/mL | Info: 
33944-0,Lambda light chains.free [Mass/volume] in Serum or Plasma,Test: Immunoglobulin light chains.lambda.free | System: Ser/Plas | Units: mg/L | Info: 
33948-1,IgG/Creatinine [Mass Ratio] in Urine,Test: IgG/Creatinine | System: Urine | Units: mg/g creatinine | Info: 
33949-9,Potassium/Creatinine [Molar ratio] in Urine,Test: Potassium/Creatinine | System: Urine | Units: mol/mol creatinine | Info: 
33951-5,Sodium/Creatinine [Molar ratio] in Urine,Test: Sodium/Creatinine | System: Urine | Units: mol/mol creatinine | Info: 
33962-2,Melanoma inhibitory activity protein [Mass/volume] in Serum or Plasma,Test: Melanoma inhibitory activity protein | System: Ser/Plas | Units: ng/mL | Info: 
33987-9,Heparin cofactor II actual/normal in Platelet poor plasma by Chromogenic method,Test: Heparin cofactor II actual/Normal | System: PPP | Units: % | Info: 
33988-7,Thymidine phosphorylase [Enzymatic activity/mass] in Leukocytes,Test: Thymidine phosphorylase | System: WBC | Units: mg/h/mg protein | Info: 
34146-1,Neopterin [Moles/volume] in Cerebral spinal fluid,Test: Neopterin | System: CSF | Units: nmol/L | Info: 
34149-5,N-acetyl-L-aspartate [Moles/volume] in Amniotic fluid,Test: N-acetyl-L-aspartate | System: Amnio fld | Units: umol/L | Info: 
34155-2,Guanidinoacetate/Creatinine [Molar ratio] in Urine,Test: Guanidinoacetate/Creatinine | System: Urine | Units: umol/mol creatinine | Info: 
34156-0,Insulin.bound [Units/volume] in Serum or Plasma,Test: Insulin.bound | System: Ser/Plas | Units: uIU/mL | Info: 
34161-0,Cancer Ag 72-4 [Units/volume] in Body fluid,Test: Cancer Ag 72-4 | System: Body fld | Units: arb U/mL | Info: 
34164-4,N-Acetylglucosamine-6-Sulfatase [Enzymatic activity/mass] in Tissue,Test: N-Acetylglucosamine-6-Sulfatase | System: Tiss | Units: pmol/H/mg protein | Info: 
34169-3,Fatty acids.very long chain [Mass/volume] in Serum or Plasma,Test: Fatty acids.very long chain | System: Ser/Plas | Units: ug/mL | Info: 
34191-7,Beta glucuronidase [Enzymatic activity/volume] in Specimen,Test: Beta glucuronidase | System: XXX | Units: mU/L | Info: 
34194-1,Fructose [Mass/volume] in Body fluid,Test: Fructose | System: Body fld | Units: mg/dL | Info: 
34206-3,11-Deoxycortisol/Creatinine [Molar ratio] in Urine,Test: 11-Deoxycortisol/Creatinine | System: Urine | Units: umol/mol creatinine | Info: 
34209-7,11-Hydroxyandrosterone/Creatinine [Molar ratio] in Urine,Test: 11-Hydroxyandrosterone/Creatinine | System: Urine | Units: umol/mol creatinine | Info: 
34212-1,11-Hydroxyetiocholanolone/Creatinine [Molar ratio] in Urine,Test: 11-Hydroxyetiocholanolone/Creatinine | System: Urine | Units: umol/mol creatinine | Info: 
34215-4,11-Ketoandrosterone/Creatinine [Molar ratio] in Urine,Test: 11-Ketoandrosterone/Creatinine | System: Urine | Units: umol/mol creatinine | Info: 
34219-6,17-Hydroxycorticosteroids/Creatinine [Molar ratio] in Urine,Test: 17-Hydroxycorticosteroids/Creatinine | System: Urine | Units: umol/mol creatinine | Info: 
34221-2,17-Hydroxyprogesterone/Creatinine [Molar ratio] in Urine,Test: 17-Hydroxyprogesterone/Creatinine | System: Urine | Units: nmol/mol creatinine | Info: 
34226-1,3-Alpha-Androstanediol glucuronide/Creatinine [Molar ratio] in Urine,Test: 3-Alpha-Androstanediol glucuronide/Creatinine | System: Urine | Units: mmol/mol creatinine | Info: 
34238-6,Androstenediol/Creatinine [Molar ratio] in Urine,Test: Androstenediol/Creatinine | System: Urine | Units: nmol/mol creatinine | Info: 
34240-2,Androstenedione/Creatinine [Molar ratio] in Urine,Test: Androstenedione/Creatinine | System: Urine | Units: nmol/mol creatinine | Info: 
34248-5,Ascorbate/Creatinine [Molar ratio] in Urine,Test: Ascorbate/Creatinine | System: Urine | Units: umol/mol creatinine | Info: 
34256-8,Cancer Ag 50 [Units/volume] in Serum or Plasma,Test: Cancer Ag 50 | System: Ser/Plas | Units: kIU/L | Info: 
34262-6,Catecholamines/Creatinine [Molar ratio] in Urine,Test: Catecholamines/Creatinine | System: Urine | Units: mmol/mol creatinine | Info: 
34282-4,Dehydroepiandrosterone sulfate (DHEA-S)/Creatinine [Molar ratio] in Urine,Test: Dehydroepiandrosterone sulfate/Creatinine | System: Urine | Units: umol/mol creatinine | Info: 
34290-7,Estradiol (E2).unconjugated/Creatinine [Molar ratio] in Urine,Test: Estradiol.unconjugated/Creatinine | System: Urine | Units: pmol/mol creatinine | Info: 
34309-5,Fructose/Creatinine [Molar ratio] in Urine,Test: Fructose/Creatinine | System: Urine | Units: umol/mol creatinine | Info: 
34315-2,Hexacarboxylporphyrins [Mass/mass] in Stool,Test: Hexacarboxylporphyrins | System: Stool | Units: ug/g | Info: 
34321-0,Iodine/Creatinine [Molar ratio] in Urine,Test: Iodine/Creatinine | System: Urine | Units: mmol/mol creatinine | Info: 
34353-3,Pentacarboxylporphyrins/Creatinine [Molar ratio] in Urine,Test: Pentacarboxylporphyrins/Creatinine | System: Urine | Units: mmol/mol creatinine | Info: 
34359-0,Pregnanediol/Creatinine [Molar ratio] in Urine,Test: Pregnanediol/Creatinine | System: Urine | Units: nmol/mol creatinine | Info: 
34374-9,Serotonin/Creatinine [Molar ratio] in Urine,Test: Serotonin/Creatinine | System: Urine | Units: umol/mol creatinine | Info: 
34396-2,11-Ketoetiocholanolone/Creatinine [Molar ratio] in Urine,Test: 11-Ketoetiocholanolone/Creatinine | System: Urine | Units: umol/mol creatinine | Info: 
34402-8,Coproporphyrin/Hemoglobin [Mass Ratio] in Red Blood Cells,Test: Coproporphyrin/Hemoglobin | System: RBC | Units: ug/g | Info: 
34407-7,Interleukin 1 [Mass/volume] in Serum or Plasma,Test: Interleukin 1 | System: Ser/Plas | Units: pg/mL | Info: 
34442-4,Bilirubin.conjugated/Bilirubin.total in Serum or Plasma,Test: Bilirubin.glucuronidated/Bilirubin.total | System: Ser/Plas | Units: ratio | Info: 
34444-0,Acarboxyprothrombin [Mass/volume] in Serum or Plasma,Test: Acarboxyprothrombin | System: Ser/Plas | Units: ng/mL | Info: 
34467-1,Cholesterol.in chylomicrons [Mass/volume] in Serum or Plasma,Test: Cholesterol.in chylomicrons | System: Ser/Plas | Units: mg/dL | Info: 
34521-5,Carnitine acyltransferase [Enzymatic activity/mass] in Tissue,Test: Carnitine acyltransferase | System: Tiss | Units: nmol/min/mg protein | Info: 
34522-3,Phosphorylase kinase [Enzymatic activity/volume] in Red Blood Cells,Test: Phosphorylase kinase | System: RBC | Units: U/mL RBC | Info: 
34523-1,Succinate semialdehyde dehydrogenase [Enzymatic activity/mass] in Leukocytes,Test: Succinate semialdehyde dehydrogenase | System: WBC | Units: pmol/min/mg protein | Info: 
34526-4,Sialooligosaccharides/Creatinine [Ratio] in Urine,Test: Sialooligosaccharides/Creatinine | System: Urine | Units: nmol/mg creatinine | Info: 
34581-9,Calcium.ionized [Moles/volume] in Arterial blood,Test: Calcium.ionized | System: BldA | Units: mmol/L | Info: 
34587-6,Palmitoyl protein thioesterase [Enzymatic activity/volume] in Serum or Plasma,Test: Palmitoyl protein thioesterase | System: Ser/Plas | Units: arb U/L | Info: 
34609-8,Transketolase [Enzymatic activity/mass] in Blood,Test: Transketolase | System: Bld | Units: U/g Hb | Info: 
34611-4,Prostate specific Ag [Mass/volume] in Urine,Test: Prostate specific Ag | System: Urine | Units: ng/mL | Info: 
34612-2,Iron [Mass/volume] in Stool,Test: Iron | System: Stool | Units: ug/L | Info: 
34624-7,Cystine Free [Moles/volume] in Serum or Plasma,Test: Cystine.free | System: Ser/Plas | Units: umol/L | Info: 
34626-2,2-Methylcitrate [Moles/volume] in Amniotic fluid,Test: 2-Methylcitrate | System: Amnio fld | Units: nmol/L | Info: 
34627-0,Methylmalonate [Moles/volume] in Amniotic fluid,Test: Methylmalonate | System: Amnio fld | Units: umol/L | Info: 
34630-4,Substance P [Mass/volume] in Cerebral spinal fluid,Test: Substance P | System: CSF | Units: pg/mL | Info: 
34637-9,5-Methyltetrahydrofolate [Mass/volume] in Cerebral spinal fluid,Test: 5-Methyltetrahydrofolate | System: CSF | Units: ng/mL | Info: 
34640-3,Bile acid [Mass/volume] in Body fluid,Test: Bile acid | System: Body fld | Units: ug/dL | Info: 
34671-8,8-Dehydrocholesterol [Mass/volume] in Serum or Plasma,Test: 8-Dehydrocholesterol | System: Ser/Plas | Units: ng/mL | Info: 
34674-2,Tripeptide aminopeptidase [Enzymatic activity/volume] in Serum or Plasma,Test: Tripeptide aminopeptidase | System: Ser/Plas | Units: arb U/L | Info: 
34694-0,Vascular endothelial growth factor [Mass/volume] in Serum or Plasma,Test: Vascular endothelial growth factor | System: Ser/Plas | Units: pg/mL | Info: 
34697-3,Alpha 1 antitrypsin actual/normal in Serum or Plasma,Test: Alpha 1 antitrypsin actual/Normal | System: Ser/Plas | Units: % normal | Info: 
34705-4,Carbon dioxide [Partial pressure] adjusted to patient's actual temperature in Blood,Test: Carbon dioxide^^adjusted to patient's actual temperature | System: Bld | Units: mm Hg | Info: 
34908-4,Neopterin [Mass/volume] in Serum or Plasma,Test: Neopterin | System: Ser/Plas | Units: ng/mL | Info: 
34969-6,Fractional oxyhemoglobin in Mixed venous blood,Test: Oxyhemoglobin/Hemoglobin.total | System: BldMV | Units: % | Info: 
35131-2,L-dopa decarboxylase [Enzymatic activity/volume] in Plasma,Test: L-dopa decarboxylase | System: Plas | Units: arb U/L | Info: 
35135-3,Adenosine triphosphate/Adenosine diphosphate [Mass Ratio] in Blood,Test: Adenosine triphosphate/Adenosine diphosphate | System: Bld | Units: ng/ng | Info: 
35141-1,Purine nucleoside phosphorylase [Enzymatic activity/volume] in Cerebral spinal fluid,Test: Purine nucleoside phosphorylase | System: CSF | Units: arb U/L | Info: 
35145-2,Octanoate (C8:0) [Moles/volume] in Serum or Plasma,Test: Octanoate | System: Ser/Plas | Units: umol/L | Info: 
35146-0,Decanoate (C10:0) [Moles/volume] in Serum or Plasma,Test: Decanoate | System: Ser/Plas | Units: umol/L | Info: 
35147-8,Decenoate (C10:1) [Moles/volume] in Serum or Plasma,Test: Decenoate | System: Ser/Plas | Units: umol/L | Info: 
35148-6,Tetradecadienoate (C14:2) [Moles/volume] in Serum or Plasma,Test: Tetradecadienoate | System: Ser/Plas | Units: umol/L | Info: 
35149-4,Octadecanoate (C18:0) [Moles/volume] in Serum or Plasma,Test: Octadecanoate | System: Ser/Plas | Units: umol/L | Info: 
35150-2,Laurate (C12:0) [Moles/volume] in Serum or Plasma,Test: Laurate | System: Ser/Plas | Units: umol/L | Info: 
35151-0,Lauroleate (C12:1) [Moles/volume] in Serum or Plasma,Test: Lauroleate | System: Ser/Plas | Units: umol/L | Info: 
35154-4,Hexadecadienoate (C16:2) [Moles/volume] in Serum or Plasma,Test: Hexadecadienoate | System: Ser/Plas | Units: umol/L | Info: 
35155-1,Hexadecenoate (C16:1w9) [Moles/volume] in Serum or Plasma,Test: Hexadecenoate | System: Ser/Plas | Units: umol/L | Info: 
35157-7,Myristate (C14:0) [Moles/volume] in Serum or Plasma,Test: Myristate | System: Ser/Plas | Units: umol/L | Info: 
35158-5,Myristoleate (C14:1) [Moles/volume] in Serum or Plasma,Test: Myristoleate | System: Ser/Plas | Units: umol/L | Info: 
35160-1,Docosenoate (C22:1) [Moles/volume] in Serum or Plasma,Test: Docosenoate | System: Ser/Plas | Units: umol/L | Info: 
35161-9,Palmitate (C16:0) [Moles/volume] in Serum or Plasma,Test: Palmitate | System: Ser/Plas | Units: umol/L | Info: 
35162-7,Palmitoleate (C16:1w7) [Moles/volume] in Serum or Plasma,Test: Palmitoleate | System: Ser/Plas | Units: umol/L | Info: 
35163-5,Gamma Linolenate (C18:3w6) [Moles/volume] in Serum or Plasma,Test: Gamma linolenate | System: Ser/Plas | Units: umol/L | Info: 
35164-3,Alpha linolenate (C18:3w3) [Moles/volume] in Serum or Plasma,Test: Alpha linolenate | System: Ser/Plas | Units: umol/L | Info: 
35165-0,Linoleate (C18:2w6) [Moles/volume] in Serum or Plasma,Test: Linoleate | System: Ser/Plas | Units: umol/L | Info: 
35166-8,Oleate (C18:1w9) [Moles/volume] in Serum or Plasma,Test: Oleate | System: Ser/Plas | Units: umol/L | Info: 
35167-6,Vaccenate (C18:1w7) [Moles/volume] in Serum or Plasma,Test: Vaccenate | System: Ser/Plas | Units: umol/L | Info: 
35168-4,Arachidonate (C20:4w6) [Moles/volume] in Serum or Plasma,Test: Arachidonate | System: Ser/Plas | Units: umol/L | Info: 
35169-2,Arachidate (C20:0) [Moles/volume] in Serum or Plasma,Test: Arachidate | System: Ser/Plas | Units: umol/L | Info: 
35170-0,Nervonate (C24:1) [Moles/volume] in Serum or Plasma,Test: Nervonate | System: Ser/Plas | Units: umol/L | Info: 
35171-8,Homo-gamma Linolenate (C20:3w6) [Moles/volume] in Serum or Plasma,Test: Homo-gamma linolenate | System: Ser/Plas | Units: umol/L | Info: 
35172-6,Mead acid (C20:3w9) [Moles/volume] in Serum or Plasma,Test: Mead acid | System: Ser/Plas | Units: umol/L | Info: 
35173-4,Eicosapentaenoate (C20:5w3) [Moles/volume] in Serum or Plasma,Test: Eicosapentaenoate | System: Ser/Plas | Units: umol/L | Info: 
35174-2,Docosahexaenoate (C22:6w3) [Moles/volume] in Serum or Plasma,Test: Docosahexaenoate | System: Ser/Plas | Units: umol/L | Info: 
35175-9,Saturated fatty acids [Moles/volume] in Serum or Plasma,Test: Fatty acids.saturated | System: Ser/Plas | Units: mmol/L | Info: 
35176-7,Monounsaturated fatty acids [Moles/volume] in Serum or Plasma,Test: Fatty acids.monounsaturated | System: Ser/Plas | Units: mmol/L | Info: 
35177-5,Polyunsaturated fatty acids [Moles/volume] in Serum or Plasma,Test: Fatty acids.polyunsaturated | System: Ser/Plas | Units: mmol/L | Info: 
35178-3,Omega 3 fatty acids (w3) [Moles/volume] in Serum or Plasma,Test: Fatty acids.omega 3 | System: Ser/Plas | Units: mmol/L | Info: 
35179-1,Omega 6 fatty acids (w6) [Moles/volume] in Serum or Plasma,Test: Fatty acids.omega 6 | System: Ser/Plas | Units: mmol/L | Info: 
35180-9,Docosapentaenate (C22:5w3) [Moles/volume] in Serum or Plasma,Test: Docosapentaenate w3 | System: Ser/Plas | Units: umol/L | Info: 
35181-7,Docosapentaenate (C22:5w6) [Moles/volume] in Serum or Plasma,Test: Docosapentaenate w6 | System: Ser/Plas | Units: umol/L | Info: 
35182-5,Docosatetraenoate (C22:4w6) [Moles/volume] in Serum or Plasma,Test: Docosatetraenoate | System: Ser/Plas | Units: umol/L | Info: 
35303-7,Glucosylceramidase [Enzymatic activity/mass] in Specimen,Test: Glucosylceramidase | System: XXX | Units: nmol/h/mg protein | Info: 
35360-7,Triglyceride in Lipoprotein a [Mass/volume] in Serum or Plasma,Test: Triglyceride.in lipoprotein (little a) | System: Ser/Plas | Units: mg/dL | Info: 
35363-1,Triglyceride in Chylomicrons [Mass/volume] in Serum or Plasma,Test: Triglyceride.in chylomicrons | System: Ser/Plas | Units: mg/dL | Info: 
35388-8,Cholesterol. in Lipoprotein (a) [Mass/volume] in Serum or Plasma,Test: Cholesterol.in lipoprotein (little a) | System: Ser/Plas | Units: mg/mL;mg/dL | Info: 
35411-8,Trienoate (C20:3w9)/Arachidonate (C20:4w6) [Molar ratio] in Serum or Plasma,Test: Trienoate/Arachidonate | System: Ser/Plas | Units: ratio | Info: 
35494-4,Succinate dehydrogenase [Enzymatic activity/mass] in Tissue,Test: Succinate dehydrogenase | System: Tiss | Units: U/g | Info: 
35495-1,Citrate synthase [Enzymatic activity/mass] in Tissue,Test: Citrate synthase | System: Tiss | Units: nmol/min/mg protein | Info: 
35496-9,NADH dehydrogenase [Enzymatic activity/mass] in Tissue,Test: NADH dehydrogenase | System: Tiss | Units: U/g | Info: 
35497-7,NADH cytochrome C reductase [Enzymatic activity/mass] in Tissue,Test: NADH cytochrome C reductase | System: Tiss | Units: U/g | Info: 
35498-5,Succinate cytochrome C reductase [Enzymatic activity/mass] in Tissue,Test: Succinate cytochrome C reductase | System: Tiss | Units: U/g | Info: 
35559-4,Protein.monoclonal band 2 [Mass/volume] in Serum or Plasma by Electrophoresis,Test: Protein.monoclonal band 2 | System: Ser/Plas | Units: g/dL | Info: 
35560-2,Protein.monoclonal [Mass/volume] in Urine,Test: Protein.monoclonal | System: Urine | Units: mg/dL | Info: 
35571-9,Tyrosine [Moles/volume] in DBS,Test: Tyrosine | System: Bld.dot | Units: umol/L | Info: 
35572-7,Phenylalanine/Tyrosine [Molar ratio] in DBS,Test: Phenylalanine/Tyrosine | System: Bld.dot | Units: ratio | Info: 
35580-0,N-methyl valine [Mass/volume] in Blood,Test: N-methyl valine | System: Bld | Units: ug/L | Info: 
35581-8,Hydroxyethyl valine [Mass/volume] in Blood,Test: Hydroxyethyl valine | System: Bld | Units: ug/L | Info: 
35592-5,"Creatinine renal clearance/1.73 sq M.predicted by Cockcroft-Gault formula, BSA formula",Test: Creatinine renal clearance/1.73 sq M.predicted | System: Ser/Plas | Units: mL/min/1.73 sq m | Info: 
35647-7,Pyridinoline+Deoxypyridinoline/Creatinine [Molar ratio] in Urine collected for unspecified duration,Test: Pyridinoline+Deoxypyridinoline/Creatinine | System: Urine | Units: mmol/mol creatinine | Info: 
35654-3,Creatinine/Body weight [Mass/kg/time] in 24 hour Urine,Test: Creatinine/body weight | System: Urine | Units: mg/kg/24 H | Info: 
35655-0,Butyrylcarnitine (C4) [Moles/volume] in Serum or Plasma,Test: Butyrylcarnitine (C4) | System: Ser/Plas | Units: umol/L | Info: 
35656-8,3-Hydroxystearoylcarnitine (C18-OH) [Moles/volume] in Serum or Plasma,Test: 3-Hydroxystearoylcarnitine (C18-OH) | System: Ser/Plas | Units: umol/L | Info: 
35657-6,Urea nitrogen/Body weight [Mass/kg/time] in 24 hour Urine,Test: Urea nitrogen/body weight | System: Urine | Units: mg/24 H/kg | Info: 
35672-5,Bilirubin.direct/Bilirubin.total in Serum or Plasma,Test: Bilirubin.glucuronidated+Bilirubin.albumin bound/Bilirubin.total | System: Ser/Plas | Units: % | Info: 
35701-2,Acetylcholinesterase [Enzymatic activity/volume] in Specimen,Test: Acetylcholinesterase | System: XXX | Units: arb U/L | Info: 
35703-8,Adenosine deaminase [Enzymatic activity/volume] in Cerebral spinal fluid,Test: Adenosine deaminase | System: CSF | Units: arb U/L | Info: 
35704-6,Adenosine deaminase [Enzymatic activity/volume] in Pleural fluid,Test: Adenosine deaminase | System: Plr fld | Units: arb U/L | Info: 
35707-9,Alkaline phosphatase.macrohepatic/Alkaline phosphatase.total in Serum or Plasma,Test: Alkaline phosphatase.macrohepatic/Alkaline phosphatase.total | System: Ser/Plas | Units: % | Info: 
35745-9,Fat/Total solids [Mass Ratio] in Stool,Test: Fat/Solids.total | System: Stool | Units: % | Info: 
35747-5,Hydrogen ion [Moles/volume] in Arterial blood,Test: Hydrogen ion | System: BldA | Units: mmol/L | Info: 
35748-3,Hydrogen ion [Moles/volume] adjusted to patient's actual temperature in Arterial blood,Test: Hydrogen ion^^adjusted to patient's actual temperature | System: BldA | Units: nmol/L | Info: 
35868-9,2-Oxoisovalerate [Moles/volume] in Serum or Plasma,Test: 2-Oxoisovalerate | System: Ser/Plas | Units: umol/L | Info: 
35869-7,"2-Oxo,3-Methylvalerate [Moles/volume] in Serum or Plasma","Test: 2-Oxo,3-Methylvalerate | System: Ser/Plas | Units: umol/L | Info: "
35870-5,2-Oxoisocaproate [Moles/volume] in Serum or Plasma,Test: 2-Oxoisocaproate | System: Ser/Plas | Units: umol/L | Info: 
35871-3,Succinate [Moles/volume] in Serum or Plasma,Test: Succinate | System: Ser/Plas | Units: umol/L | Info: 
36904-1,Inhibin A [Multiple of the median] adjusted in Serum or Plasma,Test: Inhibin A^^adjusted | System: Ser/Plas | Units: M.o.M | Info: 
37990-9,Corticotropin releasing hormone [Moles/volume] in Serum or Plasma,Test: Corticotropin releasing hormone | System: Ser/Plas | Units: pmol/L | Info: 
38160-8,Porphyrins/Creatinine [Mass Ratio] in Urine,Test: Porphyrins/Creatinine | System: Urine | Units: ug/g creatinine | Info: 
38164-0,Hexacarboxylporphyrin/Creatinine [Mass Ratio] in Urine,Test: Hexacarboxylporphyrin/Creatinine | System: Urine | Units: ug/g creatinine | Info: 
38169-9,Lambda light chains.free [Mass/time] in 24 hour Urine,Test: Immunoglobulin light chains.lambda.free | System: Urine | Units: mg/24 H | Info: 
38172-3,Organic acids [Moles/volume] in Serum or Plasma,Test: Organic acids | System: Ser/Plas | Units: umol/L | Info: 
38175-6,Heptacarboxylate/Creatinine [Molar ratio] in Urine,Test: Heptacarboxylate/Creatinine | System: Urine | Units: umol/mol creatinine | Info: 
38176-4,Kappa light chains.free [Mass/volume] in Urine,Test: Immunoglobulin light chains.kappa.free | System: Urine | Units: mcg/mL; mg/dL | Info: 
38186-3,Beta globulin [Mass/volume] in 24 hour Urine by Electrophoresis,Test: Beta globulin | System: Urine | Units: g/dL | Info: 
38191-3,Ammonium urate/Total in Stone,Test: Ammonium urate/Total | System: Calculus | Units: % | Info: 
38252-3,Calcium oxalate monohydrate/Total in Stone,Test: Calcium oxalate monohydrate/Total | System: Calculus | Units: % | Info: 
38253-1,"Carbon dioxide, total [Moles/volume] in Specimen",Test: Carbon dioxide | System: XXX | Units: mmol/L | Info: 
38276-2,aPTT 1 hour post incubation in Platelet poor plasma from Pooled by Coagulation assay,Test: Coagulation | System: PPP^Pool | Units: s | Info: 
38352-1,Interleukin 2 receptor [Units/volume] in Specimen,Test: Interleukin 2 receptor | System: XXX | Units: arb U/mL | Info: 
38355-4,Chitotriosidase [Enzymatic activity/volume] in Serum or Plasma,Test: Chitotriosidase | System: Ser/Plas | Units: arb U/L | Info: 
38365-3,Hexadecadienoate (C16:2)/Creatinine [Mass Ratio] in Urine,Test: Hexadecadienoate/Creatinine | System: Urine | Units: ug/mg creatinine | Info: 
38366-1,Hypoxanthine/Creatinine [Molar ratio] in Urine,Test: Hypoxanthine/Creatinine | System: Urine | Units: umol/mmol creatinine | Info: 
38367-9,N-octanoylglycine/Creatinine [Mass Ratio] in Urine,Test: N-octanoylglycine/Creatinine | System: Urine | Units: ug/mg creatinine | Info: 
38371-1,Xanthine/Creatinine [Molar ratio] in Urine,Test: Xanthine/Creatinine | System: Urine | Units: umol/mmol creatinine | Info: 
38417-2,Trans-cinnamoylglycine/Creatinine [Mass Ratio] in Urine,Test: Trans-cinnamoylglycine/Creatinine | System: Urine | Units: ug/mg creatinine | Info: 
38445-3,Calprotectin [Mass/mass] in Stool,Test: Calprotectin | System: Stool | Units: ug/g | Info: 
38459-4,Crystals [#/area] in Urine sediment by Microscopy high power field,Test: Crystals | System: Urine sed | Units: /HPF | Info: 
3847-1,Neopterin [Mass/volume] in Urine,Test: Neopterin | System: Urine | Units: ng/mL | Info: 
38474-3,Acylcarnitine [Moles/volume] in DBS,Test: Acylcarnitine | System: Bld.dot | Units: umol/L | Info: 
38475-0,Acid alpha glucosidase [Enzymatic activity/volume] in Serum or Plasma,Test: Acid alpha glucosidase | System: Ser/Plas | Units: nmol/mL/H | Info: 
38477-6,Glucosylceramidase [Enzymatic activity/volume] in Serum or Plasma,Test: Glucosylceramidase | System: Ser/Plas | Units: nmol/mL/H | Info: 
38481-8,Carnitine free (C0) [Moles/volume] in DBS,Test: Carnitine.free (C0) | System: Bld.dot | Units: umol/L | Info: 
38483-4,Creatinine [Mass/volume] in Blood,Test: Creatinine | System: Bld | Units: mg/dL | Info: 
38487-5,IgA [Units/volume] in Serum,Test: IgA | System: Ser | Units: arb U/mL | Info: 
38488-3,IgG [Units/volume] in Serum,Test: IgG | System: Ser | Units: arb U/mL | Info: 
38491-7,Insulin-like growth factor binding protein 3.acid labile [Mass/volume] in Serum or Plasma,Test: Insulin-like growth factor binding protein 3.acid labile | System: Ser/Plas | Units: ug/mL | Info: 
38494-1,Metanephrine Free [Mass/volume] in Serum or Plasma,Test: Metanephrine.free | System: Ser/Plas | Units: pg/mL | Info: 
38496-6,Retinyl palmitate [Mass/volume] in Serum or Plasma,Test: Retinyl palmitate | System: Ser/Plas | Units: ug/mL | Info: 
38505-4,Thyroglobulin recovery in Serum or Plasma,Test: Thyroglobulin recovery | System: Ser/Plas | Units: % | Info: 
38521-1,Coagulation factor VIII Ag actual/normal in Platelet poor plasma by Immunoassay,Test: Coagulation factor VIII Ag actual/Normal | System: PPP | Units: % | Info: 
38523-7,Fibrinopeptide A [Mass/volume] in Urine,Test: Fibrinopeptide A | System: Urine | Units: ng/mL | Info: 
38525-2,Oligoclonal bands [Mass/volume] in Urine by Electrophoresis,Test: Protein fractions.oligoclonal bands | System: Urine | Units: mg/dL | Info: 
38528-6,Protein.abnormal band [Mass/time] in 24 hour Urine,Test: Protein.abnormal band | System: Urine | Units: mg/d | Info: 
38552-6,Acylcarnitine short chain [Moles/volume] in Serum or Plasma,Test: Acylcarnitine.short chain | System: Ser/Plas | Units: nmol/mL | Info: 
38912-2,Succinylacetone [Moles/volume] in Amniotic fluid,Test: Succinylacetone | System: Amnio fld | Units: mmol/L | Info: 
38926-2,Macroprolactin [Mass/volume] in Serum or Plasma,Test: Macroprolactin | System: Ser/Plas | Units: ng/mL | Info: 
38995-7,Mixed cellular casts [#/area] in Urine sediment by Microscopy low power field,Test: Mixed cellular casts | System: Urine sed | Units: /LPF | Info: 
39000-5,3-Hydroxybutyrylcarnitine (C4-OH) [Moles/volume] in Serum or Plasma,Test: 3-Hydroxybutyrylcarnitine (C4-OH) | System: Ser/Plas | Units: umol/L;nmol/mL | Info: 
39001-3,3-Hydroxyisovalerylcarnitine (C5-OH) [Moles/volume] in Serum or Plasma,Test: 3-Hydroxyisovalerylcarnitine (C5-OH) | System: Ser/Plas | Units: umol/L;nmol/mL | Info: 
39002-1,Adipoylcarnitine (C6-DC) [Moles/volume] in Serum or Plasma,Test: Adipoylcarnitine (C6-DC) | System: Ser/Plas | Units: nmol/mL | Info: 
39009-6,Isovalerylcarnitine (C5) [Moles/volume] in Serum or Plasma,Test: Isovalerylcarnitine (C5) | System: Ser/Plas | Units: umol/L;nmol/mL | Info: 
39010-4,Methylmalonylcarnitine (C4-DC) [Moles/volume] in Serum or Plasma,Test: Methylmalonylcarnitine (C4-DC) | System: Ser/Plas | Units: umol/L;nmol/mL | Info: 
39014-6,Suberylcarnitine (C8-DC) [Moles/volume] in Serum or Plasma,Test: Suberylcarnitine (C8-DC) | System: Ser/Plas | Units: umol/L;nmol/mL | Info: 
39354-6,Cholinesterase in Serum or Plasma --dibucaine/Cholinesterase,Test: Cholinesterase^dibucaine/Cholinesterase | System: Ser/Plas | Units: % | Info: 
39355-3,Cholinesterase.fluoride inhibited/Cholinesterase in Serum or Plasma,Test: Cholinesterase.fluoride inhibited/Cholinesterase | System: Ser/Plas | Units: % | Info: 
39356-1,Cholinesterase.scoline inhibited/Cholinesterase in Serum or Plasma,Test: Cholinesterase.scoline inhibited/Cholinesterase | System: Ser/Plas | Units: % | Info: 
39357-9,Cholinesterase.chloride inhibited/Cholinesterase in Serum or Plasma,Test: Cholinesterase.chloride inhibited/Cholinesterase | System: Ser/Plas | Units: % | Info: 
39358-7,Cholinesterase.RO 020683 inhibited/Cholinesterase in Serum or Plasma,Test: Cholinesterase.RO 020683 inhibited/Cholinesterase | System: Ser/Plas | Units: % | Info: 
39457-7,Beta aminobutyrate [Moles/volume] in Serum or Plasma,Test: Beta aminobutyrate | System: Ser/Plas | Units: umol/L | Info: 
39458-5,Beta-2-Microglobulin [Moles/volume] in Body fluid,Test: Beta-2-Microglobulin | System: Body fld | Units: nmol/L | Info: 
39464-3,"Carbon dioxide, total [Moles/volume] in Peritoneal dialysis fluid",Test: Carbon dioxide | System: Dial fld prt | Units: mmol/L | Info: 
39467-6,Chloride [Moles/volume] in Peritoneal dialysis fluid,Test: Chloride | System: Dial fld prt | Units: mmol/L | Info: 
39468-4,Cholesterol [Moles/volume] in Pleural fluid,Test: Cholesterol | System: Plr fld | Units: mmol/L | Info: 
39474-2,Creatinine [Moles/volume] in Peritoneal fluid,Test: Creatinine | System: Periton fld | Units: umol/L | Info: 
39480-9,Glucose [Moles/volume] in Venous blood,Test: Glucose | System: BldV | Units: mmol/L | Info: 
39481-7,Glucose [Moles/volume] in Arterial blood,Test: Glucose | System: BldA | Units: mmol/L | Info: 
39615-0,Benzoylcarnitine (BzCn) [Moles/volume] in Serum or Plasma,Test: Benzoylcarnitine (BzCn) | System: Ser/Plas | Units: umol/L;nmol/mL | Info: 
39771-1,Porphyrins [Moles/volume] in Urine,Test: Porphyrins | System: Urine | Units: nmol/L | Info: 
39775-2,Protoporphyrin Free [Moles/volume] in Red Blood Cells,Test: Protoporphyrin.free | System: RBC | Units: umol/L | Info: 
39776-0,Urea [Moles/volume] in Serum or Plasma --post dialysis,Test: Urea^post dialysis | System: Ser/Plas | Units: mmol/L | Info: 
39777-8,Urea [Moles/volume] in Serum or Plasma --pre dialysis,Test: Urea^pre dialysis | System: Ser/Plas | Units: mmol/L | Info: 
39779-4,Urea [Moles/volume] in 24 hour Dialysis fluid,Test: Urea | System: Dial fld | Units: mmol/L | Info: 
39780-2,Urea [Moles/volume] in Peritoneal dialysis fluid,Test: Urea | System: Dial fld prt | Units: mmol/L | Info: 
39781-0,Urea [Moles/volume] in Peritoneal fluid,Test: Urea | System: Periton fld | Units: mmol/L | Info: 
39783-6,Urea/Creatinine [Molar ratio] in Serum or Plasma,Test: Urea/Creatinine | System: Ser/Plas | Units: mmol/mol creatinine | Info: 
39785-1,Potassium [Moles/volume] in Peritoneal dialysis fluid,Test: Potassium | System: Dial fld prt | Units: mmol/L | Info: 
39787-7,Sodium [Moles/volume] in Peritoneal dialysis fluid,Test: Sodium | System: Dial fld prt | Units: mmol/L | Info: 
39789-3,Potassium [Moles/volume] in Venous blood,Test: Potassium | System: BldV | Units: mmol/L | Info: 
39790-1,Potassium [Moles/volume] in Capillary blood,Test: Potassium | System: BldC | Units: mmol/L | Info: 
39791-9,Sodium [Moles/volume] in Venous blood,Test: Sodium | System: BldV | Units: mmol/L | Info: 
39792-7,Sodium [Moles/volume] in Capillary blood,Test: Sodium | System: BldC | Units: mmol/L | Info: 
39793-5,Coproporphyrin 3/Coproporphyrin 1 [Molar ratio] in 24 hour Urine,Test: Coproporphyrin 3/Coproporphyrin 1 | System: Urine | Units: mol/mol | Info: 
39801-6,Triglyceride [Moles/volume] in Pleural fluid,Test: Triglyceride | System: Plr fld | Units: mmol/L | Info: 
39802-4,Creatinine in dialysis fluid/Creatinine in serum or plasma,Test: Creatinine dial fld/Creatinine ser_plas | System: Dial fld+Ser/Plas | Units: mol/mol | Info: 
40087-9,Prothrombin time (PT) in Platelet poor plasma by Coagulation assay --2 hours pre XXX challenge,Test: Coagulation^2H pre XXX challenge | System: PPP | Units: s | Info: 
40088-7,Prothrombin time (PT) in Platelet poor plasma by Coagulation assay --baseline,Test: Coagulation^baseline | System: PPP | Units: s | Info: 
40089-5,Prothrombin time (PT) in Platelet poor plasma by Coagulation assay --30 minutes post XXX challenge,Test: Coagulation^30M post XXX challenge | System: PPP | Units: s | Info: 
40090-3,Prothrombin time (PT) in Platelet poor plasma by Coagulation assay --1 hour post XXX challenge,Test: Coagulation^1H post XXX challenge | System: PPP | Units: s | Info: 
40091-1,Prothrombin time (PT) in Platelet poor plasma by Coagulation assay --1.5 hours post XXX challenge,Test: Coagulation^1.5H post XXX challenge | System: PPP | Units: s | Info: 
40092-9,Prothrombin time (PT) in Platelet poor plasma by Coagulation assay --2 hours post XXX challenge,Test: Coagulation^2H post XXX challenge | System: PPP | Units: s | Info: 
40093-7,Prothrombin time (PT) in Platelet poor plasma by Coagulation assay --3 hours post XXX challenge,Test: Coagulation^3H post XXX challenge | System: PPP | Units: s | Info: 
40094-5,Prothrombin time (PT) in Platelet poor plasma by Coagulation assay --4 hours post XXX challenge,Test: Coagulation^4H post XXX challenge | System: PPP | Units: s | Info: 
40095-2,Prothrombin time (PT) in Platelet poor plasma by Coagulation assay --6 hours post XXX challenge,Test: Coagulation^6H post XXX challenge | System: PPP | Units: s | Info: 
40096-0,Prothrombin time (PT) in Platelet poor plasma by Coagulation assay --8 hours post XXX challenge,Test: Coagulation^8H post XXX challenge | System: PPP | Units: s | Info: 
40097-8,Prothrombin time (PT) in Platelet poor plasma by Coagulation assay --12 hours post XXX challenge,Test: Coagulation^12H post XXX challenge | System: PPP | Units: s | Info: 
40098-6,Prothrombin time (PT) in Platelet poor plasma by Coagulation assay --1 day post XXX challenge,Test: Coagulation^1D post XXX challenge | System: PPP | Units: s | Info: 
40111-7,aPTT in Platelet poor plasma by Coagulation assay --18 hours post XXX challenge,Test: Coagulation^18H post XXX challenge | System: PPP | Units: s | Info: 
40410-3,Alkaline phosphatase [Enzymatic activity/volume] in Peritoneal fluid,Test: Alkaline phosphatase | System: Periton fld | Units: arb U/L | Info: 
40452-5,Sialate/Creatinine [Ratio] in Urine,Test: Sialate/Creatinine | System: Urine | Units: nmol/mg creatinine | Info: 
40455-8,Ceruloplasmin actual/normal in Serum or Plasma,Test: Ceruloplasmin actual/Normal | System: Ser/Plas | Units: % normal | Info: 
40456-6,Beta 2 glycoprotein 1 Ab [Units/volume] in Serum,Test: Beta 2 glycoprotein 1 Ab | System: Ser | Units: arb U/mL | Info: 
40457-4,Prothrombin Ab [Units/volume] in Serum or Plasma,Test: Prothrombin Ab | System: Ser/Plas | Units: arb U/mL | Info: 
40472-3,Tetradecadienoate (C14:2)/Creatinine [Mass Ratio] in Urine,Test: Tetradecadienoate/Creatinine | System: Urine | Units: ug/mg creatinine | Info: 
40485-5,Urate crystals [#/area] in Urine sediment by Microscopy low power field,Test: Urate crystals | System: Urine sed | Units: /LPF | Info: 
40583-7,Invasive trophoblast Ag [Mass/volume] in Serum or Plasma,Test: Invasive trophoblast Ag | System: Ser/Plas | Units: ug/L | Info: 
40595-1,Prothrombin IgG Ab [Units/volume] in Serum or Plasma,Test: Prothrombin Ab.IgG | System: Ser/Plas | Units: arb U/mL | Info: 
40596-9,Prothrombin IgM Ab [Units/volume] in Serum or Plasma,Test: Prothrombin Ab.IgM | System: Ser/Plas | Units: arb U/mL | Info: 
40599-3,Albumin [Mass/volume] in Peritoneal dialysis fluid,Test: Albumin | System: Dial fld prt | Units: g/L;gm/L | Info: 
40618-1,Cancer Ag 125 [Units/volume] in Peritoneal fluid,Test: Cancer Ag 125 | System: Periton fld | Units: arb U/L | Info: 
40619-9,Carbon dioxide [Partial pressure] adjusted to patient's actual temperature in Venous blood,Test: Carbon dioxide^^adjusted to patient's actual temperature | System: BldV | Units: mm Hg | Info: 
40620-7,Carbon dioxide [Partial pressure] adjusted to patient's actual temperature in Capillary blood,Test: Carbon dioxide^^adjusted to patient's actual temperature | System: BldC | Units: mm Hg | Info: 
40621-5,Carcinoembryonic Ag [Mass/volume] in Pericardial fluid,Test: Carcinoembryonic Ag | System: Pericard fld | Units: ug/L | Info: 
40622-3,Carcinoembryonic Ag [Mass/volume] in Peritoneal fluid,Test: Carcinoembryonic Ag | System: Periton fld | Units: ng/mL; ug/L | Info: 
40662-9,Protein [Mass/time] in 12 hour Urine --resting,Test: Protein^resting | System: Urine | Units: g/12 H | Info: 
40663-7,Protein [Mass/time] in 12 hour Urine --upright,Test: Protein^upright | System: Urine | Units: g/12 H | Info: 
40673-6,Thyrotropin binding inhibitory immunoglobulins [Units/volume] in Serum,Test: Thyrotropin binding inhibitory immunoglobulins | System: Ser | Units: arb U/L | Info: 
40754-4,17-Hydroxyprogesterone [Mass/volume] in Amniotic fluid,Test: 17-Hydroxyprogesterone | System: Amnio fld | Units: ng/dL | Info: 
40836-9,Sulfonamide crystals [#/area] in Urine sediment by Microscopy low power field,Test: Sulfonamide crystals | System: Urine sed | Units: /LPF | Info: 
40838-5,Argininosuccinate [Moles/volume] in Cerebral spinal fluid,Test: Argininosuccinate | System: CSF | Units: umol/L | Info: 
40842-7,Galactose 1 phosphate [Mass/volume] in DBS,Test: Galactose 1 phosphate | System: Bld.dot | Units: mg/dL | Info: 
40846-8,Homovanillate [Moles/volume] in Cerebral spinal fluid,Test: Homovanillate | System: CSF | Units: nmol/L | Info: 
40848-4,3-Methylcrotonylglycine [Mass/time] in 24 hour Urine,Test: 3-Methylcrotonylglycine | System: Urine | Units: ug/24 H | Info: 
40851-8,Normetanephrine Free [Moles/volume] in Serum or Plasma,Test: Normetanephrine.free | System: Ser/Plas | Units: nmol/L | Info: 
40857-5,Prealbumin [Mass/volume] in Urine,Test: Prealbumin | System: Urine | Units: mg/L | Info: 
40869-0,Carnitine esters/Carnitine.free (C0) [Molar ratio] in Serum or Plasma,Test: Carnitine esters/Carnitine.free (C0) | System: Ser/Plas | Units: umol/mol | Info: 
40874-0,Glucose [Mass/volume] in Specimen --1st specimen,Test: Glucose^1st specimen | System: XXX | Units: mg/dL | Info: 
40875-7,Glucose [Mass/volume] in Specimen --3rd specimen,Test: Glucose^3rd specimen | System: XXX | Units: mg/dL | Info: 
40927-6,3-Methylcrotonylglycine [Moles/volume] in Blood,Test: 3-Methylcrotonylglycine | System: Bld | Units: nmol/mL | Info: 
40998-7,Calcium hydrogen phosphate dihydrate/Total in Stone,Test: Calcium hydrogen phosphate dihydrate/Total | System: Calculus | Units: % | Info: 
41039-9,3-Methylcrotonylglycine [Moles/volume] in Serum or Plasma,Test: 3-Methylcrotonylglycine | System: Ser/Plas | Units: nmol/mL | Info: 
41040-7,Palmitoylcarnitine (C16) [Moles/volume] in Blood,Test: Palmitoylcarnitine (C16) | System: Bld | Units: umol/mL | Info: 
41041-5,3-Hydroxypalmitoylcarnitine (C16-OH) [Moles/volume] in Blood,Test: 3-Hydroxypalmitoylcarnitine (C16-OH) | System: Bld | Units: umol/mL | Info: 
41171-0,Collagen crosslinked C-telopeptide [Mass/volume] in Serum or Plasma,Test: Collagen crosslinked C-telopeptide | System: Ser/Plas | Units: pg/mL; ng/mL | Info: 
41172-8,Yeast.budding [#/area] in Urine sediment by Microscopy high power field,Test: Yeast.budding | System: Urine sed | Units: /HPF | Info: 
41215-5,Yeast [#/area] in Urine sediment by Microscopy low power field,Test: Yeast | System: Urine sed | Units: /lpf | Info: 
41221-3,Xanthurenate+Kynurenate [Mass/time] in 24 hour Urine,Test: Xanthurenate+Kynurenate | System: Urine | Units: mg/24 H | Info: 
41269-2,Beta hydroxybutyrate + Gamma aminobutyrate [Moles/volume] in Serum or Plasma,Test: Beta hydroxybutyrate+Gamma aminobutyrate | System: Ser/Plas | Units: mmol/L | Info: 
41276-7,Anion gap in Blood by calculation,Test: Anion gap | System: Bld | Units: mmol/L | Info: 
41284-1,Epithelial cells.non-squamous [#/area] in Urine sediment by Microscopy high power field,Test: Epithelial cells.non-squamous | System: Urine sed | Units: /HPF | Info: 
41292-4,Soluble mesothelin related proteins [Moles/volume] in Serum or Plasma,Test: Soluble mesothelin related proteins | System: Ser/Plas | Units: nmol/L | Info: 
41607-3,Methemoglobin/Hemoglobin.total in Mixed venous blood,Test: Methemoglobin/Hemoglobin.total | System: BldMV | Units: % | Info: 
41615-6,Xanthurenate [Mass/volume] in Serum or Plasma,Test: Xanthurenate | System: Ser/Plas | Units: ng/mL | Info: 
41644-6,Calcium.ionized [Moles/volume] in Capillary blood,Test: Calcium.ionized | System: BldC | Units: mmol/L | Info: 
41645-3,Calcium.ionized [Moles/volume] in Venous blood,Test: Calcium.ionized | System: BldV | Units: mmol/L | Info: 
41646-1,Calcium.ionized [Moles/volume] in Mixed venous blood,Test: Calcium.ionized | System: BldMV | Units: mmol/L | Info: 
41648-7,Carboxyhemoglobin/Hemoglobin.total in Mixed venous blood,Test: Carboxyhemoglobin/Hemoglobin.total | System: BldMV | Units: % | Info: 
41649-5,Chloride [Moles/volume] in Venous blood,Test: Chloride | System: BldV | Units: mmol/L | Info: 
41650-3,Chloride [Moles/volume] in Arterial blood,Test: Chloride | System: BldA | Units: mmol/L | Info: 
41656-0,Potassium [Moles/volume] in Mixed venous blood,Test: Potassium | System: BldMV | Units: mmol/L | Info: 
41657-8,Sodium [Moles/volume] in Mixed venous blood,Test: Sodium | System: BldMV | Units: mmol/L | Info: 
41760-0,Interleukin 12 [Mass/volume] in Serum or Plasma,Test: Interleukin 12 | System: Ser/Plas | Units: pg/mL | Info: 
41861-6,Yeast.hyphae [#/area] in Urine sediment by Microscopy high power field,Test: Yeast.hyphae | System: Urine sed | Units: /HPF | Info: 
41870-7,Tryptase.mature [Enzymatic activity/volume] in Serum or Plasma,Test: Tryptase.mature | System: Ser/Plas | Units: arb U/L | Info: 
41995-2,Hemoglobin A1c [Mass/volume] in Blood,Test: Hemoglobin A1c | System: Bld | Units: g/dL | Info: 
42206-3,IgA in CSF/IgA in serum,Test: IgA.CSF/IgA.serum | System: Ser+CSF | Units: Ratio | Info: 
42207-1,IgG in CSF/IgG in serum,Test: IgG.CSF/IgG.serum | System: Ser+CSF | Units: Ratio | Info: 
42208-9,IgM in CSF/IgM in serum,Test: IgM.CSF/IgM.serum | System: Ser+CSF | Units: Ratio | Info: 
42332-7,Alpha-1-Fetoprotein L3/Alpha-1-fetoprotein.total in Serum or Plasma,Test: Alpha-1-Fetoprotein.L3/Alpha-1-Fetoprotein.total | System: Ser/Plas | Units: % | Info: 
42483-8,Protein.monoclonal/Protein.total in Urine by Electrophoresis,Test: Protein.monoclonal/Protein.total | System: Urine | Units: % | Info: 
42485-3,Anion gap in Vitreous fluid by calculation,Test: Anion gap | System: Vitr fld | Units: mmol/L | Info: 
42493-7,Catecholamines Free fractionated [Mass/volume] in Plasma,Test: Catecholamines.free fractionated | System: Plas | Units: ug/L | Info: 
42502-5,Glycolate [Moles/volume] in Serum or Plasma,Test: Glycolate | System: Ser/Plas | Units: mmol/L | Info: 
42510-8,IgD [Mass/volume] in Urine,Test: IgD | System: Urine | Units: mg/dL | Info: 
42511-6,IgD [Mass/volume] in Cerebral spinal fluid,Test: IgD | System: CSF | Units: mg/dL | Info: 
42512-4,IgE [Units/volume] in Urine,Test: IgE | System: Urine | Units: arb U/mL | Info: 
42513-2,IgE [Units/volume] in Cerebral spinal fluid,Test: IgE | System: CSF | Units: arb U/mL | Info: 
42573-6,18-Hydroxycorticosterone [Mass/volume] in Urine,Test: 18-Hydroxycorticosterone | System: Urine | Units: mg/dL | Info: 
42593-4,Calcium [Moles/volume] in Capillary blood,Test: Calcium | System: BldC | Units: mmol/L | Info: 
42607-2,Prolactin monomeric [Mass/volume] in Serum or Plasma,Test: Prolactin.monomeric | System: Ser/Plas | Units: ng/mL | Info: 
42637-9,Natriuretic peptide B [Mass/volume] in Blood,Test: Natriuretic peptide.B | System: Bld | Units: pg/mL | Info: 
42666-8,Fat.neutral [#/area] in Pleural fluid by Microscopy high power field,Test: Fat.neutral | System: Plr fld | Units: /HPF | Info: 
42674-2,Fat.neutral [#/area] in Urine by Microscopy high power field,Test: Fat.neutral | System: Urine | Units: /HPF | Info: 
42677-5,Succinylacetone [Molar amount] in DBS,Test: Succinylacetone | System: Bld.dot | Units: um | Info: 
42682-5,Succinyladenosine [Moles/volume] in Cerebral spinal fluid,Test: Succinyladenosine | System: CSF | Units: umol/L | Info: 
42718-7,Alkaline phosphatase.heat labile/Alkaline phosphatase.total in Serum or Plasma by Heat stability,Test: Alkaline phosphatase.heat labile/Alkaline phosphatase.total | System: Ser/Plas | Units: % | Info: 
42719-5,Bilirubin.total [Mass/volume] in Blood,Test: Bilirubin | System: Bld | Units: mg/dL | Info: 
42729-4,Cardiolipin IgA Ab B2GP1 dependent [Multiple of the median] in Serum,Test: Cardiolipin Ab.IgA.B2GP1 dependent | System: Ser | Units: M.o.M | Info: 
42730-2,Cardiolipin IgA Ab B2GP1 independent [Multiple of the median] in Serum,Test: Cardiolipin Ab.IgA.B2GP1 independent | System: Ser | Units: M.o.M | Info: 
42731-0,Cardiolipin IgG Ab B2GP1 dependent [Multiple of the median] in Serum,Test: Cardiolipin Ab.IgG.B2GP1 dependent | System: Ser | Units: M.o.M | Info: 
42732-8,Cardiolipin IgG Ab B2GP1 independent [Multiple of the median] in Serum,Test: Cardiolipin Ab.IgG.B2GP1 independent | System: Ser | Units: M.o.M | Info: 
42733-6,Cardiolipin IgM Ab B2GP1 dependent [Multiple of the median] in Serum,Test: Cardiolipin Ab.IgM.B2GP1 dependent | System: Ser | Units: M.o.M | Info: 
42734-4,Cardiolipin IgM Ab B2GP1 independent [Multiple of the median] in Serum,Test: Cardiolipin Ab.IgM.B2GP1 independent | System: Ser | Units: M.o.M | Info: 
42739-3,Phosphatidylcholine IgA Ab B2GP1 dependent [Multiple of the median] in Serum,Test: Phosphatidylcholine Ab.IgA.B2GP1 dependent | System: Ser | Units: M.o.M | Info: 
42740-1,Phosphatidylcholine IgA Ab B2GP1 independent [Multiple of the median] in Serum,Test: Phosphatidylcholine Ab.IgA.B2GP1 independent | System: Ser | Units: M.o.M | Info: 
42741-9,Phosphatidylcholine IgG Ab B2GP1 dependent [Multiple of the median] in Serum,Test: Phosphatidylcholine Ab.IgG.B2GP1 dependent | System: Ser | Units: M.o.M | Info: 
42742-7,Phosphatidylcholine IgG Ab B2GP1 independent [Multiple of the median] in Serum,Test: Phosphatidylcholine Ab.IgG.B2GP1 independent | System: Ser | Units: M.o.M | Info: 
42743-5,Phosphatidylcholine IgM Ab B2GP1 dependent [Multiple of the median] in Serum,Test: Phosphatidylcholine Ab.IgM.B2GP1 dependent | System: Ser | Units: M.o.M | Info: 
42744-3,Phosphatidylcholine IgM Ab B2GP1 independent [Multiple of the median] in Serum,Test: Phosphatidylcholine Ab.IgM.B2GP1 independent | System: Ser | Units: M.o.M | Info: 
42745-0,Phosphatidylethanolamine IgA Ab B2GP1 dependent [Multiple of the median] in Serum,Test: Phosphatidylethanolamine Ab.IgA.B2GP1 dependent | System: Ser | Units: M.o.M | Info: 
42746-8,Phosphatidylethanolamine IgA Ab B2GP1 independent [Multiple of the median] in Serum,Test: Phosphatidylethanolamine Ab.IgA.B2GP1 independent | System: Ser | Units: M.o.M | Info: 
42747-6,Phosphatidylethanolamine IgG Ab B2GP1 dependent [Multiple of the median] in Serum,Test: Phosphatidylethanolamine Ab.IgG.B2GP1 dependent | System: Ser | Units: M.o.M | Info: 
42748-4,Phosphatidylethanolamine IgG Ab B2GP1 independent [Multiple of the median] in Serum,Test: Phosphatidylethanolamine Ab.IgG.B2GP1 independent | System: Ser | Units: M.o.M | Info: 
42749-2,Phosphatidylethanolamine IgM Ab B2GP1 dependent [Multiple of the median] in Serum,Test: Phosphatidylethanolamine Ab.IgM.B2GP1 dependent | System: Ser | Units: M.o.M | Info: 
42750-0,Phosphatidylethanolamine IgM Ab B2GP1 independent [Multiple of the median] in Serum,Test: Phosphatidylethanolamine Ab.IgM.B2GP1 independent | System: Ser | Units: M.o.M | Info: 
42751-8,Phosphatidylserine IgA Ab B2GP1 dependent [Multiple of the median] in Serum,Test: Phosphatidylserine Ab.IgA.B2GP1 dependent | System: Ser | Units: M.o.M | Info: 
42752-6,Phosphatidylserine IgA Ab B2GP1 independent [Multiple of the median] in Serum,Test: Phosphatidylserine Ab.IgA.B2GP1 independent | System: Ser | Units: M.o.M | Info: 
42753-4,Phosphatidylserine IgG Ab B2GP1 dependent [Multiple of the median] in Serum,Test: Phosphatidylserine Ab.IgG.B2GP1 dependent | System: Ser | Units: M.o.M | Info: 
42754-2,Phosphatidylserine IgG Ab B2GP1 independent [Multiple of the median] in Serum,Test: Phosphatidylserine Ab.IgG.B2GP1 independent | System: Ser | Units: M.o.M | Info: 
42755-9,Phosphatidylserine IgM Ab B2GP1 dependent [Multiple of the median] in Serum,Test: Phosphatidylserine Ab.IgM.B2GP1 dependent | System: Ser | Units: M.o.M | Info: 
42756-7,Phosphatidylserine IgM Ab B2GP1 independent [Multiple of the median] in Serum,Test: Phosphatidylserine Ab.IgM.B2GP1 independent | System: Ser | Units: M.o.M | Info: 
42757-5,Troponin I.cardiac [Mass/volume] in Blood,Test: Troponin I.cardiac | System: Bld | Units: ng/mL | Info: 
42857-3,Calcium [Moles/volume] in Venous blood,Test: Calcium | System: BldV | Units: mmol/L | Info: 
42891-2,Choriogonadotropin [Units/volume] in Body fluid,Test: Choriogonadotropin | System: Body fld | Units: mIU/mL | Info: 
42892-0,Citrulline [Moles/volume] in DBS,Test: Citrulline | System: Bld.dot | Units: umol/L | Info: 
42906-8,Galactose 1 phosphate uridyl transferase [Enzymatic activity/volume] in DBS,Test: Galactose 1 phosphate uridyl transferase | System: Bld.dot | Units: nmol/h/mL | Info: 
42920-9,Isovalerylcarnitine (C5) [Moles/volume] in DBS,Test: Isovalerylcarnitine (C5) | System: Bld.dot | Units: umol/L | Info: 
42924-1,Lactoferrin [Mass/volume] in Stool,Test: Lactoferrin | System: Stool | Units: g/mL | Info: 
43186-6,Acylcarnitine/Carnitine.free (C0) [Molar ratio] in Urine,Test: Acylcarnitine/Carnitine.free (C0) | System: Urine | Units: umol/umol | Info: 
43235-1,Acrylylcarnitine (C3:1) [Moles/volume] in Serum or Plasma,Test: Acrylylcarnitine (C3:1) | System: Ser/Plas | Units: umol/L;nmol/mL | Info: 
43243-5,Isobutyrylcarnitine (C4) [Moles/volume] in Serum or Plasma,Test: Isobutyrylcarnitine (C4) | System: Ser/Plas | Units: umol/L | Info: 
43289-8,Methylcrotonylcarnitine (C5:1) [Moles/volume] in Serum or Plasma,Test: Methylcrotonylcarnitine (C5:1) | System: Ser/Plas | Units: umol/L | Info: 
43361-5,Cardiolipin IgA Ab [Mass/volume] in Serum,Test: Cardiolipin Ab.IgA | System: Ser | Units: mg/dL | Info: 
43382-1,Alkaline phosphatase.heat stable/Alkaline phosphatase.total in Serum or Plasma by Heat stability,Test: Alkaline phosphatase.heat stable/Alkaline phosphatase.total | System: Ser/Plas | Units: % | Info: 
43394-6,Cholesterol in LDL acylated [Mass/volume] in Serum or Plasma,Test: Cholesterol.in LDL.acetylated | System: Ser/Plas | Units: mg/dL | Info: 
43395-3,Cholesterol in VLDL acylated [Mass/volume] in Serum or Plasma,Test: Cholesterol.in VLDL.acetylated | System: Ser/Plas | Units: mg/dL | Info: 
43396-1,Cholesterol non HDL [Mass/volume] in Serum or Plasma,Test: Cholesterol.non HDL | System: Ser/Plas | Units: mg/dL | Info: 
43688-1,16-Alpha hydroxypregnenolone/Creatinine [Mass Ratio] in Urine,Test: 16-Alpha hydroxypregnenolone/Creatinine | System: Urine | Units: mg/g creatinine | Info: 
43727-7,Lipoprotein.beta.subparticle.small [Moles/volume] in Serum or Plasma,Test: Lipoprotein.beta.subparticle.small | System: Ser/Plas | Units: nmol/L | Info: 
43728-5,Lipoprotein.pre-beta.subparticle.large [Moles/volume] in Serum or Plasma,Test: Lipoprotein.pre-beta.subparticle.large | System: Ser/Plas | Units: umol/L | Info: 
43729-3,Lipoprotein.alpha.subparticle.large [Moles/volume] in Serum or Plasma,Test: Lipoprotein.alpha.subparticle.large | System: Ser/Plas | Units: umol/L | Info: 
43740-0,Glucose/Insulin [Mass Ratio] in Serum or Plasma,Test: Glucose/Insulin | System: Ser/Plas | Units: ratio | Info: 
43801-0,Choriogonadotropin.intact [Units/volume] in Amniotic fluid,Test: Choriogonadotropin.intact | System: Amnio fld | Units: mIU/mL | Info: 
43803-6,Estriol (E3) [Multiple of the median] adjusted in Serum or Plasma,Test: Estriol^^adjusted | System: Ser/Plas | Units: M.o.M | Info: 
43981-0,Choriogonadotropin.intact [Multiple of the median] adjusted in Serum or Plasma,Test: Choriogonadotropin.intact^^adjusted | System: Ser/Plas | Units: M.o.M | Info: 
43994-3,Trisomy 18 risk [Likelihood] in Fetus,Test: Fetal trisomy 18 risk | System: ^Fetus | Units: Risk | Info: 
43995-0,Trisomy 21 risk [Likelihood] in Fetus,Test: Fetal trisomy 21 risk | System: ^Fetus | Units: Risk | Info: 
43996-8,Alpha-1-Fetoprotein [Multiple of the median] adjusted for diabetes+weight in Serum or Plasma,Test: Alpha-1-Fetoprotein^^adjusted for diabetes+weight | System: Ser/Plas | Units: M.o.M | Info: 
43997-6,Alpha-1-Fetoprotein [Multiple of the median] adjusted for weight in Serum or Plasma,Test: Alpha-1-Fetoprotein^^adjusted for weight | System: Ser/Plas | Units: M.o.M | Info: 
43998-4,Alpha-1-Fetoprotein [Multiple of the median] adjusted for diabetes in Serum or Plasma,Test: Alpha-1-Fetoprotein^^adjusted for diabetes | System: Ser/Plas | Units: M.o.M | Info: 
43999-2,Choriogonadotropin [Multiple of the median] in Amniotic fluid,Test: Choriogonadotropin | System: Amnio fld | Units: M.o.M | Info: 
44001-6,Choriogonadotropin [Units/volume] in Cerebral spinal fluid,Test: Choriogonadotropin | System: CSF | Units: mIU/mL | Info: 
44002-4,Choriogonadotropin [Multiple of the median] adjusted in Amniotic fluid,Test: Choriogonadotropin^^adjusted | System: Amnio fld | Units: M.o.M | Info: 
44050-3,Glucose phosphate isomerase [Enzymatic activity/mass] in Red Blood Cells,Test: Glucose phosphate isomerase | System: RBC | Units: U/g Hb | Info: 
44051-1,Adenylate kinase [Enzymatic activity/mass] in Red Blood Cells,Test: Adenylate kinase | System: RBC | Units: U/g Hb | Info: 
44053-7,Phosphoglycerate kinase [Enzymatic activity/mass] in Red Blood Cells,Test: Phosphoglycerate kinase | System: RBC | Units: U/g Hb | Info: 
44054-5,Triosephosphate isomerase [Enzymatic activity/mass] in Red Blood Cells,Test: Triosephosphate isomerase | System: RBC | Units: U/g Hb | Info: 
44277-2,"15 Beta, 17 Alpha-Dihydroxypregnanolone/Creatinine [Mass Ratio] in Urine","Test: 15 Beta, 17 Alpha-Dihydroxypregnanolone/Creatinine | System: Urine | Units: ng/g creatinine | Info: "
44278-0,16-Alpha hydroxydehydroepiandrosterone/Creatinine [Mass Ratio] in Urine,Test: 16-Alpha hydroxydehydroepiandrosterone/Creatinine | System: Urine | Units: ng/g creatinine | Info: 
44279-8,16-Alpha hydroxypregnenolone/16-Alpha hydroxydehydroepiandrosterone [Mass Ratio] in Urine,Test: 16-Alpha hydroxypregnenolone/16-Alpha hydroxydehydroepiandrosterone | System: Urine | Units: ng/ng | Info: 
44280-6,17-Hydroxypregnenolone/Creatinine [Mass Ratio] in Urine,Test: 17-Hydroxypregnenolone/Creatinine | System: Urine | Units: ng/g creatinine | Info: 
44293-9,Albumin/Globulin [Mass Ratio] in Urine by Electrophoresis,Test: Albumin/Globulin | System: Urine | Units: ratio | Info: 
44310-1,Cortisol/Creatinine [Mass Ratio] in 24 hour Urine,Test: Cortisol/Creatinine | System: Urine | Units: ug/g creatinine | Info: 
44314-3,D-Lactate/Creatinine [Molar ratio] in Urine,Test: D-lactate/Creatinine | System: Urine | Units: mmol/mol creatinine | Info: 
44337-4,Metanephrine Free/Creatinine [Mass Ratio] in Urine,Test: Metanephrine.free/Creatinine | System: Urine | Units: ug/g creatinine | Info: 
44360-6,Glutamate+Glutamine/Creatinine [Molar ratio] in Urine,Test: Glutamate+Glutamine/Creatinine | System: Urine | Units: umol/mol creatinine | Info: 
44412-5,Tetrahydrodeoxycortisol/Creatinine [Mass Ratio] in Urine,Test: Tetrahydrodeoxycortisol/Creatinine | System: Urine | Units: mg/g creatinine | Info: 
44422-4,Interleukin 2 receptor alpha chain soluble [Units/volume] in Serum or Plasma,Test: Interleukin 2 receptor alpha chain.soluble | System: Ser/Plas | Units: arb U/mL | Info: 
44428-1,Adenosine monophosphate.cyclic.nephrogenous/Creatinine [Molar ratio] in Urine,Test: Adenosine monophosphate.cyclic.nephrogenous/Creatinine | System: Urine | Units: mmol/mol creatinine | Info: 
44430-7,Alpha cortolone/Creatinine [Mass Ratio] in Urine,Test: Alpha cortolone/Creatinine | System: Urine | Units: mg/g creatinine | Info: 
44447-1,Beta 2 glycoprotein 1 IgA Ab [Units/volume] in Serum or Plasma by Immunoassay,Test: Beta 2 glycoprotein 1 Ab.IgA | System: Ser/Plas | Units: arb U/mL | Info: 
44448-9,Beta 2 glycoprotein 1 IgG Ab [Units/volume] in Serum or Plasma by Immunoassay,Test: Beta 2 glycoprotein 1 Ab.IgG | System: Ser/Plas | Units: arb U/mL | Info: 
44449-7,Beta 2 glycoprotein 1 IgM Ab [Units/volume] in Serum or Plasma by Immunoassay,Test: Beta 2 glycoprotein 1 Ab.IgM | System: Ser/Plas | Units: arb U/mL | Info: 
44450-5,Beta cortolone/Creatinine [Mass Ratio] in Urine,Test: Beta cortolone/Creatinine | System: Urine | Units: mg/g creatinine | Info: 
44707-8,Albumin/Creatinine [Mass Ratio] in Cerebral spinal fluid,Test: Albumin/Creatinine | System: CSF | Units: g/g creatinine | Info: 
44713-6,Collagen crosslinked N-telopeptide/Creatinine [Molar ratio] in Specimen by Immunoassay,Test: Collagen crosslinked N-telopeptide/Creatinine | System: XXX | Units: mmol/mol creatinine | Info: 
44734-2,Urea nitrogen/Creatinine [Mass Ratio] in Blood,Test: Urea nitrogen/Creatinine | System: Bld | Units: g/g creatinine | Info: 
44735-9,Urea nitrogen/Creatinine [Mass Ratio] in Body fluid,Test: Urea nitrogen/Creatinine | System: Body fld | Units: g/g creatinine | Info: 
44801-9,Aldolase [Enzymatic activity/volume] in Pleural fluid,Test: Aldolase | System: Plr fld | Units: arb U/L | Info: 
44802-7,Enolase.neuron specific [Mass/volume] in Cerebral spinal fluid,Test: Enolase.neuron specific | System: CSF | Units: ng/mL | Info: 
44830-8,Phosphorylase [Enzymatic activity/volume] in Blood,Test: Phosphorylase | System: Bld | Units: % | Info: 
44832-4,Glycogen synthase I/Glycogen synthase.total in Blood,Test: Glycogen synthase I/Glycogen synthase.total | System: Bld | Units: % | Info: 
44862-1,5-Alpha tetrahydro-11-Dehydrocorticosterone/Creatinine [Mass Ratio] in Urine,Test: 5-Alpha tetrahydro-11-Dehydrocorticosterone/Creatinine | System: Urine | Units: mg/g creatinine | Info: 
44863-9,6-alpha-hydroxytetrahydro-11-Dehydrocorticosterone/Creatinine [Mass Ratio] in Urine,Test: 6-Alpha hydroxytetrahydro-11-Dehydrocorticosterone/Creatinine | System: Urine | Units: mg/g creatinine | Info: 
44864-7,6-Alpha hydroxytetrahydro-11-Deoxycortisol/Creatinine [Mass Ratio] in Urine,Test: 6-Alpha hydroxytetrahydro-11-Deoxycortisol/Creatinine | System: Urine | Units: mg/g creatinine | Info: 
44910-8,Alpha-1-Fetoprotein [Units/volume] in Body fluid,Test: Alpha-1-Fetoprotein | System: Body fld | Units: IU/mL | Info: 
44911-6,Beta 2 globulin+Gamma globulin [Mass/volume] in Serum or Plasma by Electrophoresis,Test: Beta 2 globulin+Gamma globulin | System: Ser/Plas | Units: g/L | Info: 
44912-4,Beta 2 globulin+Gamma globulin/Protein.total in Serum or Plasma by Electrophoresis,Test: Beta 2 globulin+Gamma globulin/Protein.total | System: Ser/Plas | Units: % | Info: 
44913-2,Beta globulin+Gamma globulin [Mass/volume] in Serum or Plasma by Electrophoresis,Test: Beta globulin+Gamma globulin | System: Ser/Plas | Units: g/L | Info: 
44914-0,Beta globulin+Gamma globulin/Protein.total in Serum or Plasma by Electrophoresis,Test: Beta globulin+Gamma globulin/Protein.total | System: Ser/Plas | Units: % | Info: 
44932-2,Protein.monoclonal band 2/Protein.total in Serum or Plasma by Electrophoresis,Test: Protein.monoclonal band 2/Protein.total | System: Ser/Plas | Units: % | Info: 
44934-8,Thymidine kinase [Enzymatic activity/volume] in Serum,Test: Thymidine kinase | System: Ser | Units: arb U/L | Info: 
45062-7,C reactive protein [Mass/volume] in Cerebral spinal fluid,Test: C reactive protein | System: CSF | Units: mg/L | Info: 
45137-7,IgA.secretory [Mass/volume] in Body fluid,Test: IgA.secretory | System: Body fld | Units: mg/dL | Info: 
45167-4,IgE [Mass/volume] in Specimen,Test: IgE | System: XXX | Units: mg/dL | Info: 
45168-2,Malonate [Mass/volume] in Urine,Test: Malonate | System: Urine | Units: mg/dL | Info: 
45173-2,Thyrotropin.alpha subunit [Mass/volume] in Serum or Plasma,Test: Thyrotropin.alpha subunit | System: Ser/Plas | Units: ng/mL | Info: 
45184-9,11-Deoxycortisol/Cortisol [Mass Ratio] in Serum or Plasma,Test: 11-Deoxycortisol/Cortisol | System: Ser/Plas | Units: ng/ng | Info: 
45192-2,Carnitine esters/Carnitine.free (C0) [Molar ratio] in DBS,Test: Carnitine esters/Carnitine.free (C0) | System: Bld.dot | Units: umol/mol | Info: 
45197-1,Decanoylcarnitine (C10) [Moles/volume] in DBS,Test: Decanoylcarnitine (C10) | System: Bld.dot | Units: umol/L | Info: 
45198-9,Decenoylcarnitine (C10:1) [Moles/volume] in DBS,Test: Decenoylcarnitine (C10:1) | System: Bld.dot | Units: umol/L | Info: 
45199-7,Dodecanoylcarnitine (C12) [Moles/volume] in DBS,Test: Dodecanoylcarnitine (C12) | System: Bld.dot | Units: umol/L | Info: 
45200-3,Dodecenoylcarnitine (C12:1) [Moles/volume] in DBS,Test: Dodecenoylcarnitine (C12:1) | System: Bld.dot | Units: umol/L | Info: 
45207-8,Glutarylcarnitine (C5-DC) [Moles/volume] in DBS,Test: Glutarylcarnitine (C5-DC) | System: Bld.dot | Units: umol/L | Info: 
45209-4,Heptacarboxylporphyrin [Moles/volume] in DBS,Test: Heptacarboxylporphyrin | System: Bld.dot | Units: umol/L | Info: 
45211-0,Hexanoylcarnitine (C6) [Moles/volume] in DBS,Test: Hexanoylcarnitine (C6) | System: Bld.dot | Units: umol/L | Info: 
45213-6,Isobutyrylcarnitine (C4) [Moles/volume] in DBS,Test: Isobutyrylcarnitine (C4) | System: Bld.dot | Units: umol/L | Info: 
45214-4,Isoleucine+Leucine [Moles/volume] in DBS,Test: Isoleucine+Leucine | System: Bld.dot | Units: umol/L | Info: 
45216-9,Isovalerylcarnitine+Methylbutyrylcarnitine (C5) [Moles/volume] in DBS,Test: Isovalerylcarnitine+Methylbutyrylcarnitine (C5) | System: Bld.dot | Units: umol/L | Info: 
45217-7,Linoleoylcarnitine (C18:2) [Moles/volume] in DBS,Test: Linoleoylcarnitine (C18:2) | System: Bld.dot | Units: umol/L | Info: 
45222-7,Methylmalonylcarnitine (C4-DC) [Moles/volume] in DBS,Test: Methylmalonylcarnitine (C4-DC) | System: Bld.dot | Units: umol/L | Info: 
45295-3,Acetylcholinesterase/Cholinesterase [Enzymatic activity ratio] in Amniotic fluid,Test: Acetylcholinesterase/Cholinesterase | System: Amnio fld | Units: ratio | Info: 
45303-5,Urea [Moles/volume] in Dialysis fluid --2 hour specimen,Test: Urea^2H specimen | System: Dial fld | Units: mmol/L | Info: 
45304-3,Urea [Moles/volume] in Dialysis fluid --4 hour specimen,Test: Urea^4H specimen | System: Dial fld | Units: mmol/L | Info: 
45313-4,Coproporphyrin 1/Creatinine [Molar ratio] in Urine,Test: Coproporphyrin 1/Creatinine | System: Urine | Units: umol/mol creatinine | Info: 
45315-9,Coproporphyrin 3/Creatinine [Molar ratio] in Urine,Test: Coproporphyrin 3/Creatinine | System: Urine | Units: umol/mol creatinine | Info: 
45316-7,Hexacarboxylate/Creatinine [Molar ratio] in Urine,Test: Hexacarboxylate/Creatinine | System: Urine | Units: umol/mol creatinine | Info: 
45317-5,Pentacarboxylate/Creatinine [Molar ratio] in Urine,Test: Pentacarboxylate/Creatinine | System: Urine | Units: umol/mol creatinine | Info: 
45328-2,Glutathione peroxidase [Enzymatic activity/volume] in Blood,Test: Glutathione peroxidase | System: Bld | Units: arb U/L | Info: 
45329-0,Glutathione reductase [Enzymatic activity/volume] in Serum,Test: Glutathione reductase | System: Ser | Units: arb U/L | Info: 
45333-2,Superoxide dismutase [Enzymatic activity/volume] in Blood,Test: Superoxide dismutase | System: Bld | Units: arb U/L | Info: 
45334-0,Tryptase [Mass/volume] in Body fluid,Test: Tryptase | System: Body fld | Units: ng/mL | Info: 
45338-1,Proinsulin/Insulin [Ratio] in Serum or Plasma,Test: Proinsulin/Insulin | System: Ser/Plas | Units: % | Info: 
46086-5,Creatinine [Moles/volume] in Dialysis fluid --2 hour specimen,Test: Creatinine^2H specimen | System: Dial fld | Units: umol/L | Info: 
46093-1,Calcium.ionized [Moles/volume] in Dialysis fluid,Test: Calcium.ionized | System: Dial fld | Units: mmol/L | Info: 
46095-6,Anabolic steroids [Moles/volume] in Serum or Plasma,Test: Anabolic steroids | System: Ser/Plas | Units: umol/L | Info: 
46219-2,Creatinine [Moles/volume] in Dialysis fluid --4 hour specimen,Test: Creatinine^4H specimen | System: Dial fld | Units: umol/L | Info: 
46220-0,Creatinine [Moles/volume] in Dialysis fluid --overnight,Test: Creatinine^overnight | System: Dial fld | Units: umol/L | Info: 
46221-8,Glucose [Moles/volume] in Dialysis fluid --2 hour specimen,Test: Glucose^2H specimen | System: Dial fld | Units: mmol/L | Info: 
46222-6,Glucose [Moles/volume] in Dialysis fluid --4 hour specimen,Test: Glucose^4H specimen | System: Dial fld | Units: mmol/L | Info: 
46223-4,Glucose [Moles/volume] in Dialysis fluid --overnight,Test: Glucose^overnight | System: Dial fld | Units: mmol/L | Info: 
46243-2,Urea [Moles/volume] in Dialysis fluid --overnight,Test: Urea^overnight | System: Dial fld | Units: mmol/L | Info: 
46269-7,25-hydroxyvitamin D2 [Moles/volume] in Serum or Plasma,Test: Ercalcidiol | System: Ser/Plas | Units: nmol/L | Info: 
46417-2,Prothrombin time (PT) in Capillary blood by Coagulation assay,Test: Coagulation | System: BldC | Units: s | Info: 
46422-2,Trichomonas vaginalis [#/area] in Urine sediment by Microscopy high power field,Test: Trichomonas vaginalis | System: Urine sed | Units: /HPF | Info: 
46427-1,Beta fructofuranosidase [Enzymatic activity/mass] in Tissue,Test: Beta fructofuranosidase | System: Tiss | Units: U/g | Info: 
4668-0,Plasminogen Ag [Mass/volume] in Platelet poor plasma,Test: Plasminogen Ag | System: PPP | Units: ng/dL | Info: 
46699-5,Fibroblast growth factor 23 [Units/volume] in Plasma,Test: Fibroblast growth factor 23 | System: Plas | Units: arb U/mL | Info: 
46700-1,7-Dehydrocholesterol [Moles/volume] in Amniotic fluid,Test: 7-Dehydrocholesterol | System: Amnio fld | Units: umol/L | Info: 
46701-9,Adenosine triphosphate [Moles/volume] in Red Blood Cells,Test: Adenosine triphosphate | System: RBC | Units: mmol/L | Info: 
46716-7,Ceruloplasmin [Mass/volume] in DBS,Test: Ceruloplasmin | System: Bld.dot | Units: ng/dL | Info: 
4680-5,von Willebrand factor (vWf) ristocetin cofactor [Units/volume] in Platelet poor plasma,Test: von Willebrand factor.ristocetin cofactor | System: PPP | Units: arb U/mL | Info: 
4683-9,Sulfhemoglobin [Mass/volume] in Blood,Test: Sulfhemoglobin | System: Bld | Units: g/L | Info: 
4685-4,Sulfhemoglobin/Hemoglobin.total in Blood,Test: Sulfhemoglobin/Hemoglobin.total | System: Bld | Units: % | Info: 
46986-6,Cholesterol in VLDL 3 [Mass/volume] in Serum or Plasma,Test: Cholesterol.in VLDL 3 | System: Ser/Plas | Units: mg/dL | Info: 
47030-2,Phosphatidate IgA Ab [Units/volume] in Serum by Immunoassay,Test: Phosphatidate Ab.IgA | System: Ser | Units: Index | Info: 
47090-6,Indicans/Creatinine [Molar ratio] in 24 hour Urine,Test: Indicans/Creatinine | System: Urine | Units: mmol/mol;umol/mmol creatinine | Info: 
47210-0,Triglyceride [Moles/volume] in Serum or Plasma --fasting,Test: Triglyceride^post CFst | System: Ser/Plas | Units: mmol/L | Info: 
99925-0,Artifact [#/volume] in Urine sediment by Computer assisted method,Test: Artifact | System: Urine sed | Units: p/ul | Info: 
47215-9,Lipoprotein.beta.subparticle.medium [Entitic length] in Serum or Plasma,Test: Lipoprotein.beta.subparticle.medium | System: Ser/Plas | Units: nm | Info: 
47218-3,Cholesterol in VLDL 3+4 [Mass/volume] in Serum or Plasma,Test: Cholesterol.in VLDL 3+4 | System: Ser/Plas | Units: mg/dL | Info: 
47219-1,Cholesterol in VLDL 5+6 [Mass/volume] in Serum or Plasma,Test: Cholesterol.in VLDL 5+6 | System: Ser/Plas | Units: mg/dL | Info: 
47220-9,Cholesterol in HDL 4+5 [Mass/volume] in Serum or Plasma,Test: Cholesterol.in HDL 4+5 | System: Ser/Plas | Units: mg/dL | Info: 
47221-7,Cholesterol in HDL 1+2 [Mass/volume] in Serum or Plasma,Test: Cholesterol.in HDL 1+2 | System: Ser/Plas | Units: mg/dL | Info: 
47274-6,S100 calcium binding protein B [Mass/volume] in Cerebral spinal fluid,Test: S100 calcium binding protein B | System: CSF | Units: ug/L | Info: 
47300-9,Phosphatidate IgM Ab [Units/volume] in Serum by Immunoassay,Test: Phosphatidate Ab.IgM | System: Ser | Units: Index | Info: 
47317-3,Interleukin 12 [Mass/volume] in Body fluid by Immunoassay,Test: Interleukin 12 | System: Body fld | Units: pg/mL | Info: 
47369-4,Calcitonin [Mass/volume] in Body fluid,Test: Calcitonin | System: Body fld | Units: pg/mL | Info: 
47398-3,Beta mannosidase actual/normal in Leukocytes,Test: Beta mannosidase actual/Normal | System: WBC | Units: % | Info: 
47407-2,Fibers [#/area] in Stool by Light microscopy,Test: Fibers | System: Stool | Units: /HPF | Info: 
47418-9,Lipase [Enzymatic activity/volume] in Pleural fluid,Test: Triacylglycerol lipase | System: Plr fld | Units: arb U/L | Info: 
47536-8,3-Hydroxypropionate (3-OH-C3) [Moles/volume] in Plasma,Test: 3-Hydroxypropionate | System: Plas | Units: umol/L | Info: 
47537-6,3-Hydroxysebacate ( 3-OH-C8)/Creatinine [Molar ratio] in Urine,Test: 3-Hydroxysebacate/Creatinine | System: Urine | Units: umol/mmol creatinine | Info: 
47538-4,3-Methoxy-4-Hydroxyphenylglycol [Moles/volume] in Cerebral spinal fluid,Test: 3-Methoxy-4-Hydroxyphenylglycol | System: CSF | Units: nmol/L | Info: 
100150-2,6(R+S)-oxo-propylpiperidine-2-carboxylate [Moles/volume] in Plasma,Test: 6(R+S)-oxo-propylpiperidine-2-carboxylate | System: Plas | Units: umol/L | Info: 
47540-0,3-Methylhistidine [Moles/volume] in Body fluid,Test: 3-Methylhistidine | System: Body fld | Units: umol/L | Info: 
47542-6,Gamma hydroxybutyrate/Creatinine [Molar ratio] in Urine,Test: Gamma hydroxybutyrate/Creatinine | System: Urine | Units: umol/mmol creatinine | Info: 
47543-4,4-Hydroxymandelate/Creatinine [Molar ratio] in Urine,Test: 4-Hydroxymandelate/Creatinine | System: Urine | Units: umol/mmol creatinine | Info: 
47548-3,Adenosine deaminase [Enzymatic activity/mass] in Fibroblast,Test: Adenosine deaminase | System: Fibroblasts | Units: nmol/min/mg protein | Info: 
47549-1,Adenosine deaminase [Enzymatic activity/mass] in Red Blood Cells,Test: Adenosine deaminase | System: RBC | Units: nmol/min/mg hb | Info: 
47550-9,Adenosine deaminase [Entitic Catalytic Activity] in Leukocytes,Test: Adenosine deaminase | System: WBC | Units: nmol/min/10*6 cells | Info: 
47551-7,Alanine [Moles/volume] in DBS,Test: Alanine | System: Bld.dot | Units: umol/L | Info: 
47552-5,Alanine/Amino acids.total in Hair,Test: Alanine/Amino acids.total | System: Hair | Units: % | Info: 
47553-3,Alanine/Amino acids.total in Cerebral spinal fluid,Test: Alanine/Amino acids.total | System: CSF | Units: % | Info: 
47554-1,Alanine/Amino acids.total in Amniotic fluid,Test: Alanine/Amino acids.total | System: Amnio fld | Units: % | Info: 
47555-8,Alanine/Amino acids.total in Serum or Plasma,Test: Alanine/Amino acids.total | System: Ser/Plas | Units: % | Info: 
47556-6,Alanine/Amino acids.total in DBS,Test: Alanine/Amino acids.total | System: Bld.dot | Units: % | Info: 
47557-4,Alanine/Amino acids.total in Specimen,Test: Alanine/Amino acids.total | System: XXX | Units: % | Info: 
47559-0,Alpha aminobutyrate [Moles/volume] in DBS,Test: Alpha aminobutyrate | System: Bld.dot | Units: umol/L | Info: 
47561-6,Anion gap in Body fluid by calculation,Test: Anion gap | System: Body fld | Units: mmol/L | Info: 
47562-4,Arginine [Moles/volume] in DBS,Test: Arginine | System: Bld.dot | Units: umol/L | Info: 
47563-2,Arginine/Amino acids.total in Serum or Plasma,Test: Arginine/Amino acids.total | System: Ser/Plas | Units: % | Info: 
47564-0,Arginine/Amino acids.total in Hair,Test: Arginine/Amino acids.total | System: Hair | Units: % | Info: 
47565-7,Arginine/Amino acids.total in Cerebral spinal fluid,Test: Arginine/Amino acids.total | System: CSF | Units: % | Info: 
47566-5,Arginine/Amino acids.total in Amniotic fluid,Test: Arginine/Amino acids.total | System: Amnio fld | Units: % | Info: 
47567-3,Arginine/Amino acids.total in DBS,Test: Arginine/Amino acids.total | System: Bld.dot | Units: % | Info: 
47568-1,Arginine/Amino acids.total in Specimen,Test: Arginine/Amino acids.total | System: XXX | Units: % | Info: 
47569-9,Argininosuccinate lyase [Enzymatic activity/mass] in Liver,Test: Argininosuccinate lyase | System: Liver | Units: nmol/min/mg protein | Info: 
47570-7,Argininosuccinate lyase [Enzymatic activity/mass] in Fibroblast,Test: Argininosuccinate lyase | System: Fibroblasts | Units: nmol/min/mg protein | Info: 
47571-5,Argininosuccinate synthase [Enzymatic activity/mass] in Fibroblast,Test: Argininosuccinate synthase | System: Fibroblasts | Units: nmol/min/mg protein | Info: 
47572-3,Asparagine [Moles/volume] in DBS,Test: Asparagine | System: Bld.dot | Units: umol/L | Info: 
47573-1,Aspartate [Moles/volume] in DBS,Test: Aspartate | System: Bld.dot | Units: umol/L | Info: 
47574-9,Aspartate/Amino acids.total in Hair,Test: Aspartate/Amino acids.total | System: Hair | Units: % | Info: 
47575-6,Aspartate/Amino acids.total in Cerebral spinal fluid,Test: Aspartate/Amino acids.total | System: CSF | Units: % | Info: 
47576-4,Aspartate/Amino acids.total in Amniotic fluid,Test: Aspartate/Amino acids.total | System: Amnio fld | Units: % | Info: 
47577-2,Aspartate/Amino acids.total in Serum or Plasma,Test: Aspartate/Amino acids.total | System: Ser/Plas | Units: % | Info: 
47578-0,Aspartate/Amino acids.total in DBS,Test: Aspartate/Amino acids.total | System: Bld.dot | Units: % | Info: 
47581-4,Biopterin [Moles/volume] in Cerebral spinal fluid,Test: Biopterin | System: CSF | Units: nmol/L | Info: 
47582-2,Biopterin/Creatinine [Molar ratio] in Urine,Test: Biopterin/Creatinine | System: Urine | Units: umol/mmol creatinine | Info: 
47597-0,Calcium [Moles/volume] corrected for total protein in Blood,Test: Calcium^^corrected for total protein | System: Bld | Units: mmol/L | Info: 
47598-8,Calcium.ionized [Moles/volume] adjusted to pH 7.4 in Blood,Test: Calcium.ionized^^adjusted to pH 7.4 | System: Bld | Units: mmol/L | Info: 
47599-6,Carbon dioxide [Partial pressure] adjusted to patient's actual temperature in Cord blood,Test: Carbon dioxide^^adjusted to patient's actual temperature | System: BldCo | Units: mm Hg | Info: 
47601-0,Choriogonadotropin.beta subunit free [Units/volume] in Body fluid,Test: Choriogonadotropin.beta subunit.free | System: Body fld | Units: IU/L | Info: 
47602-8,Citrate synthase [Enzymatic activity/mass] in Leukocytes,Test: Citrate synthase | System: WBC | Units: nmol/min/mg protein | Info: 
47603-6,Citrate synthase [Enzymatic activity/mass] in Fibroblast,Test: Citrate synthase | System: Fibroblasts | Units: nmol/min/mg protein | Info: 
47610-1,Creatinine [Moles/volume] in Stool,Test: Creatinine | System: Stool | Units: umol/L | Info: 
47612-7,Cystatin C [Mass/volume] in Urine,Test: Cystatin C | System: Urine | Units: mg/L | Info: 
47613-5,Decanoate (C10:0)/Creatinine [Molar ratio] in Urine,Test: Decanoate/Creatinine | System: Urine | Units: umol/mmol creatinine | Info: 
47614-3,Decenoate (C10:1)/Creatinine [Molar ratio] in Urine,Test: Decenoate/Creatinine | System: Urine | Units: umol/mmol creatinine | Info: 
47620-0,Glucose [Moles/volume] in Stool,Test: Glucose | System: Stool | Units: mmol/L | Info: 
47623-4,Glutamate [Moles/volume] in DBS,Test: Glutamate | System: Bld.dot | Units: umol/L | Info: 
47624-2,Glutamate/Amino acids.total in Hair,Test: Glutamate/Amino acids.total | System: Hair | Units: % | Info: 
47625-9,Glutamate/Amino acids.total in Cerebral spinal fluid,Test: Glutamate/Amino acids.total | System: CSF | Units: % | Info: 
47626-7,Glutamate/Amino acids.total in Amniotic fluid,Test: Glutamate/Amino acids.total | System: Amnio fld | Units: % | Info: 
47627-5,Glutamate/Amino acids.total in Serum or Plasma,Test: Glutamate/Amino acids.total | System: Ser/Plas | Units: % | Info: 
47628-3,Glutamate/Amino acids.total in DBS,Test: Glutamate/Amino acids.total | System: Bld.dot | Units: % | Info: 
47629-1,Glutamate/Amino acids.total in Specimen,Test: Glutamate/Amino acids.total | System: XXX | Units: % | Info: 
47630-9,Glutamine [Moles/volume] in DBS,Test: Glutamine | System: Bld.dot | Units: umol/L | Info: 
47632-5,Glycerol/Creatinine [Molar ratio] in Urine,Test: Glycerol/Creatinine | System: Urine | Units: umol/mmol creatinine | Info: 
47633-3,Glycine [Moles/volume] in DBS,Test: Glycine | System: Bld.dot | Units: umol/L | Info: 
47634-1,Glycine/Amino acids.total in Serum or Plasma,Test: Glycine/Amino acids.total | System: Ser/Plas | Units: % | Info: 
47635-8,Glycine/Amino acids.total in Hair,Test: Glycine/Amino acids.total | System: Hair | Units: % | Info: 
47636-6,Glycine/Amino acids.total in Cerebral spinal fluid,Test: Glycine/Amino acids.total | System: CSF | Units: % | Info: 
47637-4,Glycine/Amino acids.total in Amniotic fluid,Test: Glycine/Amino acids.total | System: Amnio fld | Units: % | Info: 
47638-2,Glycine/Amino acids.total in DBS,Test: Glycine/Amino acids.total | System: Bld.dot | Units: % | Info: 
47639-0,Glycine/Amino acids.total in Specimen,Test: Glycine/Amino acids.total | System: XXX | Units: % | Info: 
47641-6,Palmitate (C16:0)/Creatinine [Molar ratio] in Urine,Test: Palmitate/Creatinine | System: Urine | Units: umol/mmol creatinine | Info: 
47642-4,Hexadecenoate (C16:1w9)/Creatinine [Molar ratio] in Urine,Test: Hexadecenoate/Creatinine | System: Urine | Units: umol/mmol creatinine | Info: 
47643-2,Histidine [Moles/volume] in DBS,Test: Histidine | System: Bld.dot | Units: umol/L | Info: 
47644-0,Histidine/Amino acids.total in Hair,Test: Histidine/Amino acids.total | System: Hair | Units: % | Info: 
47645-7,Histidine/Amino acids.total in Cerebral spinal fluid,Test: Histidine/Amino acids.total | System: CSF | Units: % | Info: 
47646-5,Histidine/Amino acids.total in Amniotic fluid,Test: Histidine/Amino acids.total | System: Amnio fld | Units: % | Info: 
47647-3,Histidine/Amino acids.total in Serum or Plasma,Test: Histidine/Amino acids.total | System: Ser/Plas | Units: % | Info: 
47648-1,Histidine/Amino acids.total in DBS,Test: Histidine/Amino acids.total | System: Bld.dot | Units: % | Info: 
47649-9,Histidine/Amino acids.total in Specimen,Test: Histidine/Amino acids.total | System: XXX | Units: % | Info: 
47650-7,Homogentisate/Creatinine [Molar ratio] in Urine,Test: Homogentisate/Creatinine | System: Urine | Units: umol/mmol creatinine | Info: 
47651-5,Hydroxyproline [Moles/volume] in DBS,Test: Hydroxyproline | System: Bld.dot | Units: umol/L | Info: 
47652-3,Hypoxanthine phosphoribosyltransferase [Enzymatic activity/mass] in Placenta,Test: Hypoxanthine phosphoribosyltransferase | System: Placenta | Units: nmol/min/mg protein | Info: 
47671-3,Isoleucine [Moles/volume] in DBS,Test: Isoleucine | System: Bld.dot | Units: umol/L | Info: 
47672-1,Isoleucine/Amino acids.total in Hair,Test: Isoleucine/Amino acids.total | System: Hair | Units: % | Info: 
47673-9,Isoleucine/Amino acids.total in Cerebral spinal fluid,Test: Isoleucine/Amino acids.total | System: CSF | Units: % | Info: 
47674-7,Isoleucine/Amino acids.total in Amniotic fluid,Test: Isoleucine/Amino acids.total | System: Amnio fld | Units: % | Info: 
47675-4,Isoleucine/Amino acids.total in Serum or Plasma,Test: Isoleucine/Amino acids.total | System: Ser/Plas | Units: % | Info: 
47676-2,Isoleucine/Amino acids.total in DBS,Test: Isoleucine/Amino acids.total | System: Bld.dot | Units: % | Info: 
47677-0,Isoleucine/Amino acids.total in Specimen,Test: Isoleucine/Amino acids.total | System: XXX | Units: % | Info: 
47679-6,Leucine [Moles/volume] in DBS,Test: Leucine | System: Bld.dot | Units: umol/L | Info: 
47680-4,Leucine/Amino acids.total in Hair,Test: Leucine/Amino acids.total | System: Hair | Units: % | Info: 
47681-2,Leucine/Amino acids.total in Cerebral spinal fluid,Test: Leucine/Amino acids.total | System: CSF | Units: % | Info: 
47682-0,Leucine/Amino acids.total in Amniotic fluid,Test: Leucine/Amino acids.total | System: Amnio fld | Units: % | Info: 
47683-8,Leucine/Amino acids.total in Serum or Plasma,Test: Leucine/Amino acids.total | System: Ser/Plas | Units: % | Info: 
47684-6,Leucine/Amino acids.total in DBS,Test: Leucine/Amino acids.total | System: Bld.dot | Units: % | Info: 
47685-3,Leucine/Amino acids.total in Specimen,Test: Leucine/Amino acids.total | System: XXX | Units: % | Info: 
47686-1,Linoleate (C18:2w6)/Creatinine [Molar ratio] in Urine,Test: Linoleate/Creatinine | System: Urine | Units: umol/mmol creatinine | Info: 
47689-5,Lysine [Moles/volume] in DBS,Test: Lysine | System: Bld.dot | Units: umol/L | Info: 
47690-3,Lysine/Amino acids.total in Hair,Test: Lysine/Amino acids.total | System: Hair | Units: % | Info: 
47691-1,Lysine/Amino acids.total in Cerebral spinal fluid,Test: Lysine/Amino acids.total | System: CSF | Units: % | Info: 
47692-9,Lysine/Amino acids.total in Amniotic fluid,Test: Lysine/Amino acids.total | System: Amnio fld | Units: % | Info: 
47693-7,Lysine/Amino acids.total in Serum or Plasma,Test: Lysine/Amino acids.total | System: Ser/Plas | Units: % | Info: 
47694-5,Lysine/Amino acids.total in DBS,Test: Lysine/Amino acids.total | System: Bld.dot | Units: % | Info: 
47695-2,Lysine/Amino acids.total in Specimen,Test: Lysine/Amino acids.total | System: XXX | Units: % | Info: 
47696-0,Malonate/Creatinine [Molar ratio] in Urine,Test: Malonate/Creatinine | System: Urine | Units: umol/mmol creatinine | Info: 
47697-8,Mandelate/Creatinine [Molar ratio] in Urine,Test: Mandelate/Creatinine | System: Urine | Units: umol/mmol creatinine | Info: 
47700-0,Methionine [Moles/volume] in DBS,Test: Methionine | System: Bld.dot | Units: umol/L | Info: 
47701-8,Methionine/Amino acids.total in Hair,Test: Methionine/Amino acids.total | System: Hair | Units: % | Info: 
47702-6,Methionine/Amino acids.total in Cerebral spinal fluid,Test: Methionine/Amino acids.total | System: CSF | Units: % | Info: 
47703-4,Methionine/Amino acids.total in Amniotic fluid,Test: Methionine/Amino acids.total | System: Amnio fld | Units: % | Info: 
47704-2,Methionine/Amino acids.total in Serum or Plasma,Test: Methionine/Amino acids.total | System: Ser/Plas | Units: % | Info: 
47705-9,Methionine/Amino acids.total in DBS,Test: Methionine/Amino acids.total | System: Bld.dot | Units: % | Info: 
47706-7,Methionine/Amino acids.total in Specimen,Test: Methionine/Amino acids.total | System: XXX | Units: % | Info: 
47707-5,Methylmalonate/Urea [Molar ratio] in Amniotic fluid,Test: Methylmalonate/Urea | System: Amnio fld | Units: mmol/mmol | Info: 
47708-3,Methylmalonate/Urea [Molar ratio] in Serum or Plasma,Test: Methylmalonate/Urea | System: Ser/Plas | Units: mmol/mmol | Info: 
47709-1,Methylmalonate/Urea [Molar ratio] in Urine,Test: Methylmalonate/Urea | System: Urine | Units: mmol/mmol | Info: 
47713-3,Oleate (C18:1w9)/Creatinine [Molar ratio] in Urine,Test: Oleate/Creatinine | System: Urine | Units: umol/mmol creatinine | Info: 
47714-1,Ornithine [Moles/volume] in DBS,Test: Ornithine | System: Bld.dot | Units: umol/L | Info: 
47715-8,Oxalate [Moles/volume] in Dialysis fluid,Test: Oxalate | System: Dial fld | Units: mmol/L | Info: 
47716-6,Oxygen [Partial pressure] adjusted to patient's actual temperature in Cord blood,Test: Oxygen^^adjusted to patient's actual temperature | System: BldCo | Units: kpa | Info: 
47721-6,Phenylalanine/Amino acids.total in Hair,Test: Phenylalanine/Amino acids.total | System: Hair | Units: % | Info: 
47722-4,Phenylalanine/Amino acids.total in Cerebral spinal fluid,Test: Phenylalanine/Amino acids.total | System: CSF | Units: % | Info: 
47723-2,Phenylalanine/Amino acids.total in Amniotic fluid,Test: Phenylalanine/Amino acids.total | System: Amnio fld | Units: % | Info: 
47724-0,Phenylalanine/Amino acids.total in Serum or Plasma,Test: Phenylalanine/Amino acids.total | System: Ser/Plas | Units: % | Info: 
47725-7,Phenylalanine/Amino acids.total in Specimen,Test: Phenylalanine/Amino acids.total | System: XXX | Units: % | Info: 
47726-5,Phytanate (C16:0(CH3)4)/Creatinine [Molar ratio] in Urine,Test: Phytanate/Creatinine | System: Urine | Units: umol/mmol creatinine | Info: 
47728-1,Procollagen type III/Creatinine [Ratio] in Urine,Test: Procollagen type III/Creatinine | System: Urine | Units: mU/mmol creatinine | Info: 
47732-3,Proline [Moles/volume] in DBS,Test: Proline | System: Bld.dot | Units: umol/L | Info: 
47733-1,Proline/Amino acids.total in Hair,Test: Proline/Amino acids.total | System: Hair | Units: % | Info: 
47734-9,Proline/Amino acids.total in Amniotic fluid,Test: Proline/Amino acids.total | System: Amnio fld | Units: % | Info: 
47735-6,Proline/Amino acids.total in Serum or Plasma,Test: Proline/Amino acids.total | System: Ser/Plas | Units: % | Info: 
47736-4,Proline/Amino acids.total in DBS,Test: Proline/Amino acids.total | System: Bld.dot | Units: % | Info: 
47737-2,Proline/Amino acids.total in Specimen,Test: Proline/Amino acids.total | System: XXX | Units: % | Info: 
47738-0,Prostate specific Ag [Mass/volume] in Body fluid,Test: Prostate specific Ag | System: Body fld | Units: ug/L | Info: 
47739-8,Protein [Mass/volume] in Stool,Test: Protein | System: Stool | Units: g/L | Info: 
47740-6,Purine nucleoside phosphorylase [Enzymatic activity/mass] in Red Blood Cells,Test: Purine nucleoside phosphorylase | System: RBC | Units: nmol/min/mg hb | Info: 
47741-4,Purine nucleoside phosphorylase [Entitic Catalytic Activity] in Leukocytes,Test: Purine nucleoside phosphorylase | System: WBC | Units: nmol/min/10*6 cells | Info: 
47742-2,Serine [Moles/volume] in DBS,Test: Serine | System: Bld.dot | Units: umol/L | Info: 
47743-0,Serine/Amino acids.total in Hair,Test: Serine/Amino acids.total | System: Hair | Units: % | Info: 
47744-8,Serine/Amino acids.total in Cerebral spinal fluid,Test: Serine/Amino acids.total | System: CSF | Units: % | Info: 
47745-5,Serine/Amino acids.total in Amniotic fluid,Test: Serine/Amino acids.total | System: Amnio fld | Units: % | Info: 
47746-3,Serine/Amino acids.total in Serum or Plasma,Test: Serine/Amino acids.total | System: Ser/Plas | Units: % | Info: 
47747-1,Serine/Amino acids.total in DBS,Test: Serine/Amino acids.total | System: Bld.dot | Units: % | Info: 
47748-9,Serine/Amino acids.total in Specimen,Test: Serine/Amino acids.total | System: XXX | Units: % | Info: 
47779-4,Octadecanoate (C18:0)/Creatinine [Molar ratio] in Urine,Test: Octadecanoate/Creatinine | System: Urine | Units: umol/mmol creatinine | Info: 
47781-0,Sulfocysteine [Moles/volume] in Amniotic fluid,Test: Sulfocysteine | System: Amnio fld | Units: umol/L | Info: 
47782-8,Taurine [Moles/volume] in DBS,Test: Taurine | System: Bld.dot | Units: umol/L | Info: 
47783-6,Myristate (C14:0)/Creatinine [Molar ratio] in Urine,Test: Myristate/Creatinine | System: Urine | Units: umol/mmol creatinine | Info: 
47784-4,Threonine [Moles/volume] in DBS,Test: Threonine | System: Bld.dot | Units: umol/L | Info: 
47785-1,Threonine/Amino acids.total in Hair,Test: Threonine/Amino acids.total | System: Hair | Units: % | Info: 
47786-9,Threonine/Amino acids.total in Cerebral spinal fluid,Test: Threonine/Amino acids.total | System: CSF | Units: % | Info: 
47787-7,Threonine/Amino acids.total in Amniotic fluid,Test: Threonine/Amino acids.total | System: Amnio fld | Units: % | Info: 
47788-5,Threonine/Amino acids.total in Serum or Plasma,Test: Threonine/Amino acids.total | System: Ser/Plas | Units: % | Info: 
47789-3,Threonine/Amino acids.total in DBS,Test: Threonine/Amino acids.total | System: Bld.dot | Units: % | Info: 
47790-1,Threonine/Amino acids.total in Specimen,Test: Threonine/Amino acids.total | System: XXX | Units: % | Info: 
47792-7,Tyrosine/Amino acids.total in Hair,Test: Tyrosine/Amino acids.total | System: Hair | Units: % | Info: 
47793-5,Tyrosine/Amino acids.total in Cerebral spinal fluid,Test: Tyrosine/Amino acids.total | System: CSF | Units: % | Info: 
47794-3,Tyrosine/Amino acids.total in Amniotic fluid,Test: Tyrosine/Amino acids.total | System: Amnio fld | Units: % | Info: 
47795-0,Tyrosine/Amino acids.total in Serum or Plasma,Test: Tyrosine/Amino acids.total | System: Ser/Plas | Units: % | Info: 
47796-8,Tyrosine/Amino acids.total in DBS,Test: Tyrosine/Amino acids.total | System: Bld.dot | Units: % | Info: 
47797-6,Tyrosine/Amino acids.total in Specimen,Test: Tyrosine/Amino acids.total | System: XXX | Units: % | Info: 
47798-4,Urea [Moles/volume] in Stool,Test: Urea | System: Stool | Units: mmol/L | Info: 
47799-2,Valine [Moles/volume] in DBS,Test: Valine | System: Bld.dot | Units: umol/L | Info: 
47800-8,Valine/Amino acids.total in Hair,Test: Valine/Amino acids.total | System: Hair | Units: % | Info: 
47801-6,Valine/Amino acids.total in Cerebral spinal fluid,Test: Valine/Amino acids.total | System: CSF | Units: % | Info: 
47802-4,Valine/Amino acids.total in Amniotic fluid,Test: Valine/Amino acids.total | System: Amnio fld | Units: % | Info: 
47803-2,Valine/Amino acids.total in Serum or Plasma,Test: Valine/Amino acids.total | System: Ser/Plas | Units: % | Info: 
47804-0,Valine/Amino acids.total in DBS,Test: Valine/Amino acids.total | System: Bld.dot | Units: % | Info: 
47805-7,Valine/Amino acids.total in Specimen,Test: Valine/Amino acids.total | System: XXX | Units: % | Info: 
47807-3,2-Deoxytetronate/Creatinine [Molar ratio] in Urine,Test: 2-Deoxytetronate/Creatinine | System: Urine | Units: umol/mmol creatinine | Info: 
47808-1,2-Ethylhydracrylate/Creatinine [Molar ratio] in Urine,Test: 2-Ethylhydracrylate/Creatinine | System: Urine | Units: umol/mmol creatinine | Info: 
47809-9,2-Hydroxysebacate/Creatinine [Molar ratio] in Urine,Test: 2-Hydroxysebacate/Creatinine | System: Urine | Units: umol/mmol creatinine | Info: 
47810-7,2-Methyl-3-Hydroxyvalerate [Moles/volume] in Plasma,Test: 2-Methyl-3-Hydroxyvalerate | System: Plas | Units: umol/L | Info: 
47811-5,2-Methyl-3-Oxobutyrate/Creatinine [Molar ratio] in Urine,Test: 2-Methyl-3-Oxobutyrate/Creatinine | System: Urine | Units: umol/mmol creatinine | Info: 
47812-3,2-Methylglutaconate/Creatinine [Molar ratio] in Urine,Test: 2-Methylglutaconate/Creatinine | System: Urine | Units: umol/mmol creatinine | Info: 
47813-1,2-Methylglutarate/Creatinine [Molar ratio] in Urine,Test: 2-Methylglutarate/Creatinine | System: Urine | Units: umol/mmol creatinine | Info: 
47815-6,"3,4-Hydroxymandelate/Creatinine [Molar ratio] in Urine","Test: 3,4-Hydroxymandelate/Creatinine | System: Urine | Units: umol/mmol creatinine | Info: "
47816-4,3-Deoxytetronate/Creatinine [Molar ratio] in Urine,Test: 3-Deoxytetronate/Creatinine | System: Urine | Units: umol/mmol creatinine | Info: 
47817-2,"3-Hydroxy,4-Methoxybenzoate/Creatinine [Molar ratio] in Urine","Test: 3-Hydroxy,4-Methoxybenzoate/Creatinine | System: Urine | Units: umol/mmol creatinine | Info: "
47818-0,3-Hydroxyhexanoate (3-OH-C6:0)/Creatinine [Molar ratio] in Urine,Test: 3-Hydroxyhexanoate/Creatinine | System: Urine | Units: umol/mmol creatinine | Info: 
47819-8,3-Hydroxysuberate/Creatinine [Molar ratio] in Urine,Test: 3-Hydroxysuberate/Creatinine | System: Urine | Units: umol/mmol creatinine | Info: 
47820-6,3-Hydroxyvalerate [Moles/volume] in Plasma,Test: 3-Hydroxyvalerate | System: Plas | Units: umol/L | Info: 
47821-4,3-Indolelactate/Creatinine [Molar ratio] in Urine,Test: 3-Indolelactate/Creatinine | System: Urine | Units: umol/mmol creatinine | Info: 
47822-2,3-Methyladipate/Creatinine [Molar ratio] in Urine,Test: 3-Methyladipate/Creatinine | System: Urine | Units: umol/mmol creatinine | Info: 
47823-0,4-Hydroxy-3-Methoxyphenyllactate/Creatinine [Molar ratio] in Urine,Test: 4-Hydroxy-3-Methoxyphenyllactate/Creatinine | System: Urine | Units: umol/mmol creatinine | Info: 
47825-5,7-Hydroxyoctanoate/Creatinine [Molar ratio] in Urine,Test: 7-Hydroxyoctanoate/Creatinine | System: Urine | Units: umol/mmol creatinine | Info: 
47826-3,Adenosine deaminase [Enzymatic activity/volume] in Serum or Plasma,Test: Adenosine deaminase | System: Ser/Plas | Units: U/L | Info: 
47827-1,Adenosyl homocysteine hydrolase [Enzymatic activity/mass] in Red Blood Cells,Test: Adenosyl homocysteine hydrolase | System: RBC | Units: nmol/min/mg hb | Info: 
47828-9,Adiponectin [Mass/volume] in Serum or Plasma,Test: Adiponectin | System: Ser/Plas | Units: mg/L | Info: 
47829-7,Arabitol/Creatinine [Molar ratio] in Urine,Test: Arabitol/Creatinine | System: Urine | Units: umol/mmol creatinine | Info: 
47830-5,Argininosuccinate synthase [Enzymatic activity/mass] in Chorionic villus sample,Test: Argininosuccinate synthase | System: CVS | Units: nmol/min/mg protein | Info: 
47831-3,Argininosuccinate synthase [Enzymatic activity/mass] in Amniotic fluid cells,Test: Argininosuccinate synthase | System: Amnio fld cells | Units: nmol/min/mg protein | Info: 
47841-2,Citrate synthase [Enzymatic activity/mass] in Amniotic fluid cells,Test: Citrate synthase | System: Amnio fld cells | Units: nmol/min/mg protein | Info: 
47853-7,Diphosphoglycerate phosphatase [Enzymatic activity/mass] in Red Blood Cells,Test: Diphosphoglycerate phosphatase | System: RBC | Units: U/g Hb | Info: 
47854-5,Fibroblast growth factor 23.intact [Units/volume] in Plasma,Test: Fibroblast growth factor 23.intact | System: Plas | Units: arb U/mL | Info: 
47855-2,Fibroblast growth factor 23.C-terminal [Units/volume] in Plasma,Test: Fibroblast growth factor 23.C-terminal | System: Plas | Units: arb U/mL | Info: 
47857-8,Galactitol/Creatinine [Molar ratio] in Urine,Test: Galactitol/Creatinine | System: Urine | Units: umol/mmol creatinine | Info: 
47860-2,Glutamate dehydrogenase [Enzymatic activity/mass] in Chorionic villus sample,Test: Glutamate dehydrogenase | System: CVS | Units: nmol/min/mg protein | Info: 
47861-0,Hypoxanthine phosphoribosyltransferase [Enzymatic activity/mass] in Amniotic fluid cells,Test: Hypoxanthine phosphoribosyltransferase | System: Amnio fld cells | Units: nmol/min/mg protein | Info: 
47865-1,Malondialdehyde [Moles/volume] in Plasma,Test: Malondialdehyde | System: Plas | Units: umol/L | Info: 
47866-9,Phosphoribosylpyrophosphate synthetase [Enzymatic activity/mass] in Red Blood Cells,Test: Phosphoribosylpyrophosphate synthetase | System: RBC | Units: nmol/min/mg hb | Info: 
47867-7,Phosphoribosylpyrophosphate synthetase [Enzymatic activity/mass] in Fibroblast,Test: Phosphoribosylpyrophosphate synthetase | System: Fibroblasts | Units: nmol/min/mg protein | Info: 
47873-5,Propionyl CoA Carboxylase [Enzymatic activity/mass] in Amniotic fluid cells,Test: Propionyl CO-A carboxylase | System: Amnio fld cells | Units: nmol/min/mg protein | Info: 
47874-3,Propionyl CoA Carboxylase [Enzymatic activity/mass] in Fibroblast,Test: Propionyl CO-A carboxylase | System: Fibroblasts | Units: nmol/min/mg protein | Info: 
47875-0,Propionyl CoA Carboxylase [Enzymatic activity/mass] in Leukocytes,Test: Propionyl CO-A carboxylase | System: WBC | Units: nmol/min/mg protein | Info: 
47876-8,Propionyl CoA Carboxylase [Enzymatic activity/mass] in Placenta,Test: Propionyl CO-A carboxylase | System: Placenta | Units: nmol/min/mg protein | Info: 
47877-6,Propionyl CoA Carboxylase [Enzymatic activity/mass] in Chorionic villus sample,Test: Propionyl CO-A carboxylase | System: CVS | Units: nmol/min/mg protein | Info: 
47878-4,Propionylglycine [Moles/volume] in Plasma,Test: Propionylglycine | System: Plas | Units: umol/L | Info: 
47879-2,Pyruvate carboxylase [Enzymatic activity/mass] in Amniotic fluid cells,Test: Pyruvate carboxylase | System: Amnio fld cells | Units: nmol/min/mg protein | Info: 
47880-0,Pyruvate carboxylase [Enzymatic activity/mass] in Fibroblast,Test: Pyruvate carboxylase | System: Fibroblasts | Units: nmol/min/mg protein | Info: 
47881-8,Pyruvate carboxylase [Enzymatic activity/mass] in Leukocytes,Test: Pyruvate carboxylase | System: WBC | Units: nmol/min/mg protein | Info: 
47882-6,Pyruvate carboxylase [Enzymatic activity/mass] in Placenta,Test: Pyruvate carboxylase | System: Placenta | Units: nmol/min/mg protein | Info: 
47884-2,Ribitol/Creatinine [Molar ratio] in Urine,Test: Ribitol/Creatinine | System: Urine | Units: umol/mmol creatinine | Info: 
47939-4,Sulfocysteine [Moles/volume] in Serum or Plasma,Test: Sulfocysteine | System: Ser/Plas | Units: umol/L | Info: 
47954-3,Tiglylglycine [Moles/volume] in Plasma,Test: Tiglylglycine | System: Plas | Units: umol/L | Info: 
47957-6,Deoxyuridine [Moles/volume] in Serum or Plasma,Test: Deoxyuridine | System: Ser/Plas | Units: umol/L | Info: 
47978-2,17-Ketosteroids [Mass/volume] in Serum,Test: 17-Ketosteroids | System: Ser | Units: mg/L | Info: 
47994-9,Bilirubin.total [Moles/volume] in Cord blood,Test: Bilirubin | System: BldCo | Units: umol/L | Info: 
47995-6,Glucose [Moles/volume] in Cord blood,Test: Glucose | System: BldCo | Units: nmol/L | Info: 
47996-4,Adenosine deaminase binding protein [Units/volume] in Urine,Test: Adenosine deaminase binding protein | System: Urine | Units: arb U/mL | Info: 
48045-9,Magnesium cutoff [Mass/mass] in Stool,Test: Magnesium cutoff | System: Stool | Units: mg/g | Info: 
48046-7,Phosphate cutoff [Mass/mass] in Stool,Test: Phosphate cutoff | System: Stool | Units: mg/g | Info: 
99880-7,Lipids [#/volume] in Urine sediment by Computer assisted method,Test: Lipids | System: Urine sed | Units: p/ul | Info: 
48078-0,"3,6-Epoxydecanedioate/Creatinine [Molar ratio] in Urine","Test: 3,6-Epoxydecanedioate/Creatinine | System: Urine | Units: umol/mmol creatinine | Info: "
48079-8,"3,6-Epoxydodecanedioate/Creatinine [Molar ratio] in Urine","Test: 3,6-Epoxydodecanedioate/Creatinine | System: Urine | Units: umol/mmol creatinine | Info: "
48080-6,"3,6-Epoxyoctanedioate/Creatinine [Molar ratio] in Urine","Test: 3,6-Epoxyoctanedioate/Creatinine | System: Urine | Units: umol/mmol creatinine | Info: "
48081-4,"3,6-Epoxytetradecanedioate/Creatinine [Molar ratio] in Urine","Test: 3,6-Epoxytetradecanedioate/Creatinine | System: Urine | Units: umol/mmol creatinine | Info: "
48082-2,"3-Hydroxyadipate 3,6-lactone/Creatinine [Molar ratio] in Urine","Test: 3-Hydroxyadipate 3,6-lactone/Creatinine | System: Urine | Units: umol/mmol creatinine | Info: "
48083-0,3-Hydroxydodecanedienedioate/Creatinine [Molar ratio] in Urine,Test: 3-Hydroxydodecanedienedioate/Creatinine | System: Urine | Units: umol/mmol creatinine | Info: 
48084-8,3-Hydroxydodecanedioate (3-OH-D-C12)/Creatinine [Molar ratio] in Urine,Test: 3-Hydroxydodecanedioate/Creatinine | System: Urine | Units: umol/mmol creatinine | Info: 
48085-5,3-Hydroxydodecenedioate/Creatinine [Molar ratio] in Urine,Test: 3-Hydroxydodecenedioate/Creatinine | System: Urine | Units: umol/mmol creatinine | Info: 
48086-3,3-Hydroxytetradecadienedioate/Creatinine [Molar ratio] in Urine,Test: 3-Hydroxytetradecadienedioate/Creatinine | System: Urine | Units: umol/mmol creatinine | Info: 
48087-1,3-Hydroxytetradecanedioate/Creatinine [Molar ratio] in Urine,Test: 3-Hydroxytetradecanedioate/Creatinine | System: Urine | Units: umol/mmol creatinine | Info: 
48088-9,3-Hydroxytetradecenedioate/Creatinine [Molar ratio] in Urine,Test: 3-Hydroxytetradecenedioate/Creatinine | System: Urine | Units: umol/mmol creatinine | Info: 
48106-9,"4,5-Dihydroxyhexanolactone/Creatinine [Molar ratio] in Urine","Test: 4,5-Dihydroxyhexanolactone/Creatinine | System: Urine | Units: umol/mmol creatinine | Info: "
48113-5,Heptadecenoate/Creatinine [Molar ratio] in Urine,Test: Heptadecenoate/Creatinine | System: Urine | Units: umol/mmol creatinine | Info: 
48114-3,Hexadecanedioate/Creatinine [Molar ratio] in Urine,Test: Hexadecanedioate/Creatinine | System: Urine | Units: umol/mmol creatinine | Info: 
48115-0,Homocysteine.free/Creatinine [Molar ratio] in Urine,Test: Homocysteine.free/Creatinine | System: Urine | Units: umol/mmol creatinine | Info: 
48117-6,Isovalerylglycine/Urea [Molar ratio] in Plasma,Test: Isovalerylglycine/Urea | System: Plas | Units: mmol/mmol | Info: 
48119-2,Pentadecanoate/Creatinine [Molar ratio] in Urine,Test: Pentadecanoate/Creatinine | System: Urine | Units: umol/mmol creatinine | Info: 
48121-8,Quinolinate/Creatinine [Molar ratio] in Urine,Test: Quinolinate/Creatinine | System: Urine | Units: umol/mmol creatinine | Info: 
48126-7,Somatotropin [Units/volume] in Serum or Plasma --15 minutes pre dose ornithine,Test: Somatotropin^15M pre dose ornithine | System: Ser/Plas | Units: mIU/L | Info: 
48133-3,3-Oxovalerate [Moles/volume] in Plasma,Test: 3-Oxovalerate | System: Plas | Units: umol/L | Info: 
48134-1,Alanine aminotransferase.macromolecular [Enzymatic activity/volume] in Serum or Plasma,Test: Alanine aminotransferase.macromolecular | System: Ser/Plas | Units: arb U/L | Info: 
48136-6,Aspartate aminotransferase.macromolecular [Enzymatic activity/volume] in Serum or Plasma,Test: Aspartate aminotransferase.macromolecular | System: Ser/Plas | Units: arb U/L | Info: 
48137-4,"4,5-Dihydroxyhexanoate/Creatinine [Molar ratio] in Urine","Test: 4,5-Dihydroxyhexanoate/Creatinine | System: Urine | Units: umol/mmol creatinine | Info: "
48139-0,"Erythro-4,5-Dihydroxyhexanoate/Creatinine [Molar ratio] in Urine","Test: Erythro-4,5-Dihydroxyhexanoate/Creatinine | System: Urine | Units: umol/mmol creatinine | Info: "
48140-8,Erythro-4-Deoxytetronate/Creatinine [Molar ratio] in Urine,Test: Erythro-4-Deoxytetronate/Creatinine | System: Urine | Units: umol/mmol creatinine | Info: 
48141-6,Ferritin [Entitic mass] in Red Blood Cells,Test: Ferritin | System: RBC | Units: /cell | Info: 
48142-4,Indole-3-Acetate/Creatinine [Molar ratio] in Urine,Test: Indole-3-Acetate/Creatinine | System: Urine | Units: umol/mmol creatinine | Info: 
48145-7,Mevalonolactone/Creatinine [Molar ratio] in Urine,Test: Mevalonolactone/Creatinine | System: Urine | Units: umol/mmol creatinine | Info: 
48146-5,Myeloperoxidase [Units/volume] in Serum,Test: Myeloperoxidase | System: Ser | Units: IU/L | Info: 
48147-3,Oligosaccharides/Creatinine [Molar ratio] in Urine,Test: Oligosaccharides/Creatinine | System: Urine | Units: umol/mmol creatinine | Info: 
48150-7,Perseitol/Creatinine [Molar ratio] in Urine,Test: Perseitol/Creatinine | System: Urine | Units: umol/mmol creatinine | Info: 
48151-5,Sedoheptitol/Creatinine [Molar ratio] in Urine,Test: Sedoheptitol/Creatinine | System: Urine | Units: umol/mmol creatinine | Info: 
48152-3,Sorbitol/Creatinine [Molar ratio] in Urine,Test: Sorbitol/Creatinine | System: Urine | Units: umol/mmol creatinine | Info: 
48153-1,Threitol/Creatinine [Molar ratio] in Urine,Test: Threitol/Creatinine | System: Urine | Units: umol/mmol creatinine | Info: 
48154-9,"Threo-4,5-Dihydrohexanoate/Creatinine [Molar ratio] in Urine","Test: Threo-4,5-Dihydrohexanoate/Creatinine | System: Urine | Units: umol/mmol creatinine | Info: "
48155-6,"Threo-4,5-Dihydrohexanolactone/Creatinine [Molar ratio] in Urine","Test: Threo-4,5-Dihydrohexanolactone/Creatinine | System: Urine | Units: umol/mmol creatinine | Info: "
48156-4,Threo-4-Deoxytetronate/Creatinine [Molar ratio] in Urine,Test: Threo-4-Deoxytetronate/Creatinine | System: Urine | Units: umol/mmol creatinine | Info: 
48157-2,Thymine/Creatinine [Molar ratio] in Urine,Test: Thymine/Creatinine | System: Urine | Units: umol/mmol creatinine | Info: 
48158-0,Vanillate/Creatinine [Molar ratio] in Urine,Test: Vanillate/Creatinine | System: Urine | Units: umol/mmol creatinine | Info: 
48162-2,Thymidine [Moles/volume] in Serum or Plasma,Test: Thymidine | System: Ser/Plas | Units: umol/L | Info: 
48164-8,Enolase.neuron specific [Mass/volume] in Body fluid,Test: Enolase.neuron specific | System: Body fld | Units: ng/mL | Info: 
48165-5,Squamous cell carcinoma Ag [Mass/volume] in Body fluid,Test: Squamous cell carcinoma Ag | System: Body fld | Units: ug/L | Info: 
48167-1,Prostate specific Ag/Creatinine [Mass Ratio] in Urine,Test: Prostate specific Ag/Creatinine | System: Urine | Units: ng/g creatinine | Info: 
48344-6,Activated clotting time (ACT) of Platelet poor plasma by Kaolin activated time,Test: Activated clotting time | System: PPP | Units: s | Info: 
48366-9,Pentadecanoate [Moles/volume] in Serum or Plasma,Test: Pentadecanoate | System: Ser/Plas | Units: umol/L | Info: 
48367-7,cis-Vaccenate (C18:1w7) [Moles/volume] in Serum or Plasma,Test: cis-Vaccenate | System: Ser/Plas | Units: umol/L | Info: 
48368-5,trans-Octadecanoate (C18:0) [Moles/volume] in Serum or Plasma,Test: trans-Octadecanoate | System: Ser/Plas | Units: umol/L | Info: 
48369-3,trans-Vaccenate (C18:1w7) [Moles/volume] in Serum or Plasma,Test: trans-Vaccenate | System: Ser/Plas | Units: umol/L | Info: 
48370-1,Dihomogammalinolenate (C20:3n-6) [Moles/volume] in Serum or Plasma,Test: Dihomogammalinolenate | System: Ser/Plas | Units: umol/L | Info: 
48371-9,Docosapentaenoate (C22:5 n-3) [Moles/volume] in Serum or Plasma,Test: Docosapentaenoate | System: Ser/Plas | Units: umol/L | Info: 
48381-8,3-Methoxytyramine/Creatinine [Molar ratio] in 24 hour Urine,Test: 3-Methoxytyramine/Creatinine | System: Urine | Units: mmol/mol creatinine | Info: 
48389-1,Macroprolactin/Prolactin [Moles] in Serum or Plasma,Test: Macroprolactin/Prolactin | System: Ser/Plas | Units: % | Info: 
48413-9,Alpha-1-Microglobulin [Mass/volume] in Serum or Plasma,Test: Alpha-1-Microglobulin | System: Ser/Plas | Units: g/L | Info: 
48415-4,Alpha-1-Microglobulin/Creatinine [Mass Ratio] in Urine,Test: Alpha-1-Microglobulin/Creatinine | System: Urine | Units: mg/g creatinine | Info: 
48416-2,Alpha-1-acid glycoprotein [Mass/volume] in Body fluid,Test: Alpha-1-Acid glycoprotein | System: Body fld | Units: g/L | Info: 
48421-2,C reactive protein [Mass/volume] in Capillary blood,Test: C reactive protein | System: BldC | Units: mg/L | Info: 
48425-3,Troponin T.cardiac [Mass/volume] in Blood,Test: Troponin T.cardiac | System: Bld | Units: ug/L | Info: 
48428-7,Rumenate (C18:2 cis-9 trans-11) [Moles/volume] in Serum or Plasma,Test: Rumenate | System: Ser/Plas | Units: umol/L | Info: 
48493-1,Beta-trace protein [Mass/volume] in Cerebral spinal fluid,Test: Beta-trace protein | System: CSF | Units: mg/L | Info: 
48495-6,Transferrin.carbohydrate deficient/Transferrin.total in Serum or Plasma,Test: Transferrin.carbohydrate deficient/Transferrin.total | System: Ser/Plas | Units: % | Info: 
48497-2,Pro-hepcidin [Mass/volume] in Serum or Plasma,Test: Pro-hepcidin | System: Ser/Plas | Units: ug/L | Info: 
48498-0,Amyloid A [Mass/volume] in Serum or Plasma,Test: Amyloid A | System: Ser/Plas | Units: mg/L | Info: 
48499-8,Beta-trace protein [Mass/volume] in Serum or Plasma,Test: Beta-trace protein | System: Ser/Plas | Units: mg/L | Info: 
48570-6,Follitropin [Units/volume] in Serum or Plasma --on cycle day 10,Test: Follitropin^on cycle day 10 | System: Ser/Plas | Units: mIU/mL | Info: 
48571-4,Follitropin [Units/volume] in Serum or Plasma --on cycle day 11,Test: Follitropin^on cycle day 11 | System: Ser/Plas | Units: mIU/mL | Info: 
48572-2,Follitropin [Units/volume] in Serum or Plasma --on cycle day 21,Test: Follitropin^on cycle day 21 | System: Ser/Plas | Units: mIU/mL | Info: 
48573-0,Follitropin [Units/volume] in Serum or Plasma --on cycle day 3,Test: Follitropin^on cycle day 3 | System: Ser/Plas | Units: mIU/mL | Info: 
48581-3,Lutropin [Units/volume] in Serum or Plasma --on cycle day 11,Test: Lutropin^on cycle day 11 | System: Ser/Plas | Units: mIU/mL | Info: 
48582-1,Lutropin [Units/volume] in Serum or Plasma --on cycle day 3,Test: Lutropin^on cycle day 3 | System: Ser/Plas | Units: mIU/mL | Info: 
48583-9,Lutropin [Units/volume] in Serum or Plasma --on cycle day 21,Test: Lutropin^on cycle day 21 | System: Ser/Plas | Units: mIU/mL | Info: 
48586-2,Collagen crosslinked C-telopeptide [Mass/volume] in Urine,Test: Collagen crosslinked C-telopeptide | System: Urine | Units: ng/mL | Info: 
48587-0,Collagen crosslinked C-telopeptide/Creatinine [Ratio] in Urine,Test: Collagen crosslinked C-telopeptide/Creatinine | System: Urine | Units: ug/mmol creatinine | Info: 
48617-5,Phosphate [Mass/volume] in Serum or Plasma --post dialysis,Test: Phosphate^post dialysis | System: Ser/Plas | Units: mg/dL | Info: 
48618-3,Cholesterol in VLDL [Mass/volume] in Serum or Plasma ultracentrifugate,Test: Cholesterol.in VLDL | System: Ser/Plas.ultracentrifugate | Units: mg/dL | Info: 
48620-9,Cholesterol [Mass/volume] in Serum or Plasma ultracentrifugate,Test: Cholesterol | System: Ser/Plas.ultracentrifugate | Units: mg/dL | Info: 
48622-5,Urea nitrogen [Mass/volume] in Peritoneal fluid --24 hours post peritoneal dialysis,Test: Urea nitrogen^24H post peritoneal dialysis | System: Periton fld | Units: mg/L | Info: 
48623-3,Bilirubin.direct [Mass/volume] in Cord blood,Test: Bilirubin.glucuronidated+Bilirubin.albumin bound | System: BldCo | Units: mg/dL | Info: 
48626-6,Creatinine [Mass/volume] in Peritoneal fluid --24 hours post peritoneal dialysis,Test: Creatinine^24H post peritoneal dialysis | System: Periton fld | Units: mg/dL | Info: 
48629-0,Urea nitrogen [Mass/volume] in Venous blood --post dialysis,Test: Urea nitrogen^post dialysis | System: BldV | Units: mg/L | Info: 
48630-8,Creatinine [Mass/volume] in Peritoneal fluid --pre dialysis,Test: Creatinine^pre dialysis | System: Periton fld | Units: ug/L | Info: 
48631-6,Bicarbonate [Moles/volume] in Serum --post dialysis,Test: Bicarbonate^post dialysis | System: Ser | Units: mmol/L | Info: 
48633-2,Trypsinogen I Free [Mass/volume] in DBS,Test: Trypsinogen I.free | System: Bld.dot | Units: ug/L | Info: 
48639-9,Urea nitrogen [Mass/volume] in Peripheral blood --post dialysis,Test: Urea nitrogen^post dialysis | System: BldP | Units: mg/L | Info: 
48641-5,Phosphate [Mass/volume] in Serum or Plasma --pre dialysis,Test: Phosphate^pre dialysis | System: Ser/Plas | Units: mg/dL | Info: 
48663-9,YKL-40 [Mass/volume] in Serum,Test: YKL-40 | System: Ser | Units: ng/mL | Info: 
48665-4,IgA.intrathecally synthesized [Mass/volume] in Serum and CSF,Test: IgA.intrathecally synthesized | System: Ser+CSF | Units: mg/L | Info: 
48666-2,IgG.intrathecally synthesized [Mass/volume] in Serum and CSF,Test: IgG.intrathecally synthesized | System: Ser+CSF | Units: mg/L | Info: 
48667-0,IgM.intrathecally synthesized [Mass/volume] in Serum and CSF,Test: IgM.intrathecally synthesized | System: Ser+CSF | Units: mg/L | Info: 
48751-2,3-Hydroxypalmitate.free (3-OH-C16:0) [Moles/volume] in Serum or Plasma,Test: 3-Hydroxypalmitate.free | System: Ser/Plas | Units: umol/L | Info: 
48752-0,3-Hydroxymyristate.free (3-OH-C14:0) [Moles/volume] in Serum or Plasma,Test: 3-Hydroxymyristate.free | System: Ser/Plas | Units: umol/L | Info: 
48753-8,3-Hydroxydodecanoate.free (3-OH-C12:0) [Moles/volume] in Serum or Plasma,Test: 3-Hydroxydodecanoate.free | System: Ser/Plas | Units: umol/L | Info: 
48754-6,3-Hydroxydodecanoate (3-OH-C12:0) [Moles/volume] in Serum or Plasma,Test: 3-Hydroxydodecanoate | System: Ser/Plas | Units: umol/L | Info: 
48755-3,3-Hydroxydecanoate.free (3-OH-C10:0) [Moles/volume] in Serum or Plasma,Test: 3-Hydroxydecanoate.free | System: Ser/Plas | Units: umol/L | Info: 
48756-1,3-Hydroxyoctanoate.free (3-OH-C8:0) [Moles/volume] in Serum or Plasma,Test: 3-Hydroxyoctanoate.free | System: Ser/Plas | Units: umol/L | Info: 
48757-9,3-Hydroxyoctanoate (3-OH-C8:0) [Moles/volume] in Serum or Plasma,Test: 3-Hydroxyoctanoate | System: Ser/Plas | Units: umol/L | Info: 
48758-7,3-Hydroxyhexanoate.free (3-OH-C6:0) [Moles/volume] in Serum or Plasma,Test: 3-Hydroxyhexanoate.free | System: Ser/Plas | Units: umol/L | Info: 
48759-5,3-Hydroxyhexanoate (3-OH-C6:0) [Moles/volume] in Serum or Plasma,Test: 3-Hydroxyhexanoate | System: Ser/Plas | Units: umol/L | Info: 
48761-1,3-Hydroxypalmitate (3-OH-C16:0) [Moles/volume] in Serum or Plasma,Test: 3-Hydroxypalmitate | System: Ser/Plas | Units: umol/L | Info: 
48762-9,3-Hydroxymyristate (3-OH-C14:0) [Moles/volume] in Serum or Plasma,Test: 3-Hydroxymyristate | System: Ser/Plas | Units: umol/L | Info: 
48763-7,3-Hydroxydecanoate (3-OH-C10:0) [Moles/volume] in Serum or Plasma,Test: 3-Hydroxydecanoate | System: Ser/Plas | Units: umol/L | Info: 
48771-0,Kappa light chains [Mass/volume] in Cerebral spinal fluid,Test: Immunoglobulin light chains.kappa | System: CSF | Units: g/L | Info: 
48772-8,Lambda light chains [Mass/volume] in Cerebral spinal fluid,Test: Immunoglobulin light chains.lambda | System: CSF | Units: g/L | Info: 
48774-4,Kappa light chains.free [Mass/volume] in Cerebral spinal fluid,Test: Immunoglobulin light chains.kappa.free | System: CSF | Units: g/L | Info: 
48775-1,Lambda light chains.free [Mass/volume] in Cerebral spinal fluid,Test: Immunoglobulin light chains.lambda.free | System: CSF | Units: g/L | Info: 
48777-7,Kappa light chains.free/Albumin in Serum and CSF,Test: Immunoglobulin light chains.kappa.free/Albumin | System: Ser+CSF | Units: Ratio | Info: 
48785-0,Prostaglandin D2 [Mass/volume] in Body fluid,Test: Prostaglandin D2 | System: Body fld | Units: pg/mL | Info: 
48787-6,Glucose [Mass/volume] in Peritoneal fluid --24 hours post peritoneal dialysis,Test: Glucose^24H post peritoneal dialysis | System: Periton fld | Units: mg/dL | Info: 
48788-4,Creatinine peritoneal dialysis clearance,Test: Creatinine peritoneal dialysis clearance | System: Dial fld prt+Ser/Plas | Units: mL/min | Info: 
48789-2,Creatinine peritoneal dialysis clearance/1.73 sq M,Test: Creatinine peritoneal dialysis clearance/1.73 sq M | System: Dial fld prt+Ser/Plas | Units: mL/min | Info: 
48791-8,Urea nitrogen peritoneal dialysis clearance/1.73 sq M,Test: Urea nitrogen peritoneal dialysis clearance/1.73 sq M | System: Dial fld prt+Ser/Plas | Units: mL/min | Info: 
48792-6,Necroinflammatory activity score,Test: Necroinflammatory activity score | System: Ser/Plas | Units: score | Info: 
48803-1,Neural tube defect risk [Likelihood] in Fetus,Test: Neural tube defect risk | System: ^Fetus | Units: % | Info: 
48987-2,Pyridinoline.free/Creatinine [Molar ratio] in Urine,Test: Pyridinoline.free/Creatinine | System: Urine | Units: nmol/mmol creatinine | Info: 
48995-5,N-acetyl-beta-glucosaminidase/Creatinine [Ratio] in Urine,Test: N-acetyl-beta-glucosaminidase/Creatinine | System: Urine | Units: U/g creatinine | Info: 
48996-3,Amylase.pancreatic [Enzymatic activity/volume] in Body fluid,Test: Amylase.pancreatic | System: Body fld | Units: arb U/L | Info: 
49001-1,Osmolality of Sweat,Test: Observation | System: Sweat | Units: mOsm/kg | Info: 
49003-7,Urate [Mass/volume] in Peritoneal dialysis fluid,Test: Urate | System: Dial fld prt | Units: mg/dL | Info: 
49005-2,Calcium [Moles/volume] in Peritoneal dialysis fluid,Test: Calcium | System: Dial fld prt | Units: mmol/L | Info: 
49006-0,Phosphate [Moles/volume] in Peritoneal dialysis fluid,Test: Phosphate | System: Dial fld prt | Units: mmol/L | Info: 
49007-8,Magnesium [Moles/volume] in Peritoneal dialysis fluid,Test: Magnesium | System: Dial fld prt | Units: mmol/L | Info: 
49008-6,Clot Retraction [Volume Fraction] in Blood,Test: Coagulum retraction | System: Bld | Units: % | Info: 
99910-2,Atypical crystals [#/area] in Urine sediment by Computer assisted method,Test: Atypical crystals | System: Urine sed | Units: p/HPF | Info: 
99913-6,Bacilliform bacteria [#/area] in Urine sediment by Automated count,Test: Bacilliform bacteria | System: Urine sed | Units: p/HPF | Info: 
49064-9,Gamma 2 globulin [Mass/volume] in Serum or Plasma by Electrophoresis,Test: Gamma 2 globulin | System: Ser/Plas | Units: g/L | Info: 
49071-4,Urea nitrogen [Mass ratio] in Serum or Plasma--post dialysis/pre dialysis,Test: Urea nitrogen^post dialysis/pre dialysis | System: Ser/Plas | Units: % | Info: 
49081-3,Beta-2-Microglobulin [Mass/volume] in Dialysis fluid,Test: Beta-2-Microglobulin | System: Dial fld | Units: ng/mL | Info: 
49111-8,Spermatozoa [#/area] in Urine sediment by Microscopy high power field,Test: Spermatozoa | System: Urine sed | Units: /HPF | Info: 
49115-9,Thiamine.free [Mass/volume] in Blood,Test: Thiamine.free | System: Bld | Units: ng/mL | Info: 
49129-0,Creatine kinase.MiMi/Creatine kinase.total in Serum or Plasma,Test: Creatine kinase.MiMi/Creatine kinase.total | System: Ser/Plas | Units: % | Info: 
49131-6,Chylomicrons/total Lipoprotein in Serum or Plasma,Test: Chylomicrons/Lipoprotein.total | System: Ser/Plas | Units: % | Info: 
99916-9,Cocci bacteria [#/area] in Urine sediment by Automated count,Test: Cocci bacteria | System: Urine sed | Units: p/HPF | Info: 
49218-1,Phosphatidylinositol/Surfactant.total in Amniotic fluid,Test: Phosphatidylinositol/Surfactant.total | System: Amnio fld | Units: % | Info: 
49219-9,Galactose [Mass/volume] in Red Blood Cells,Test: Galactose | System: RBC | Units: mg/dL | Info: 
99919-3,Amorphous sediment [#/area] in Urine sediment by Automated count,Test: Amorphous sediment | System: Urine sed | Units: p/HPF | Info: 
49500-2,Calcium oxalate dihydrate/Total in Stone by Infrared spectroscopy,Test: Calcium oxalate dihydrate/Total | System: Calculus | Units: % | Info: 
49502-8,Glucose-6-Phosphate dehydrogenase [Entitic Catalytic Activity] in Blood,Test: Glucose-6-Phosphate dehydrogenase | System: Bld | Units: U/10*10 cells | Info: 
99922-7,Schistosoma haematobium [#/area] in Urine sediment by Computer assisted method,Test: Schistosoma haematobium | System: Urine sed | Units: p/HPF | Info: 
49551-5,Creatine kinase.MB [Mass/volume] in Blood,Test: Creatine kinase.MB | System: Bld | Units: ng/mL | Info: 
49574-7,Phosphatidylinositol+Phosphatidylserine/Surfactant.total in Amniotic fluid,Test: Phosphatidylinositol+Phosphatidylserine/Surfactant.total | System: Amnio fld | Units: % | Info: 
49575-4,Sphingomyelin/Surfactant.total in Amniotic fluid,Test: Sphingomyelin/Surfactant.total | System: Amnio fld | Units: % | Info: 
49576-2,Phosphatidylethanolamine/Surfactants.total in Amniotic fluid,Test: Phosphatidylethanolamine/Surfactants.total | System: Amnio fld | Units: % | Info: 
49577-0,Lecithin/Surfactant.total in Amniotic fluid,Test: Lecithin/Surfactant.total | System: Amnio fld | Units: % | Info: 
49585-3,Alpha-1-Fetoprotein multiple of the median cutoff [Multiple of the median] in Serum or Plasma,Test: Alpha-1-Fetoprotein multiple of the median cutoff | System: Ser/Plas | Units: M.o.M | Info: 
49587-9,Protein.abnormal band [Mass/volume] in Serum,Test: Protein.abnormal band | System: Ser | Units: g/dL | Info: 
49624-0,Cholesterol in VLDL 1+2 [Mass/volume] in Serum or Plasma,Test: Cholesterol.in VLDL 1+2 | System: Ser/Plas | Units: mg/dL | Info: 
49628-1,Remnant lipoprotein [Mass/volume] in Serum or Plasma,Test: Remnant lipoprotein | System: Ser/Plas | Units: mg/dL | Info: 
49694-3,Carbon dioxide [Partial pressure] adjusted to patient's actual temperature in Arterial cord blood,Test: Carbon dioxide^^adjusted to patient's actual temperature | System: BldCoA | Units: mm Hg | Info: 
49695-0,Carbon dioxide [Partial pressure] adjusted to patient's actual temperature in Venous cord blood,Test: Carbon dioxide^^adjusted to patient's actual temperature | System: BldCoV | Units: mm Hg | Info: 
49696-8,Oxygen [Partial pressure] adjusted to patient's actual temperature in Arterial cord blood,Test: Oxygen^^adjusted to patient's actual temperature | System: BldCoA | Units: mm Hg | Info: 
49697-6,Oxygen [Partial pressure] adjusted to patient's actual temperature in Venous cord blood,Test: Oxygen^^adjusted to patient's actual temperature | System: BldCoV | Units: mm Hg | Info: 
49714-9,Interleukin 8 [Mass/volume] in Body fluid,Test: Interleukin 8 | System: Body fld | Units: pg/mL | Info: 
49716-4,Dehydroepiandrosterone (DHEA) [Mass/volume] in Saliva (oral fluid),Test: Dehydroepiandrosterone | System: Saliva | Units: ng/dL | Info: 
49717-2,Interleukin 1 beta [Mass/volume] in Body fluid,Test: Interleukin 1 beta | System: Body fld | Units: pg/mL | Info: 
49724-8,Aldolase [Enzymatic activity/volume] in Body fluid,Test: Aldolase | System: Body fld | Units: arb U/L | Info: 
49725-5,Melatonin [Mass/volume] in Cerebral spinal fluid,Test: Melatonin | System: CSF | Units: pg/mL | Info: 
49727-1,Homocysteine [Moles/volume] in Cerebral spinal fluid,Test: Homocysteine | System: CSF | Units: umol/L | Info: 
49732-1,Interleukin 6 [Mass/volume] in Body fluid,Test: Interleukin 6 | System: Body fld | Units: pg/mL | Info: 
49733-9,Interleukin 10 [Mass/volume] in Body fluid,Test: Interleukin 10 | System: Body fld | Units: pg/mL | Info: 
49734-7,11-Dehydro thromboxane beta 2/Creatinine [Mass Ratio] in Urine,Test: 11-Dehydro thromboxane beta 2/Creatinine | System: Urine | Units: pg/g creatinine | Info: 
49759-4,Adenosine deaminase [Enzymatic activity/volume] in Peritoneal fluid,Test: Adenosine deaminase | System: Periton fld | Units: arb U/L | Info: 
49760-2,Adenosine deaminase [Enzymatic activity/volume] in Pericardial fluid,Test: Adenosine deaminase | System: Pericard fld | Units: arb U/L | Info: 
49761-0,Alpha-1-Fetoprotein [Mass/volume] in Peritoneal fluid,Test: Alpha-1-Fetoprotein | System: Periton fld | Units: ng/mL | Info: 
49763-6,Bilirubin.total [Mass/volume] in Pericardial fluid,Test: Bilirubin | System: Pericard fld | Units: mg/dL | Info: 
49773-5,Galactitol [Moles/volume] in Serum or Plasma,Test: Galactitol | System: Ser/Plas | Units: umol/L | Info: 
49779-2,Ketones [Mass/volume] in Urine,Test: Ketones | System: Urine | Units: mg/dL | Info: 
49788-3,Potassium [Moles/volume] in Amniotic fluid,Test: Potassium | System: Amnio fld | Units: mmol/L | Info: 
49789-1,Potassium [Moles/volume] in Peritoneal fluid,Test: Potassium | System: Periton fld | Units: mmol/L | Info: 
49790-9,Sodium [Moles/volume] in Peritoneal fluid,Test: Sodium | System: Periton fld | Units: mmol/L | Info: 
49791-7,Sodium [Moles/volume] in Amniotic fluid,Test: Sodium | System: Amnio fld | Units: mmol/L | Info: 
49825-3,16-Alpha hydroxyestrone [Mass/volume] in Serum or Plasma,Test: 16-Alpha hydroxyestrone | System: Ser/Plas | Units: pg/mL | Info: 
49826-1,2-Hydroxyestrone [Mass/volume] in Serum or Plasma,Test: 2-Hydroxyestrone | System: Ser/Plas | Units: pg/mL | Info: 
49827-9,2-Hydroxyestrone/16-Alpha hydroxyestrone [Mass Ratio] in Serum or Plasma,Test: 2-Hydroxyestrone/16-Alpha hydroxyestrone | System: Ser/Plas | Units: pg/pg | Info: 
49837-8,Dimethylphosphatidyl ethanolamine/Surfactant.total in Amniotic fluid,Test: Dimethylphosphatidyl ethanolamine/Surfactant.total | System: Amnio fld | Units: % | Info: 
49838-6,Neural tube defect risk [Likelihood] in Population,Test: Neural tube defect risk | System: ^Population | Units: Risk | Info: 
49849-3,Hydroxylysine.free/Creatinine [Molar ratio] in 24 hour Urine,Test: Hydroxylysine.free/Creatinine | System: Urine | Units: mmol/mol creatinine | Info: 
49851-9,Cholinesterase [Enzymatic activity/volume] in Peritoneal fluid,Test: Cholinesterase | System: Periton fld | Units: arb U/L | Info: 
49853-5,Transforming growth factor beta 1 [Mass/volume] in Serum or Plasma,Test: Transforming growth factor beta 1 | System: Ser/Plas | Units: pg/ml | Info: 
49858-4,Peptide YY [Mass/volume] in Serum or Plasma,Test: Peptide YY | System: Ser/Plas | Units: pg/ml | Info: 
49866-7,Neuropeptide Y [Mass/volume] in Serum,Test: Neuropeptide Y | System: Ser | Units: ng/mL | Info: 
49870-9,Coagulation factor VII Ag actual/normal in Platelet poor plasma by Immunoassay,Test: Coagulation factor VII Ag actual/Normal | System: PPP | Units: % | Info: 
49900-4,Heptacarboxylporphyrin I [Mass/time] in 24 hour Stool,Test: Heptacarboxylporphyrin I | System: Stool | Units: ug/24 H | Info: 
49901-2,Heptacarboxylporphyrin III [Mass/time] in 24 hour Stool,Test: Heptacarboxylporphyrin III | System: Stool | Units: ug/24 H | Info: 
49909-5,Interleukin 10 [Mass/volume] in Cerebral spinal fluid,Test: Interleukin 10 | System: CSF | Units: pg/mL | Info: 
49919-4,Interleukin 6 [Mass/volume] in Cerebral spinal fluid,Test: Interleukin 6 | System: CSF | Units: pg/mL | Info: 
49924-4,Alkaline phosphatase.macro/Alkaline phosphatase.total in Serum or Plasma,Test: Alkaline phosphatase.macro/Alkaline phosphatase.total | System: Ser/Plas | Units: % | Info: 
49927-7,Amylase in fluid/Amylase in serum,Test: Amylase.fld/Amylase.serum | System: Body fld+Ser/Plas | Units: Ratio | Info: 
49929-3,Protein in pleural fluid/Protein in serum,Test: Protein.plr fld/Protein.serum | System: Ser/Plas+Plr fld | Units: Ratio | Info: 
49930-1,Lactate dehydrogenase in pleural fluid/Lactate dehydrogenase in serum,Test: Lactate dehydrogenase.plr fld/Lactate dehydrogenase.serum | System: Ser/Plas+Plr fld | Units: Ratio | Info: 
49931-9,3-Hydroxysebacate (3-OH-C8) unsaturated/Creatinine [Molar ratio] in Urine,Test: 3-Hydroxysebacate.unsaturated/Creatinine | System: Urine | Units: umol/mmol creatinine | Info: 
49932-7,3-Hydroxysuberate.unsaturated/Creatinine [Molar ratio] in Urine,Test: 3-Hydroxysuberate.unsaturated/Creatinine | System: Urine | Units: umol/mmol creatinine | Info: 
49933-5,Adipate.unsaturated/Creatinine [Molar ratio] in Urine,Test: Adipate.unsaturated/Creatinine | System: Urine | Units: umol/mmol creatinine | Info: 
49934-3,Adipolactone/Creatinine [Molar ratio] in Urine,Test: Adipolactone/Creatinine | System: Urine | Units: umol/mmol creatinine | Info: 
49935-0,Calcium.ionized/Calcium.total corrected for albumin in Serum or Plasma,Test: Calcium.ionized/Calcium.total^^corrected for albumin | System: Ser/Plas | Units: % | Info: 
49936-8,Calcium.ionized/Calcium.total corrected for albumin in Blood,Test: Calcium.ionized/Calcium.total^^corrected for albumin | System: Bld | Units: % | Info: 
49938-4,Citrate synthase [Enzymatic activity/mass] in Amniotic fluid,Test: Citrate synthase | System: Amnio fld | Units: nmol/min/mg protein | Info: 
49939-2,Dodecenedioate/Creatinine [Molar ratio] in Urine,Test: Dodecenedioate/Creatinine | System: Urine | Units: umol/mmol creatinine | Info: 
49940-0,Glutamate dehydrogenase [Enzymatic activity/mass] in Leukocytes,Test: Glutamate dehydrogenase | System: WBC | Units: nmol/min/mg protein | Info: 
49960-8,Suberate.unsaturated/Creatinine [Molar ratio] in Urine,Test: Suberate.unsaturated/Creatinine | System: Urine | Units: umol/mmol creatinine | Info: 
50039-7,5-Methyltetrahydrofolate/Folate in Serum or Plasma,Test: 5-Methyltetrahydrofolate/Folate | System: Ser/Plas | Units: % | Info: 
50040-5,Advanced oxidation protein products [Moles/volume] in Serum or Plasma,Test: Advanced oxidation protein products | System: Ser/Plas | Units: umol/l | Info: 
50043-9,Protein carbonyl/Protein [Ratio] in Serum or Plasma,Test: Protein carbonyl/protein | System: Ser/Plas | Units: nmol/mg protein | Info: 
50045-4,Hemicystine [Moles/volume] in Amniotic fluid,Test: Hemicystine | System: Amnio fld | Units: umol/l | Info: 
50046-2,Hemicystine [Moles/volume] in Serum or Plasma,Test: Hemicystine | System: Ser/Plas | Units: umol/l | Info: 
50047-0,Hemicystine [Moles/volume] in DBS,Test: Hemicystine | System: Bld.dot | Units: umol/L | Info: 
50048-8,Hemicystine [Moles/volume] in Specimen,Test: Hemicystine | System: XXX | Units: umol/l | Info: 
50049-6,Hemicystine/Amino acids.total in Hair,Test: Hemicystine/Amino acids.total | System: Hair | Units: % | Info: 
50050-4,Hemicystine/Amino acids.total in Amniotic fluid,Test: Hemicystine/Amino acids.total | System: Amnio fld | Units: % | Info: 
50051-2,Hemicystine/Amino acids.total in Serum or Plasma,Test: Hemicystine/Amino acids.total | System: Ser/Plas | Units: % | Info: 
50052-0,Hemicystine/Amino acids.total in DBS,Test: Hemicystine/Amino acids.total | System: Bld.dot | Units: % | Info: 
50053-8,Hemicystine/Amino acids.total in Specimen,Test: Hemicystine/Amino acids.total | System: XXX | Units: % | Info: 
50054-6,Hemicystine/Creatinine [Molar ratio] in Urine,Test: Hemicystine/Creatinine | System: Urine | Units: umol/mmol creatinine | Info: 
50059-5,Oligoclonal bands/Protein.total in Urine by Electrophoresis,Test: Protein fractions.oligoclonal bands/Protein.total | System: Urine | Units: % | Info: 
50060-3,Fatty acids.very long chain C24:0 (Tetracosanoate)/Creatinine [Molar ratio] in Urine,Test: Fatty acids.very long chain.C24:0/Creatinine | System: Urine | Units: umol/mmol creatinine | Info: 
50061-1,Tetradecanedioate/Creatinine [Molar ratio] in Urine,Test: Tetradecanedioate/Creatinine | System: Urine | Units: umol/mmol creatinine | Info: 
50062-9,Tetradecenedioate/Creatinine [Molar ratio] in Urine,Test: Tetradecenedioate/Creatinine | System: Urine | Units: umol/mmol creatinine | Info: 
50065-2,1-Methylhistidine [Moles/volume] in DBS,Test: 1-Methylhistidine | System: Bld.dot | Units: umol/L | Info: 
50066-0,1-Methylhistidine [Moles/volume] in Body fluid,Test: 1-Methylhistidine | System: Body fld | Units: umol/L | Info: 
50067-8,11-Hydroxyandrostenedione [Moles/volume] in Body fluid,Test: 11-Hydroxyandrostenedione | System: Body fld | Units: nmol/L | Info: 
50071-0,11-Deoxycortisol [Moles/volume] in Amniotic fluid,Test: 11-Deoxycortisol | System: Amnio fld | Units: nmol/L | Info: 
50081-9,18-Hydroxydeoxycorticosterone [Moles/volume] in Serum or Plasma,Test: 18-Hydroxydeoxycorticosterone | System: Ser/Plas | Units: pmol/L | Info: 
50083-5,Alpha aminoadipate [Moles/volume] in DBS,Test: Alpha aminoadipate | System: Bld.dot | Units: umol/L | Info: 
50084-3,Alpha aminoadipate [Moles/volume] in Body fluid,Test: Alpha aminoadipate | System: Body fld | Units: umol/L | Info: 
50085-0,2-Methyl-3-Hydroxyvalerate/Creatinine [Molar ratio] in Urine,Test: 2-Methyl-3-Hydroxyvalerate/Creatinine | System: Urine | Units: umol/mmol creatinine | Info: 
50086-8,2-Methyl-3-Hydroxybutyrylcarnitine (C5-OH) [Moles/volume] in DBS,Test: 2-Methyl-3-Hydroxybutyrylcarnitine (C5-OH) | System: Bld.dot | Units: umol/L | Info: 
50087-6,2-Methyl-3-Hydroxybutyrylcarnitine (C5-OH) [Moles/volume] in Amniotic fluid,Test: 2-Methyl-3-Hydroxybutyrylcarnitine (C5-OH) | System: Amnio fld | Units: umol/L | Info: 
50088-4,2-Methyl-3-Hydroxybutyrylcarnitine (C5-OH) [Moles/volume] in Cerebral spinal fluid,Test: 2-Methyl-3-Hydroxybutyrylcarnitine (C5-OH) | System: CSF | Units: umol/L | Info: 
50089-2,2-Methyl-3-Hydroxybutyrylcarnitine (C5-OH) [Moles/volume] in Urine,Test: 2-Methyl-3-Hydroxybutyrylcarnitine (C5-OH) | System: Urine | Units: umol/L | Info: 
50090-0,2-Methyl-3-Hydroxybutyrylcarnitine (C5-OH) [Moles/volume] in Serum or Plasma,Test: 2-Methyl-3-Hydroxybutyrylcarnitine (C5-OH) | System: Ser/Plas | Units: umol/L | Info: 
50091-8,2-Methyl-3-Hydroxybutyrylcarnitine (C5-OH)/Creatinine [Molar ratio] in Urine,Test: 2-methyl-3-hydroxybutyrylcarnitine (C5-OH)/Creatinine | System: Urine | Units: umol/mmol creatinine | Info: 
50092-6,2-Methylcitrate [Moles/volume] in Cerebral spinal fluid,Test: 2-Methylcitrate | System: CSF | Units: umol/L | Info: 
50093-4,21-Deoxycortisol [Moles/volume] in Amniotic fluid,Test: 21-Deoxycortisol | System: Amnio fld | Units: pmol/L | Info: 
50098-3,3-Hydroxyvalerate [Moles/volume] in Cerebral spinal fluid,Test: 3-Hydroxyvalerate | System: CSF | Units: umol/L | Info: 
50099-1,Beta hydroxybutyrate/Acetoacetate [Molar ratio] in Blood,Test: Beta hydroxybutyrate/Acetoacetate | System: Bld | Units: mmol/mol | Info: 
50100-7,Beta hydroxybutyrate/Acetoacetate [Molar ratio] in Cerebral spinal fluid,Test: Beta hydroxybutyrate/Acetoacetate | System: CSF | Units: mmol/mol | Info: 
50101-5,3-Hydroxybutyrylcarnitine (C4-OH) [Moles/volume] in Cerebral spinal fluid,Test: 3-Hydroxybutyrylcarnitine (C4-OH) | System: CSF | Units: umol/L | Info: 
50102-3,3-Hydroxybutyrylcarnitine (C4-OH) [Moles/volume] in DBS,Test: 3-Hydroxybutyrylcarnitine (C4-OH) | System: Bld.dot | Units: umol/L | Info: 
50103-1,3-Hydroxybutyrylcarnitine (C4-OH) [Moles/volume] in Amniotic fluid,Test: 3-Hydroxybutyrylcarnitine (C4-OH) | System: Amnio fld | Units: umol/L | Info: 
50104-9,3-Hydroxyisovalerylcarnitine (C5-OH) [Moles/volume] in Cerebral spinal fluid,Test: 3-Hydroxyisovalerylcarnitine (C5-OH) | System: CSF | Units: umol/L | Info: 
50105-6,3-Hydroxyisovalerylcarnitine (C5-OH) [Moles/volume] in Amniotic fluid,Test: 3-Hydroxyisovalerylcarnitine (C5-OH) | System: Amnio fld | Units: umol/L | Info: 
50106-4,3-Hydroxyisovalerylcarnitine (C5-OH) [Moles/volume] in DBS,Test: 3-Hydroxyisovalerylcarnitine (C5-OH) | System: Bld.dot | Units: umol/L | Info: 
50107-2,3-Hydroxyisovalerylcarnitine (C5-OH) [Moles/volume] in Urine,Test: 3-Hydroxyisovalerylcarnitine (C5-OH) | System: Urine | Units: umol/L | Info: 
50108-0,3-Hydroxylinoleoylcarnitine (C18:2-OH) [Moles/volume] in Urine,Test: 3-Hydroxylinoleoylcarnitine (C18:2-OH) | System: Urine | Units: umol/L | Info: 
50109-8,3-Hydroxylinoleoylcarnitine (C18:2-OH) [Moles/volume] in DBS,Test: 3-Hydroxylinoleoylcarnitine (C18:2-OH) | System: Bld.dot | Units: umol/L | Info: 
50110-6,3-Hydroxylinoleoylcarnitine (C18:2-OH) [Moles/volume] in Cerebral spinal fluid,Test: 3-Hydroxylinoleoylcarnitine (C18:2-OH) | System: CSF | Units: umol/L | Info: 
50111-4,3-Hydroxylinoleoylcarnitine (C18:2-OH) [Moles/volume] in Amniotic fluid,Test: 3-Hydroxylinoleoylcarnitine (C18:2-OH) | System: Amnio fld | Units: umol/L | Info: 
50112-2,3-Hydroxylinoleoylcarnitine (C18:2-OH)/Creatinine [Molar ratio] in Urine,Test: 3-Hydroxylinoleoylcarnitine (C18:2-OH)/Creatinine | System: Urine | Units: umol/mmol creatinine | Info: 
50113-0,3-Hydroxyoleoylcarnitine (C18:1-OH) [Moles/volume] in DBS,Test: 3-Hydroxyoleoylcarnitine (C18:1-OH) | System: Bld.dot | Units: umol/L | Info: 
50114-8,3-Hydroxyoleoylcarnitine (C18:1-OH) [Moles/volume] in Cerebral spinal fluid,Test: 3-Hydroxyoleoylcarnitine (C18:1-OH) | System: CSF | Units: umol/L | Info: 
50115-5,3-Hydroxyoleoylcarnitine (C18:1-OH) [Moles/volume] in Amniotic fluid,Test: 3-Hydroxyoleoylcarnitine (C18:1-OH) | System: Amnio fld | Units: umol/L | Info: 
50116-3,3-Hydroxyoleoylcarnitine (C18:1-OH) [Moles/volume] in Urine,Test: 3-Hydroxyoleoylcarnitine (C18:1-OH) | System: Urine | Units: umol/L | Info: 
50117-1,3-Hydroxyoleoylcarnitine (C18:1-OH)/Creatinine [Molar ratio] in Urine,Test: 3-Hydroxyoleoylcarnitine (C18:1-OH)/Creatinine | System: Urine | Units: umol/mmol creatinine | Info: 
50118-9,3-Hydroxypalmitoleylcarnitine (C16:1-OH) [Moles/volume] in Urine,Test: 3-Hydroxypalmitoleylcarnitine (C16:1-OH) | System: Urine | Units: umol/L | Info: 
50119-7,3-Hydroxypalmitoleylcarnitine (C16:1-OH) [Moles/volume] in Cerebral spinal fluid,Test: 3-Hydroxypalmitoleylcarnitine (C16:1-OH) | System: CSF | Units: umol/L | Info: 
50120-5,3-Hydroxypalmitoleylcarnitine (C16:1-OH) [Moles/volume] in Amniotic fluid,Test: 3-Hydroxypalmitoleylcarnitine (C16:1-OH) | System: Amnio fld | Units: umol/L | Info: 
50121-3,3-Hydroxypalmitoleylcarnitine (C16:1-OH) [Moles/volume] in DBS,Test: 3-Hydroxypalmitoleylcarnitine (C16:1-OH) | System: Bld.dot | Units: umol/L | Info: 
50122-1,3-Hydroxypalmitoleylcarnitine (C16:1-OH)/Creatinine [Molar ratio] in Urine,Test: 3-Hydroxypalmitoleylcarnitine (C16:1-OH)/Creatinine | System: Urine | Units: umol/mmol creatinine | Info: 
50123-9,3-Hydroxypalmitoylcarnitine (C16-OH) [Moles/volume] in Urine,Test: 3-Hydroxypalmitoylcarnitine (C16-OH) | System: Urine | Units: umol/L | Info: 
50124-7,3-Hydroxypalmitoylcarnitine (C16-OH) [Moles/volume] in Cerebral spinal fluid,Test: 3-Hydroxypalmitoylcarnitine (C16-OH) | System: CSF | Units: umol/L | Info: 
50125-4,3-Hydroxypalmitoylcarnitine (C16-OH) [Moles/volume] in DBS,Test: 3-Hydroxypalmitoylcarnitine (C16-OH) | System: Bld.dot | Units: umol/L | Info: 
50126-2,3-Hydroxypalmitoylcarnitine (C16-OH) [Moles/volume] in Amniotic fluid,Test: 3-Hydroxypalmitoylcarnitine (C16-OH) | System: Amnio fld | Units: umol/L | Info: 
50127-0,3-Hydroxypalmitoylcarnitine (C16-OH)/Creatinine [Molar ratio] in Urine,Test: 3-Hydroxypalmitoylcarnitine (C16-OH)/Creatinine | System: Urine | Units: umol/mmol creatinine | Info: 
50128-8,3-Hydroxypropionate (3-OH-C3) [Moles/volume] in Cerebral spinal fluid,Test: 3-Hydroxypropionate | System: CSF | Units: umol/L | Info: 
50129-6,3-Hydroxypropionate (3-OH-C3) [Moles/volume] in Amniotic fluid,Test: 3-Hydroxypropionate | System: Amnio fld | Units: umol/L | Info: 
50130-4,3-Hydroxystearoylcarnitine (C18-OH) [Moles/volume] in Urine,Test: 3-Hydroxystearoylcarnitine (C18-OH) | System: Urine | Units: umol/L | Info: 
50131-2,3-Hydroxystearoylcarnitine (C18-OH) [Moles/volume] in Cerebral spinal fluid,Test: 3-Hydroxystearoylcarnitine (C18-OH) | System: CSF | Units: umol/L | Info: 
50132-0,3-Hydroxystearoylcarnitine (C18-OH) [Moles/volume] in DBS,Test: 3-Hydroxystearoylcarnitine (C18-OH) | System: Bld.dot | Units: umol/L | Info: 
50133-8,3-Hydroxystearoylcarnitine (C18-OH) [Moles/volume] in Amniotic fluid,Test: 3-Hydroxystearoylcarnitine (C18-OH) | System: Amnio fld | Units: umol/L | Info: 
50134-6,3-Hydroxystearoylcarnitine (C18-OH)/Creatinine [Molar ratio] in Urine,Test: 3-Hydroxystearoylcarnitine (C18-OH)/Creatinine | System: Urine | Units: umol/mmol creatinine | Info: 
50135-3,3-Methoxy-4-Hydroxyphenylglycol [Moles/volume] in Serum or Plasma,Test: 3-Methoxy-4-Hydroxyphenylglycol | System: Ser/Plas | Units: nmol/L | Info: 
50138-7,3-Methoxy-4-Hydroxyphenylglycol/Creatinine [Molar ratio] in Urine,Test: 3-Methoxy-4-Hydroxyphenylglycol/Creatinine | System: Urine | Units: nmol/mmol creatinine | Info: 
50139-5,3-Methoxytyramine [Moles/volume] in Cerebral spinal fluid,Test: 3-Methoxytyramine | System: CSF | Units: nmol/L | Info: 
50140-3,3-Methoxytyramine [Moles/volume] in Serum or Plasma,Test: 3-Methoxytyramine | System: Ser/Plas | Units: nmol/L | Info: 
50146-0,Gamma aminobutyrate [Moles/volume] in DBS,Test: Gamma aminobutyrate | System: Bld.dot | Units: umol/L | Info: 
50147-8,Gamma aminobutyrate [Moles/volume] in Body fluid,Test: Gamma aminobutyrate | System: Body fld | Units: umol/L | Info: 
50148-6,Gamma hydroxybutyrate [Moles/volume] in Amniotic fluid,Test: Gamma hydroxybutyrate | System: Amnio fld | Units: umol/L | Info: 
50153-6,5-Methyltetrahydrofolate [Moles/volume] in Serum or Plasma,Test: 5-Methyltetrahydrofolate | System: Ser/Plas | Units: umol/L | Info: 
50155-1,Acetylcarnitine (C2) [Moles/volume] in Cerebral spinal fluid,Test: Acetylcarnitine (C2) | System: CSF | Units: umol/L | Info: 
50156-9,Acetylcarnitine (C2) [Moles/volume] in Amniotic fluid,Test: Acetylcarnitine (C2) | System: Amnio fld | Units: umol/L | Info: 
50157-7,Acetylcarnitine (C2) [Moles/volume] in DBS,Test: Acetylcarnitine (C2) | System: Bld.dot | Units: umol/L | Info: 
50158-5,Acetylcarnitine (C2) [Moles/volume] in Urine,Test: Acetylcarnitine (C2) | System: Urine | Units: umol/L | Info: 
50159-3,Acetylcarnitine (C2)/Creatinine [Molar ratio] in Urine,Test: Acetylcarnitine (C2)/Creatinine | System: Urine | Units: umol/mmol creatinine | Info: 
50162-7,Acylcarnitine [Moles/volume] in Amniotic fluid,Test: Acylcarnitine | System: Amnio fld | Units: umol/L | Info: 
50163-5,Acylcarnitine [Moles/volume] in Cerebral spinal fluid,Test: Acylcarnitine | System: CSF | Units: umol/L | Info: 
50165-0,Adenine phosphoribosyltransferase [Enzymatic activity/mass] in Amniotic fluid cells,Test: Adenine phosphoribosyltransferase | System: Amnio fld cells | Units: nmol/min/mg Hb | Info: 
50166-8,Adipoylcarnitine+Methylglutarylcarnitine (C6-DC) [Moles/volume] in Serum or Plasma,Test: Adipoylcarnitine+Methylglutarylcarnitine (C6-DC) | System: Ser/Plas | Units: umol/L | Info: 
50168-4,Alanine aminotransferase [Enzymatic activity/volume] in Dialysis fluid,Test: Alanine aminotransferase | System: Dial fld | Units: arb U/L | Info: 
50174-2,Alloisoleucine [Moles/volume] in Amniotic fluid,Test: Alloisoleucine | System: Amnio fld | Units: umol/L | Info: 
50175-9,Alloisoleucine [Moles/volume] in Body fluid,Test: Alloisoleucine | System: Body fld | Units: umol/L | Info: 
50176-7,Alpha-2-Macroglobulin/Protein.total in Serum or Plasma,Test: Alpha-2-Macroglobulin/Protein.total | System: Ser/Plas | Units: % | Info: 
50177-5,Hemicystine [Moles/volume] in Cerebral spinal fluid,Test: Hemicystine | System: CSF | Units: umol/L | Info: 
50192-4,Cholesterol in VLDL 1+2+3 [Mass/volume] in Serum or Plasma,Test: Cholesterol.in VLDL 1+2+3 | System: Ser/Plas | Units: mg/dL | Info: 
50193-2,Cholesterol in LDL.narrow density [Mass/volume] in Serum or Plasma,Test: Cholesterol.in LDL.narrow density | System: Ser/Plas | Units: mg/dL | Info: 
50194-0,Cholesterol in IDL+Cholesterol in VLDL 3 [Mass/volume] in Serum or Plasma,Test: Cholesterol.in IDL+Cholesterol.in VLDL 3 | System: Ser/Plas | Units: mg/dL | Info: 
50198-1,Iron [Mass/volume] in Serum or Plasma --1st specimen,Test: Iron^1st specimen | System: Ser/Plas | Units: ug/dL | Info: 
50199-9,Iron [Mass/volume] in Serum or Plasma --2nd specimen,Test: Iron^2nd specimen | System: Ser/Plas | Units: ug/dL | Info: 
50200-5,Iron [Mass/volume] in Serum or Plasma --3rd specimen,Test: Iron^3rd specimen | System: Ser/Plas | Units: ug/dL | Info: 
50201-3,Iron [Mass/volume] in Serum or Plasma --4th specimen,Test: Iron^4th specimen | System: Ser/Plas | Units: ug/dL | Info: 
50202-1,Iron [Mass/volume] in Serum or Plasma --5th specimen,Test: Iron^5th specimen | System: Ser/Plas | Units: ug/dL | Info: 
50203-9,Iron [Mass/volume] in Serum or Plasma --6th specimen,Test: Iron^6th specimen | System: Ser/Plas | Units: ug/dL | Info: 
50204-7,Iron [Mass/volume] in Serum or Plasma --7th specimen,Test: Iron^7th specimen | System: Ser/Plas | Units: ug/dL | Info: 
50205-4,Iron [Mass/volume] in Serum or Plasma --8th specimen,Test: Iron^8th specimen | System: Ser/Plas | Units: ug/dL | Info: 
50206-2,Glucose [Mass/volume] in Serum or Plasma --1st specimen,Test: Glucose^1st specimen | System: Ser/Plas | Units: mg/dL | Info: 
50207-0,Glucose [Mass/volume] in Serum or Plasma --7th specimen,Test: Glucose^7th specimen | System: Ser/Plas | Units: mg/dL | Info: 
50208-8,Glucose [Mass/volume] in Serum or Plasma --10th specimen,Test: Glucose^10th specimen | System: Ser/Plas | Units: mg/dL | Info: 
50212-0,Glucose [Mass/volume] in Serum or Plasma --2nd specimen,Test: Glucose^2nd specimen | System: Ser/Plas | Units: mg/dL | Info: 
50213-8,Glucose [Mass/volume] in Serum or Plasma --3rd specimen,Test: Glucose^3rd specimen | System: Ser/Plas | Units: mg/dL | Info: 
50214-6,Glucose [Mass/volume] in Serum or Plasma --4th specimen,Test: Glucose^4th specimen | System: Ser/Plas | Units: mg/dL | Info: 
50215-3,Glucose [Mass/volume] in Serum or Plasma --5th specimen,Test: Glucose^5th specimen | System: Ser/Plas | Units: mg/dL | Info: 
50216-1,Glucose [Mass/volume] in Serum or Plasma --6th specimen,Test: Glucose^6th specimen | System: Ser/Plas | Units: mg/dL | Info: 
50217-9,Glucose [Mass/volume] in Serum or Plasma --8th specimen,Test: Glucose^8th specimen | System: Ser/Plas | Units: mg/dL | Info: 
50218-7,Glucose [Mass/volume] in Serum or Plasma --9th specimen,Test: Glucose^9th specimen | System: Ser/Plas | Units: mg/dL | Info: 
100152-8,6-oxo-piperidine-2-carboxylate/Creatinine [Molar ratio] in Urine,Test: 6-oxo-piperidine-2-carboxylate/Creatinine | System: Urine | Units: umol/mmol creatinine | Info: 
100839-0,Vitamin A/Retinol binding protein [Ratio] in Serum or Plasma,Test: Vitamin A/Retinol binding protein | System: Ser/Plas | Units: ratio | Info: 
50250-0,21-Deoxycortisol [Moles/volume] in Serum or Plasma,Test: 21-Deoxycortisol | System: Ser/Plas | Units: pmol/L | Info: 
50251-8,3-Hydroxybutyrylcarnitine (C4-OH)/Creatinine [Molar ratio] in Urine,Test: 3-Hydroxybutyrylcarnitine (C4-OH)/Creatinine | System: Urine | Units: umol/mol creatinine | Info: 
50252-6,3-Hydroxyisovalerylcarnitine (C5-OH)/Creatinine [Molar ratio] in Urine,Test: 3-Hydroxyisovalerylcarnitine (C5-OH)/Creatinine | System: Urine | Units: umol/mmol creatinine | Info: 
50273-2,3-Hydroxymyristoleylcarnitine (C14:1-OH) [Moles/volume] in Urine,Test: 3-Hydroxymyristoleylcarnitine (C14:1-OH) | System: Urine | Units: umol/L | Info: 
50274-0,3-Hydroxymyristoleylcarnitine (C14:1-OH) [Moles/volume] in Amniotic fluid,Test: 3-Hydroxymyristoleylcarnitine (C14:1-OH) | System: Amnio fld | Units: umol/L | Info: 
50275-7,3-Hydroxymyristoleylcarnitine (C14:1-OH) [Moles/volume] in DBS,Test: 3-Hydroxymyristoleylcarnitine (C14:1-OH) | System: Bld.dot | Units: umol/L | Info: 
50276-5,3-Hydroxymyristoleylcarnitine (C14:1-OH) [Moles/volume] in Cerebral spinal fluid,Test: 3-Hydroxymyristoleylcarnitine (C14:1-OH) | System: CSF | Units: umol/L | Info: 
50277-3,3-Hydroxymyristoleylcarnitine (C14:1-OH) [Moles/volume] in Serum or Plasma,Test: 3-Hydroxymyristoleylcarnitine (C14:1-OH) | System: Ser/Plas | Units: umol/L | Info: 
50278-1,3-Hydroxymyristoleylcarnitine (C14:1-OH)/Creatinine [Molar ratio] in Urine,Test: 3-Hydroxymyristoleylcarnitine (C14:1-OH)/Creatinine | System: Urine | Units: umol/mmol creatinine | Info: 
50279-9,3-Hydroxytetradecanoylcarnitine (C14-OH) [Moles/volume] in Urine,Test: 3-Hydroxytetradecanoylcarnitine (C14-OH) | System: Urine | Units: umol/L | Info: 
50280-7,3-Hydroxytetradecanoylcarnitine (C14-OH) [Moles/volume] in Cerebral spinal fluid,Test: 3-Hydroxytetradecanoylcarnitine (C14-OH) | System: CSF | Units: umol/L | Info: 
50281-5,3-Hydroxytetradecanoylcarnitine (C14-OH) [Moles/volume] in DBS,Test: 3-Hydroxytetradecanoylcarnitine (C14-OH) | System: Bld.dot | Units: umol/L | Info: 
50282-3,3-Hydroxytetradecanoylcarnitine (C14-OH) [Moles/volume] in Amniotic fluid,Test: 3-Hydroxytetradecanoylcarnitine (C14-OH) | System: Amnio fld | Units: umol/L | Info: 
50284-9,3-Hydroxytetradecanoylcarnitine (C14-OH)/Creatinine [Molar ratio] in Urine,Test: 3-Hydroxytetradecanoylcarnitine (C14-OH)/Creatinine | System: Urine | Units: umol/mmol creatinine | Info: 
50300-3,6-Hydroxyheptanoate [Moles/volume] in Urine,Test: 6-Hydroxyheptanoate | System: Urine | Units: umol/L | Info: 
50301-1,Adipoylcarnitine+Methylglutarylcarnitine (C6-DC) [Moles/volume] in Urine,Test: Adipoylcarnitine+Methylglutarylcarnitine (C6-DC) | System: Urine | Units: umol/L | Info: 
50302-9,Adipoylcarnitine+Methylglutarylcarnitine (C6-DC) [Moles/volume] in Amniotic fluid,Test: Adipoylcarnitine+Methylglutarylcarnitine (C6-DC) | System: Amnio fld | Units: umol/L | Info: 
50303-7,Adipoylcarnitine+Methylglutarylcarnitine (C6-DC) [Moles/volume] in Cerebral spinal fluid,Test: Adipoylcarnitine+Methylglutarylcarnitine (C6-DC) | System: CSF | Units: umol/L | Info: 
50304-5,Adipoylcarnitine+Methylglutarylcarnitine (C6-DC) [Moles/volume] in DBS,Test: Adipoylcarnitine+Methylglutarylcarnitine (C6-DC) | System: Bld.dot | Units: umol/L | Info: 
50305-2,Adipoylcarnitine+Methylglutarylcarnitine (C6-DC)/Creatinine [Molar ratio] in Urine,Test: Adipoylcarnitine+Methylglutarylcarnitine (C6-DC)/Creatinine | System: Urine | Units: umol/mmol creatinine | Info: 
50306-0,Allantoine [Moles/volume] in Urine,Test: Allantoine | System: Urine | Units: mmol/L | Info: 
50336-7,Beta cortolone/Cortisol [Mass Ratio] in Urine,Test: Beta cortolone/Cortisol | System: Urine | Units: mg/g | Info: 
100840-8,IgE [Units/volume] in Body fluid,Test: IgE | System: Body fld | Units: UI/mL | Info: 
50377-1,von Willebrand factor (vWf).collagen binding activity actual/normal in Platelet poor plasma by Immunoassay,Test: von Willebrand factor.collagen binding activity actual/Normal | System: PPP | Units: % | Info: 
100914-1,Protein.abnormal band [Mass/volume] in Serum or Plasma by Electrophoresis,Test: Protein.abnormal band | System: Ser/Plas | Units: g/L | Info: 
50379-7,Creatinine dialysis fluid clearance/1.73 sq M,Test: Creatinine dialysis fluid clearance/1.73 sq M | System: Dial fld+Ser/Plas | Units: mL/min | Info: 
50380-5,"Creatinine renal clearance/1.73 sq M.predicted among females by Cockcroft-Gault formula, BSA formula",Test: Creatinine renal clearance/1.73 sq M.predicted.female | System: Ser/Plas | Units: mL/min | Info: 
50381-3,"Creatinine renal clearance/1.73 sq M.predicted among males by Cockcroft-Gault formula, BSA formula",Test: Creatinine renal clearance/1.73 sq M.predicted.male | System: Ser/Plas | Units: mL/min | Info: 
50392-0,3-Keto n-Valerate [Moles/volume] in Cerebral spinal fluid,Test: 3-Keto n-Valerate | System: CSF | Units: umol/L | Info: 
50393-8,3-Keto n-Valerate/Creatinine [Molar ratio] in Urine,Test: 3-Keto n-Valerate/Creatinine | System: Urine | Units: umol/mmol creatinine | Info: 
50394-6,Adenine phosphoribosyltransferase [Enzymatic activity/mass] in Chorionic villus sample,Test: Adenine phosphoribosyltransferase | System: CVS | Units: nmol/min/mg Hb | Info: 
50395-3,Adenosine deaminase [Enzymatic activity/mass] in Chorionic villus sample,Test: Adenosine deaminase | System: CVS | Units: nmol/min/mg protein | Info: 
50408-4,Protein.abnormal band/Protein.total in Urine by Electrophoresis,Test: Protein.abnormal band/Protein.total | System: Urine | Units: % | Info: 
50409-2,Cholesterol in HDL 2+3 [Mass/volume] in Serum or Plasma,Test: Cholesterol.in HDL 2+3 | System: Ser/Plas | Units: mg/dL | Info: 
50550-3,Malondialdehyde.free [Moles/volume] in Plasma,Test: Malondialdehyde.free | System: Plas | Units: umol/L | Info: 
50590-9,Adenine phosphoribosyltransferase [Enzymatic activity/mass] in Trophoblasts,Test: Adenine phosphoribosyltransferase | System: Trophoblasts | Units: nmol/min/mg Hb | Info: 
50591-7,Adenosine deaminase [Enzymatic activity/mass] in Trophoblasts,Test: Adenosine deaminase | System: Trophoblasts | Units: nmol/min/mg protein | Info: 
50610-5,Alpha-1-Fetoprotein [Multiple of the median] adjusted for multiple gestations in Serum or Plasma,Test: Alpha-1-Fetoprotein^^adjusted for multiple gestations | System: Ser/Plas | Units: M.o.M | Info: 
50618-8,Phosphatidylcholine.saturated/Surfactant.total in Amniotic fluid,Test: Phosphatidylcholine.saturated/Surfactant.total | System: Amnio fld | Units: % | Info: 
50644-4,Tetrahydrocorticosterone/Creatinine [Mass Ratio] in Urine,Test: Tetrahydrocorticosterone/Creatinine | System: Urine | Units: ug/g creatinine | Info: 
50645-1,Tetrahydrocortisol/Creatinine [Mass Ratio] in Urine,Test: Tetrahydrocortisol/Creatinine | System: Urine | Units: ug/g creatinine | Info: 
100976-0,Eosinophil derived neurotoxin [Mass/volume] in Serum or Plasma,Test: Eosinophil derived neurotoxin | System: Ser/Plas | Units: ng/mL | Info: 
50685-7,Somatotropin [Mass/time] in 24 hour Urine,Test: Somatotropin | System: Urine | Units: ng/24 H | Info: 
50748-3,Alpha-2-Macroglobulin/Creatinine [Mass Ratio] in Urine,Test: Alpha-2-Macroglobulin/Creatinine | System: Urine | Units: mg/g creatinine | Info: 
50756-6,Creatine kinase [Mass/volume] in Blood,Test: Creatine kinase | System: Bld | Units: ng/mL | Info: 
50757-4,Creatine kinase.total/Creatine kinase.MB [Enzymatic activity ratio] in Blood,Test: Creatine kinase.total/Creatine kinase.MB | System: Bld | Units: U/U | Info: 
50775-6,Cancer Ag 125 [Units/volume] in Cerebral spinal fluid,Test: Cancer Ag 125 | System: CSF | Units: arb U/L | Info: 
50776-4,Cancer Ag 15-3 [Units/volume] in Cerebral spinal fluid,Test: Cancer Ag 15-3 | System: CSF | Units: arb U/L | Info: 
50777-2,Cancer Ag 15-3 [Units/volume] in Pericardial fluid,Test: Cancer Ag 15-3 | System: Pericard fld | Units: arb U/L | Info: 
50778-0,Cancer Ag 15-3 [Units/volume] in Peritoneal fluid,Test: Cancer Ag 15-3 | System: Periton fld | Units: arb U/L | Info: 
50779-8,Cancer Ag 19-9 [Units/volume] in Cerebral spinal fluid,Test: Cancer Ag 19-9 | System: CSF | Units: arb U/L | Info: 
50780-6,Cancer Ag 19-9 [Units/volume] in Pericardial fluid,Test: Cancer Ag 19-9 | System: Pericard fld | Units: arb U/L | Info: 
50781-4,Cancer Ag 19-9 [Units/volume] in Peritoneal fluid,Test: Cancer Ag 19-9 | System: Periton fld | Units: arb U/L | Info: 
50782-2,Cancer Ag 27-29 [Units/volume] in Cerebral spinal fluid,Test: Cancer Ag 27-29 | System: CSF | Units: arb U/L | Info: 
50792-1,Protein.monoclonal band 3/Protein.total in Serum or Plasma by Electrophoresis,Test: Protein.monoclonal band 3/Protein.total | System: Ser/Plas | Units: % | Info: 
50793-9,Protein.monoclonal band 4/Protein.total in Serum or Plasma by Electrophoresis,Test: Protein.monoclonal band 4/Protein.total | System: Ser/Plas | Units: % | Info: 
50796-2,Protein.monoclonal band 3 [Mass/volume] in Serum or Plasma by Electrophoresis,Test: Protein.monoclonal band 3 | System: Ser/Plas | Units: g/L | Info: 
50797-0,Protein.monoclonal band 4 [Mass/volume] in Serum or Plasma by Electrophoresis,Test: Protein.monoclonal band 4 | System: Ser/Plas | Units: g/L | Info: 
50799-6,7-Dehydrocholesterol [Moles/volume] in Body fluid,Test: 7-Dehydrocholesterol | System: Body fld | Units: umol/L | Info: 
50820-0,Base excess in Capillary blood from Fetus by calculation,Test: Base excess | System: BldC^Fetus | Units: mmol/L | Info: 
50836-6,Calcium [Moles/mass] in Hair,Test: Calcium | System: Hair | Units: umol/g | Info: 
50837-4,Calcium.ionized [Moles/volume] in Body fluid,Test: Calcium.ionized | System: Body fld | Units: mmol/L | Info: 
50838-2,Calcium.ionized [Moles/volume] adjusted to pH 7.4 in Body fluid,Test: Calcium.ionized^^adjusted to pH 7.4 | System: Body fld | Units: mmol/L | Info: 
50840-8,Cholesterol in HDL [Moles/volume] in Body fluid,Test: Cholesterol.in HDL | System: Body fld | Units: mmol/L | Info: 
50858-0,Hydrogen ion [Moles/volume] in Mixed venous cord blood,Test: Hydrogen ion | System: BldCoMV | Units: nmol/L | Info: 
50859-8,Hydrogen ion [Moles/volume] in Venous cord blood,Test: Hydrogen ion | System: BldCoV | Units: nmol/L | Info: 
50860-6,Hydrogen ion [Moles/volume] in Arterial cord blood,Test: Hydrogen ion | System: BldCoA | Units: nmol/L | Info: 
50861-4,Hydrogen ion [Moles/volume] in Capillary blood,Test: Hydrogen ion | System: BldC | Units: nmol/L | Info: 
50862-2,Hydrogen ion [Moles/volume] in Cord blood,Test: Hydrogen ion | System: BldCo | Units: nmol/L | Info: 
50863-0,Hydrogen ion [Moles/volume] in Blood,Test: Hydrogen ion | System: Bld | Units: nmol/L | Info: 
50864-8,Hydrogen ion [Moles/volume] in Venous blood,Test: Hydrogen ion | System: BldV | Units: nmol/L | Info: 
50865-5,Hydrogen ion [Moles/volume] in Serum or Plasma,Test: Hydrogen ion | System: Ser/Plas | Units: nmol/L | Info: 
50868-9,Iodine [Moles/mass] in Hair,Test: Iodine | System: Hair | Units: nmol/g | Info: 
50888-7,Nitrogen [Moles/time] in 24 hour Body fluid,Test: Nitrogen | System: Body fld | Units: mmol/D | Info: 
50898-6,Phosphate [Moles/mass] in Hair,Test: Phosphate | System: Hair | Units: umol/g | Info: 
50902-6,Potassium [Moles/mass] in Hair,Test: Potassium | System: Hair | Units: umol/g | Info: 
50911-7,Sodium [Moles/volume] in Gastric fluid,Test: Sodium | System: Gast fld | Units: mmol/L | Info: 
50912-5,Sodium [Moles/mass] in Hair,Test: Sodium | System: Hair | Units: umol/g | Info: 
50916-6,Sucrose [Moles/volume] in Urine,Test: Sucrose | System: Urine | Units: mmol/L | Info: 
50932-3,Uroporphyrin/Porphyrins.total in 24 hour Urine,Test: Uroporphyrin/Porphyrins.total | System: Urine | Units: % | Info: 
50965-3,Gamma hydroxybutyrate cutoff [Mass/volume] in Serum or Plasma,Test: Gamma hydroxybutyrate cutoff | System: Ser/Plas | Units: ug/mL | Info: 
50981-0,Carbon dioxide [Partial pressure] adjusted to patient's actual temperature in Mixed venous blood,Test: Carbon dioxide^^adjusted to patient's actual temperature | System: BldMV | Units: mm Hg | Info: 
100988-5,Phosphoglucomutase [Enzymatic activity/volume] in Fibroblast,Test: Phosphoglucomutase | System: Fibroblasts | Units: U/L | Info: 
100989-3,Phosphoglucomutase [Enzymatic activity/volume] in Leukocytes,Test: Phosphoglucomutase | System: WBC | Units: U/L | Info: 
100996-8,Neurofilament light chain [Mass/volume] in Cerebral spinal fluid,Test: Neurofilament light chain | System: CSF | Units: ng/L | Info: 
101153-5,Chemokine (C-C motif) ligand 14 [Mass/volume] in Urine by Immunoassay,Test: Chemokine (C-C motif) ligand 14 | System: Urine | Units: pg/mL | Info: 
101154-3,Calprotectin [Mass/volume] in Serum or Plasma,Test: Calprotectin | System: Ser/Plas | Units: mg/L | Info: 
101170-9,Soluble urokinase plasminogen activator receptor [Mass/volume] in Serum or Plasma,Test: Soluble urokinase plasminogen activator receptor | System: Ser/Plas | Units: ng/mL | Info: 
51002-4,Lipoprotein midband A [Mass/volume] in Serum or Plasma,Test: Lipoprotein midband A | System: Ser/Plas | Units: mg/dL | Info: 
51003-2,Lipoprotein midband B [Mass/volume] in Serum or Plasma,Test: Lipoprotein midband B | System: Ser/Plas | Units: mg/dL | Info: 
51004-0,Lipoprotein midband C [Mass/volume] in Serum or Plasma,Test: Lipoprotein midband C | System: Ser/Plas | Units: mg/dL | Info: 
51213-7,Acetaminophen crystals [#/area] in Urine sediment by Microscopy high power field,Test: Acetaminophen crystals | System: Urine sed | Units: /HPF | Info: 
51406-7,Immunoglobulin light chains.free [Mass/time] in 24 hour Urine,Test: Immunoglobulin light chains.free | System: Urine | Units: g/d | Info: 
51412-5,"3-Hydroxyisovalerylcarnitine+2-Methyl,3-Hydroxybutyrylcarnitine (C5-OH) [Moles/volume] in Serum or Plasma","Test: 3-Hydroxyisovalerylcarnitine+2-Methyl,3-Hydroxybutyrylcarnitine (C5-OH) | System: Ser/Plas | Units: umol/L | Info: "
51413-3,Butyrylcarnitine+Isobutyrylcarnitine (C4) [Moles/volume] in Serum or Plasma,Test: Butyrylcarnitine+Isobutyrylcarnitine (C4) | System: Ser/Plas | Units: umol/L | Info: 
51414-1,Glutarylcarnitine (C5-DC)+3-Hydroxydecanoylcarnitine (C10-OH) [Moles/volume] in Serum or Plasma,Test: Glutarylcarnitine (C5-DC)+3-Hydroxydecanoylcarnitine (C10-OH) | System: Ser/Plas | Units: umol/L | Info: 
51415-8,Methylmalonylcarnitine+Succinylcarnitine (C4-DC) [Moles/volume] in Serum or Plasma,Test: Methylmalonylcarnitine+Succinylcarnitine (C4-DC) | System: Ser/Plas | Units: umol/L | Info: 
51416-6,Tiglylcarnitine (C5:1) [Moles/volume] in Serum or Plasma,Test: Tiglylcarnitine (C5:1) | System: Ser/Plas | Units: umol/L | Info: 
51417-4,Coproporphyrin/Porphyrins.total in 24 hour Urine,Test: Coproporphyrin/Porphyrins.total | System: Urine | Units: % | Info: 
51419-0,Sodium [Moles/volume] corrected for glucose in Serum or Plasma,Test: Sodium^^corrected for glucose | System: Ser/Plas | Units: mmol/L | Info: 
51435-6,Protein.monoclonal band 1 [Mass/volume] in Serum or Plasma by Electrophoresis,Test: Protein.monoclonal band 1 | System: Ser/Plas | Units: g/L | Info: 
101174-1,17-Hydroxyprogesterone [Mass/volume] in Saliva (oral fluid),Test: 17-Hydroxyprogesterone | System: Saliva | Units: pg/mL | Info: 
101175-8,3-Methoxytyramine.free/Creatinine [Molar ratio] in Serum or Plasma,Test: 3-Methoxytyramine.free/Creatinine | System: Ser/Plas | Units: umol/mol | Info: 
101176-6,Normetanephrine Free/Creatinine [Molar ratio] in Serum or Plasma,Test: Normetanephrine.free/Creatinine | System: Ser/Plas | Units: umol/mol | Info: 
101177-4,Metanephrine Free/Creatinine [Molar ratio] in Serum or Plasma,Test: Metanephrine.free/Creatinine | System: Ser/Plas | Units: umol/mol | Info: 
101179-0,Immunoglobulin light chains.free/Protein.total in 24 hour Urine,Test: Immunoglobulin light chains.free/Protein.total | System: Urine | Units: % | Info: 
101199-8,Protein.monoclonal band 5/Protein.total in Serum or Plasma by Electrophoresis,Test: Protein.monoclonal band 5/Protein.total | System: Ser/Plas | Units: % | Info: 
101200-4,Protein.monoclonal band 6/Protein.total in Serum or Plasma by Electrophoresis,Test: Protein.monoclonal band 6/Protein.total | System: Ser/Plas | Units: % | Info: 
101256-6,Silica clotting time of Platelet poor plasma,Test: Silica clotting time | System: PPP | Units: % | Info: 
51505-6,Creatine kinase.BB [Enzymatic activity/volume] in Cerebral spinal fluid by Electrophoresis,Test: Creatine kinase.BB | System: CSF | Units: arb U/L | Info: 
51506-4,Creatine kinase.MB [Enzymatic activity/volume] in Cerebral spinal fluid by Electrophoresis,Test: Creatine kinase.MB | System: CSF | Units: arb U/L | Info: 
51507-2,Creatine kinase.MM [Enzymatic activity/volume] in Cerebral spinal fluid by Electrophoresis,Test: Creatine kinase.MM | System: CSF | Units: arb U/L | Info: 
51508-0,Lactate dehydrogenase 1/Lactate dehydrogenase.total in Pleural fluid by Electrophoresis,Test: Lactate dehydrogenase 1/Lactate dehydrogenase.total | System: Plr fld | Units: % | Info: 
51509-8,Lactate dehydrogenase 1/Lactate dehydrogenase.total in Peritoneal fluid by Electrophoresis,Test: Lactate dehydrogenase 1/Lactate dehydrogenase.total | System: Periton fld | Units: % | Info: 
51510-6,Lactate dehydrogenase 1/Lactate dehydrogenase.total in Cerebral spinal fluid by Electrophoresis,Test: Lactate dehydrogenase 1/Lactate dehydrogenase.total | System: CSF | Units: % | Info: 
51511-4,Lactate dehydrogenase 2/Lactate dehydrogenase.total in Cerebral spinal fluid by Electrophoresis,Test: Lactate dehydrogenase 2/Lactate dehydrogenase.total | System: CSF | Units: % | Info: 
51512-2,Lactate dehydrogenase 2/Lactate dehydrogenase.total in Pleural fluid by Electrophoresis,Test: Lactate dehydrogenase 2/Lactate dehydrogenase.total | System: Plr fld | Units: % | Info: 
51513-0,Lactate dehydrogenase 2/Lactate dehydrogenase.total in Peritoneal fluid by Electrophoresis,Test: Lactate dehydrogenase 2/Lactate dehydrogenase.total | System: Periton fld | Units: % | Info: 
51514-8,Lactate dehydrogenase 3/Lactate dehydrogenase.total in Pleural fluid by Electrophoresis,Test: Lactate dehydrogenase 3/Lactate dehydrogenase.total | System: Plr fld | Units: % | Info: 
51515-5,Lactate dehydrogenase 3/Lactate dehydrogenase.total in Peritoneal fluid by Electrophoresis,Test: Lactate dehydrogenase 3/Lactate dehydrogenase.total | System: Periton fld | Units: % | Info: 
51516-3,Lactate dehydrogenase 3/Lactate dehydrogenase.total in Cerebral spinal fluid by Electrophoresis,Test: Lactate dehydrogenase 3/Lactate dehydrogenase.total | System: CSF | Units: % | Info: 
51517-1,Lactate dehydrogenase 4/Lactate dehydrogenase.total in Peritoneal fluid by Electrophoresis,Test: Lactate dehydrogenase 4/Lactate dehydrogenase.total | System: Periton fld | Units: % | Info: 
51518-9,Lactate dehydrogenase 4/Lactate dehydrogenase.total in Pleural fluid by Electrophoresis,Test: Lactate dehydrogenase 4/Lactate dehydrogenase.total | System: Plr fld | Units: % | Info: 
51519-7,Lactate dehydrogenase 4/Lactate dehydrogenase.total in Cerebral spinal fluid by Electrophoresis,Test: Lactate dehydrogenase 4/Lactate dehydrogenase.total | System: CSF | Units: % | Info: 
51520-5,Lactate dehydrogenase 5/Lactate dehydrogenase.total in Peritoneal fluid by Electrophoresis,Test: Lactate dehydrogenase 5/Lactate dehydrogenase.total | System: Periton fld | Units: % | Info: 
51521-3,Lactate dehydrogenase 5/Lactate dehydrogenase.total in Pleural fluid by Electrophoresis,Test: Lactate dehydrogenase 5/Lactate dehydrogenase.total | System: Plr fld | Units: % | Info: 
51522-1,Lactate dehydrogenase 5/Lactate dehydrogenase.total in Cerebral spinal fluid by Electrophoresis,Test: Lactate dehydrogenase 5/Lactate dehydrogenase.total | System: CSF | Units: % | Info: 
51590-8,Chloride [Moles/volume] in Capillary blood,Test: Chloride | System: BldC | Units: mmol/L | Info: 
51618-7,Potassium [Moles/volume] in Serum or Plasma --pre dialysis,Test: Potassium^pre dialysis | System: Ser/Plas | Units: mmol/L | Info: 
51619-5,Creatinine [Moles/volume] in Serum or Plasma --pre dialysis,Test: Creatinine^pre dialysis | System: Ser/Plas | Units: mmol/L | Info: 
51620-3,Creatinine [Moles/volume] in Serum or Plasma --post dialysis,Test: Creatinine^post dialysis | System: Ser/Plas | Units: mmol/L | Info: 
51693-0,Albumin [Mass/volume] in Pericardial fluid,Test: Albumin | System: Pericard fld | Units: g/dL | Info: 
51696-3,Corticotropin [Mass/volume] in Plasma --afternoon specimen,Test: Corticotropin^afternoon specimen | System: Plas | Units: pg/mL | Info: 
51731-8,Oxygen saturation Calculated from oxygen partial pressure in Venous blood,Test: Oxygen saturation | System: BldV | Units: % | Info: 
51732-6,Oxygen saturation Calculated from oxygen partial pressure in Capillary blood,Test: Oxygen saturation | System: BldC | Units: % | Info: 
51751-6,Pyruvate [Moles/volume] in Venous blood,Test: Pyruvate | System: BldV | Units: umol/L | Info: 
51799-5,Adenosine deaminase [Enzymatic activity/volume] in Synovial fluid,Test: Adenosine deaminase | System: Synv fld | Units: arb U/L | Info: 
51831-6,Beta-2 transferrin [Mass/volume] in Body fluid,Test: Beta-2 transferrin | System: Body fld | Units: pg/mL | Info: 
51835-7,Angiotensin converting enzyme [Enzymatic activity/volume] in Pleural fluid,Test: Angiotensin converting enzyme | System: Plr fld | Units: arb U/L | Info: 
51950-4,Calcium [Mass/volume] in Serum or Plasma --post dialysis,Test: Calcium^post dialysis | System: Ser/Plas | Units: mg/dL | Info: 
101257-4,Silica clotting time W excess phospholipid actual/normal of Platelet poor plasma,Test: Silica clotting time.excess phospholipid actual/Normal | System: PPP | Units: % | Info: 
101281-4,Neurofilament light chain [Mass/volume] in Serum or Plasma by Immunoassay,Test: Neurofilament light chain | System: Ser/Plas | Units: pg/mL | Info: 
52752-3,Coag.tissue factor induced.PIVKA insensitive actual/normal in Capillary blood by Coagulation assay,Test: Coagulation actual/normal | System: BldC | Units: % | Info: 
52754-9,Kininogen HMW activity actual/normal in Platelet poor plasma by Coagulation assay,Test: Kininogen.high molecular weight activity actual/Normal | System: PPP | Units: % | Info: 
52759-8,Prekallikrein (Fletcher Factor) activity actual/normal in Platelet poor plasma by Coagulation assay,Test: Prekallikrein activity actual/Normal | System: PPP | Units: % | Info: 
52778-8,Maximum clot firmness [Length] in Blood by Thromboelastography,Test: Maximum clot firmness | System: Bld | Units: mm | Info: 
52784-6,Maximum lysis [Length fraction] in Blood by Thromboelastography,Test: Maximum lysis | System: Bld | Units: % | Info: 
52911-5,Magnesium [Moles/mass] in Tissue,Test: Magnesium | System: Tiss | Units: umol/g | Info: 
53046-9,Beta globulin+Gamma globulin [Mass/volume] in Body fluid by Electrophoresis,Test: Beta globulin+Gamma globulin | System: Body fld | Units: g/L | Info: 
53047-7,Chromogranin A [Mass/volume] in Body fluid,Test: Chromogranin A | System: Body fld | Units: ug/L | Info: 
53048-5,Ferritin [Mass/volume] in Body fluid,Test: Ferritin | System: Body fld | Units: ug/L | Info: 
53050-1,Glucose [Mass/volume] in Total parental nutrition,Test: Glucose | System: TPN | Units: g/L | Info: 
53051-9,Beta globulin+Gamma globulin/Protein.total in Body fluid by Electrophoresis,Test: Beta globulin+Gamma globulin/Protein.total | System: Body fld | Units: % | Info: 
53054-3,Carnitine free (C0) [Moles/volume] in Amniotic fluid,Test: Carnitine.free (C0) | System: Amnio fld | Units: umol/L | Info: 
53055-0,Creatine [Moles/volume] in Amniotic fluid,Test: Creatine | System: Amnio fld | Units: umol/L | Info: 
53056-8,Decanoylcarnitine (C10) [Moles/volume] in Amniotic fluid,Test: Decanoylcarnitine (C10) | System: Amnio fld | Units: umol/L | Info: 
53057-6,Decenoylcarnitine (C10:1) [Moles/volume] in Amniotic fluid,Test: Decenoylcarnitine (C10:1) | System: Amnio fld | Units: umol/L | Info: 
53058-4,Dodecanoylcarnitine (C12) [Moles/volume] in Amniotic fluid,Test: Dodecanoylcarnitine (C12) | System: Amnio fld | Units: umol/L | Info: 
53059-2,Dodecenoylcarnitine (C12:1) [Moles/volume] in Amniotic fluid,Test: Dodecenoylcarnitine (C12:1) | System: Amnio fld | Units: umol/L | Info: 
53060-0,Butyrylcarnitine (C4) [Moles/volume] in Amniotic fluid,Test: Butyrylcarnitine (C4) | System: Amnio fld | Units: umol/L | Info: 
53061-8,Ketones [Moles/volume] in Blood,Test: Ketones | System: Bld | Units: mmol/L | Info: 
53062-6,Argininosuccinate [Moles/volume] in DBS,Test: Argininosuccinate | System: Bld.dot | Units: umol/L | Info: 
53063-4,Beta alanine [Moles/volume] in DBS,Test: Beta alanine | System: Bld.dot | Units: umol/L | Info: 
53064-2,Beta aminoisobutyrate [Moles/volume] in DBS,Test: Beta aminoisobutyrate | System: Bld.dot | Units: umol/L | Info: 
53065-9,Butyrylcarnitine (C4) [Moles/volume] in DBS,Test: Butyrylcarnitine (C4) | System: Bld.dot | Units: umol/L | Info: 
53066-7,Cystathionine [Moles/volume] in DBS,Test: Cystathionine | System: Bld.dot | Units: umol/L | Info: 
53067-5,Argininosuccinate [Moles/volume] in Body fluid,Test: Argininosuccinate | System: Body fld | Units: umol/L | Info: 
53068-3,Beta alanine [Moles/volume] in Body fluid,Test: Beta alanine | System: Body fld | Units: umol/L | Info: 
53069-1,Cystathionine [Moles/volume] in Body fluid,Test: Cystathionine | System: Body fld | Units: umol/L | Info: 
53070-9,Butyrylcarnitine (C4) [Moles/volume] in Cerebral spinal fluid,Test: Butyrylcarnitine (C4) | System: CSF | Units: umol/L | Info: 
101375-4,Troponin I.cardiac [Mass concentration difference] in Serum or Plasma by Calculation --2H post baseline measurement,Test: Troponin I.cardiac^2H post baseline measurement | System: Ser/Plas | Units: pg/mL | Info: 
53072-5,Carnitine free (C0) [Moles/volume] in Cerebral spinal fluid,Test: Carnitine.free (C0) | System: CSF | Units: umol/L | Info: 
53073-3,Ceruloplasmin [Moles/volume] in Cerebral spinal fluid,Test: Ceruloplasmin | System: CSF | Units: umol/L | Info: 
53074-1,Creatine [Moles/volume] in Cerebral spinal fluid,Test: Creatine | System: CSF | Units: umol/L | Info: 
53075-8,Decanoylcarnitine (C10) [Moles/volume] in Cerebral spinal fluid,Test: Decanoylcarnitine (C10) | System: CSF | Units: umol/L | Info: 
53076-6,Decenoylcarnitine (C10:1) [Moles/volume] in Cerebral spinal fluid,Test: Decenoylcarnitine (C10:1) | System: CSF | Units: umol/L | Info: 
53078-2,Dodecanoylcarnitine (C12) [Moles/volume] in Cerebral spinal fluid,Test: Dodecanoylcarnitine (C12) | System: CSF | Units: umol/L | Info: 
53079-0,Dodecenoylcarnitine (C12:1) [Moles/volume] in Cerebral spinal fluid,Test: Dodecenoylcarnitine (C12:1) | System: CSF | Units: umol/L | Info: 
53080-8,Cystine [Moles/mass] in Chorionic villus sample,Test: Cystine | System: CVS | Units: nmol/min/mg protein | Info: 
53081-6,Ammonia [Moles/volume] in Dialysis fluid,Test: Ammonia | System: Dial fld | Units: umol/L | Info: 
53082-4,Cholesterol [Moles/volume] in Dialysis fluid,Test: Cholesterol | System: Dial fld | Units: mmol/L | Info: 
53083-2,Bilirubin.conjugated [Moles/volume] in Dialysis fluid,Test: Bilirubin.glucuronidated | System: Dial fld | Units: umol/L | Info: 
53084-0,Glucose [Moles/volume] in Nonbiological fluid,Test: Glucose | System: Flu.nonbiological | Units: mmol/L | Info: 
53085-7,Base excess in Nonbiological fluid by calculation,Test: Base excess | System: Flu.nonbiological | Units: mmol/L | Info: 
53086-5,Bicarbonate [Moles/volume] in Nonbiological fluid,Test: Bicarbonate | System: Flu.nonbiological | Units: mmol/L | Info: 
53087-3,Calcium.ionized [Moles/volume] adjusted to pH 7.4 in Nonbiological fluid,Test: Calcium.ionized^^adjusted to pH 7.4 | System: Flu.nonbiological | Units: mmol/L | Info: 
53088-1,Calcium.ionized [Moles/volume] in Nonbiological fluid by Ion-selective membrane electrode (ISE),Test: Calcium.ionized | System: Flu.nonbiological | Units: mmol/L | Info: 
53089-9,"Carbon dioxide, total [Moles/volume] in Nonbiological fluid by calculation",Test: Carbon dioxide | System: Flu.nonbiological | Units: mmol/L | Info: 
53095-6,Carnitine free (C0)/Carnitine.total in DBS,Test: Carnitine.free (C0)/Carnitine.total | System: Bld.dot | Units: % | Info: 
53096-4,Carnitine free (C0)/Carnitine.total in Cerebral spinal fluid,Test: Carnitine.free (C0)/Carnitine.total | System: CSF | Units: % | Info: 
53099-8,Chloride [Moles/volume] in Total parental nutrition,Test: Chloride | System: TPN | Units: mmol/L | Info: 
53101-2,Kynurenate [Moles/volume] in Urine,Test: Kynurenate | System: Urine | Units: nmol/L | Info: 
53102-0,Decanoylcarnitine (C10) [Moles/volume] in Urine,Test: Decanoylcarnitine (C10) | System: Urine | Units: umol/L | Info: 
53103-8,Decenoylcarnitine (C10:1) [Moles/volume] in Urine,Test: Decenoylcarnitine (C10:1) | System: Urine | Units: umol/L | Info: 
53104-6,Dodecenoylcarnitine (C12:1) [Moles/volume] in Urine,Test: Dodecenoylcarnitine (C12:1) | System: Urine | Units: umol/L | Info: 
53105-3,3-Hydroxybutyrylcarnitine (C4-OH) [Moles/volume] in Urine,Test: 3-Hydroxybutyrylcarnitine (C4-OH) | System: Urine | Units: umol/L | Info: 
53106-1,Butyrylcarnitine (C4) [Moles/volume] in Urine,Test: Butyrylcarnitine (C4) | System: Urine | Units: umol/L | Info: 
53107-9,Kynurenate/Creatinine [Molar ratio] in Urine,Test: Kynurenate/Creatinine | System: Urine | Units: nmol/mmol creatinine | Info: 
53108-7,Decenoylcarnitine (C10:1)/Creatinine [Molar ratio] in Urine,Test: Decenoylcarnitine (C10:1)/Creatinine | System: Urine | Units: umol/mmol creatinine | Info: 
53109-5,Docosenoate (C22:1)/Creatinine [Molar ratio] in Urine,Test: Docosenoate/Creatinine | System: Urine | Units: umol/mmol creatinine | Info: 
53111-1,Butyrylcarnitine (C4)/Creatinine [Molar ratio] in Urine,Test: Butyrylcarnitine (C4)/Creatinine | System: Urine | Units: umol/mmol creatinine | Info: 
53112-9,Carnitine free (C0)/Carnitine.total in Amniotic fluid,Test: Carnitine.free (C0)/Carnitine.total | System: Amnio fld | Units: % | Info: 
53116-0,Base deficit in Mixed venous blood,Test: Base deficit | System: BldMV | Units: mmol/L | Info: 
53128-5,Bacterial casts [#/area] in Urine sediment by Microscopy low power field,Test: Bacterial casts | System: Urine sed | Units: /LPF | Info: 
53133-5,Cholesterol in LDL [Moles/volume] in Body fluid,Test: Cholesterol.in LDL | System: Body fld | Units: mmol/L | Info: 
53135-0,Cholesterol in HDL [Moles/volume] in Dialysis fluid,Test: Cholesterol.in HDL | System: Dial fld | Units: mmol/L | Info: 
53138-4,Calcium.ionized [Moles/volume] adjusted to pH 7.4 in Arterial blood,Test: Calcium.ionized^^adjusted to pH 7.4 | System: BldA | Units: nmol/L | Info: 
53139-2,Calcium.ionized [Moles/volume] adjusted to pH 7.4 in Capillary blood,Test: Calcium.ionized^^adjusted to pH 7.4 | System: BldC | Units: nmol/L | Info: 
53140-0,Calcium.ionized [Moles/volume] adjusted to pH 7.4 in Venous blood,Test: Calcium.ionized^^adjusted to pH 7.4 | System: BldV | Units: nmol/L | Info: 
53143-4,Hydrogen ion [Moles/volume] in Mixed venous blood,Test: Hydrogen ion | System: BldMV | Units: nmol/L | Info: 
53150-9,Alanine+Beta Alanine+Sarcosine [Moles/volume] in DBS,Test: Alanine+Beta Alanine+Sarcosine | System: Bld.dot | Units: umol/L | Info: 
53151-7,Valine/Phenylalanine [Molar ratio] in DBS,Test: Valine/Phenylalanine | System: Bld.dot | Units: Ratio | Info: 
53152-5,Alloisoleucine+Isoleucine+Leucine+Hydroxyproline [Moles/volume] in DBS,Test: Alloisoleucine+Isoleucine+Leucine+Hydroxyproline | System: Bld.dot | Units: umol/L | Info: 
53153-3,Alloisoleucine+Isoleucine+Leucine+Hydroxyproline/Phenylalanine [Molar ratio] in DBS,Test: Alloisoleucine+Isoleucine+Leucine+Hydroxyproline/Phenylalanine | System: Bld.dot | Units: Ratio | Info: 
53154-1,Alloisoleucine+Isoleucine+Leucine+Hydroxyproline/Alanine [Molar ratio] in DBS,Test: Alloisoleucine+Isoleucine+Leucine+Hydroxyproline/Alanine | System: Bld.dot | Units: Ratio | Info: 
53155-8,Asparagine+Ornithine [Moles/volume] in DBS,Test: Asparagine+Ornithine | System: Bld.dot | Units: umol/L | Info: 
53156-6,Methionine/Phenylalanine [Molar ratio] in DBS,Test: Methionine/Phenylalanine | System: Bld.dot | Units: Ratio | Info: 
53157-4,Citrulline/Phenylalanine [Molar ratio] in DBS,Test: Citrulline/Phenylalanine | System: Bld.dot | Units: Ratio | Info: 
53158-2,Homocitrulline [Moles/volume] in DBS,Test: Homocitrulline | System: Bld.dot | Units: umol/L | Info: 
53159-0,Tryptophan [Moles/volume] in DBS,Test: Tryptophan | System: Bld.dot | Units: umol/L | Info: 
53160-8,Propionylcarnitine (C3) [Moles/volume] in DBS,Test: Propionylcarnitine (C3) | System: Bld.dot | Units: umol/L | Info: 
53161-6,Propionylcarnitine (C3)/Methionine [Molar ratio] in DBS,Test: Propionylcarnitine (C3)/Methionine | System: Bld.dot | Units: Ratio | Info: 
53162-4,Propionylcarnitine (C3)/Carnitine.free (C0) [Molar ratio] in DBS,Test: Propionylcarnitine (C3)/Carnitine.free (C0) | System: Bld.dot | Units: Ratio | Info: 
53163-2,Propionylcarnitine (C3)/Acetylcarnitine (C2) [Molar ratio] in DBS,Test: Propionylcarnitine (C3)/Acetylcarnitine (C2) | System: Bld.dot | Units: Ratio | Info: 
53164-0,Propionylcarnitine (C3)/Palmitoylcarnitine (C16) [Molar ratio] in DBS,Test: Propionylcarnitine (C3)/Palmitoylcarnitine (C16) | System: Bld.dot | Units: Ratio | Info: 
53165-7,Formiminoglutamate [Moles/volume] in DBS,Test: Formiminoglutamate | System: Bld.dot | Units: umol/L | Info: 
53166-5,Butyrylcarnitine+Isobutyrylcarnitine (C4) [Moles/volume] in DBS,Test: Butyrylcarnitine+Isobutyrylcarnitine (C4) | System: Bld.dot | Units: umol/L | Info: 
53167-3,Butyrylcarnitine+Isobutyrylcarnitine (C4)/Acetylcarnitine (C2) [Molar ratio] in DBS,Test: Butyrylcarnitine+Isobutyrylcarnitine (C4)/Acetylcarnitine (C2) | System: Bld.dot | Units: Ratio | Info: 
53168-1,Butyrylcarnitine+Isobutyrylcarnitine (C4)/Propionylcarnitine (C3) [Molar ratio] in DBS,Test: Butyrylcarnitine+Isobutyrylcarnitine (C4)/Propionylcarnitine (C3) | System: Bld.dot | Units: Ratio | Info: 
53169-9,Butyrylcarnitine+Isobutyrylcarnitine (C4)/Octanoylcarnitine (C8) [Molar ratio] in DBS,Test: Butyrylcarnitine+Isobutyrylcarnitine (C4)/Octanoylcarnitine (C8) | System: Bld.dot | Units: Ratio | Info: 
53170-7,Tiglylcarnitine (C5:1) [Moles/volume] in DBS,Test: Tiglylcarnitine (C5:1) | System: Bld.dot | Units: umol/L | Info: 
53171-5,3-Hydroxyisovalerylcarnitine (C5-OH)/Carnitine.free (C0) [Molar ratio] in DBS,Test: 3-Hydroxyisovalerylcarnitine (C5-OH)/Carnitine.free (C0) | System: Bld.dot | Units: Ratio | Info: 
53172-3,3-Hydroxyisovalerylcarnitine (C5-OH)/Octanoylcarnitine (C8) [Molar ratio] in DBS,Test: 3-Hydroxyisovalerylcarnitine (C5-OH)/Octanoylcarnitine (C8) | System: Bld.dot | Units: Ratio | Info: 
53173-1,3-Hydroxyhexanoylcarnitine (C6-OH) [Moles/volume] in DBS,Test: 3-Hydroxyhexanoylcarnitine (C6-OH) | System: Bld.dot | Units: umol/L | Info: 
53174-9,Octenoylcarnitine (C8:1) [Moles/volume] in DBS,Test: Octenoylcarnitine (C8:1) | System: Bld.dot | Units: umol/L | Info: 
53175-6,Octanoylcarnitine (C8) [Moles/volume] in DBS,Test: Octanoylcarnitine (C8) | System: Bld.dot | Units: umol/L | Info: 
53176-4,Octanoylcarnitine (C8)/Acetylcarnitine (C2) [Molar ratio] in DBS,Test: Octanoylcarnitine (C8)/Acetylcarnitine (C2) | System: Bld.dot | Units: Ratio | Info: 
53177-2,Octanoylcarnitine (C8)/Decanoylcarnitine (C10) [Molar ratio] in DBS,Test: Octanoylcarnitine (C8)/Decanoylcarnitine (C10) | System: Bld.dot | Units: Ratio | Info: 
53178-0,3-Hydroxyoctanoylcarnitine (C8-OH)+Malonylcarnitine (C3-DC) [Moles/volume] in DBS,Test: 3-Hydroxyoctanoylcarnitine (C8-OH)+Malonylcarnitine (C3-DC) | System: Bld.dot | Units: umol/L | Info: 
53179-8,3-Hydroxyoctanoylcarnitine (C8-OH)+Malonylcarnitine (C3-DC)/Decanoylcarnitine (C10) [Molar ratio] in DBS,Test: 3-Hydroxyoctanoylcarnitine (C8-OH)+Malonylcarnitine (C3-DC)/Decanoylcarnitine (C10) | System: Bld.dot | Units: Ratio | Info: 
53180-6,Decadienoylcarnitine (C10:2) [Moles/volume] in DBS,Test: Decadienoylcarnitine (C10:2) | System: Bld.dot | Units: umol/L | Info: 
53181-4,Methylmalonylcarnitine (C4-DC)/3-Hydroxyisovalerylcarnitine (C5-OH) [Molar ratio] in DBS,Test: Methylmalonylcarnitine (C4-DC)/3-Hydroxyisovalerylcarnitine (C5-OH) | System: Bld.dot | Units: Ratio | Info: 
53182-2,3-Hydroxydecenoylcarnitine (C10:1-OH) [Moles/volume] in DBS,Test: 3-Hydroxydecenoylcarnitine (C10:1-OH) | System: Bld.dot | Units: umol/L | Info: 
53183-0,Glutarylcarnitine (C5-DC)+3-Hydroxydecanoylcarnitine (C10-OH) [Moles/volume] in DBS,Test: Glutarylcarnitine (C5-DC)+3-Hydroxydecanoylcarnitine (C10-OH) | System: Bld.dot | Units: umol/L | Info: 
53184-8,Glutarylcarnitine (C5-DC)+3-Hydroxydecanoylcarnitine (C10-OH)/3-Hydroxyisovalerylcarnitine (C5-OH) [Molar ratio] in DBS,Test: Glutarylcarnitine (C5-DC)+3-Hydroxydecanoylcarnitine (C10-OH)/3-Hydroxyisovalerylcarnitine (C5-OH) | System: Bld.dot | Units: Ratio | Info: 
53185-5,Glutarylcarnitine (C5-DC)+3-Hydroxydecanoylcarnitine (C10-OH)/Octanoylcarnitine (C8) [Molar ratio] in DBS,Test: Glutarylcarnitine (C5-DC)+3-Hydroxydecanoylcarnitine (C10-OH)/Octanoylcarnitine (C8) | System: Bld.dot | Units: Ratio | Info: 
53186-3,Glutarylcarnitine (C5-DC)+3-Hydroxydecanoylcarnitine (C10-OH)/Palmitoylcarnitine (C16) [Molar ratio] in DBS,Test: Glutarylcarnitine (C5-DC)+3-Hydroxydecanoylcarnitine (C10-OH)/Palmitoylcarnitine (C16) | System: Bld.dot | Units: Ratio | Info: 
53187-1,Methylglutarylcarnitine (C6-DC) [Moles/volume] in DBS,Test: Methylglutarylcarnitine (C6-DC) | System: Bld.dot | Units: umol/L | Info: 
53188-9,3-Hydroxydodecenoylcarnitine (C12:1-OH) [Moles/volume] in DBS,Test: 3-Hydroxydodecenoylcarnitine (C12:1-OH) | System: Bld.dot | Units: umol/L | Info: 
53189-7,3-Hydroxydodecanoylcarnitine (C12-OH) [Moles/volume] in DBS,Test: 3-Hydroxydodecanoylcarnitine (C12-OH) | System: Bld.dot | Units: umol/L | Info: 
53190-5,Tetradecadienoylcarnitine (C14:2) [Moles/volume] in DBS,Test: Tetradecadienoylcarnitine (C14:2) | System: Bld.dot | Units: umol/L | Info: 
53191-3,Tetradecenoylcarnitine (C14:1) [Moles/volume] in DBS,Test: Tetradecenoylcarnitine (C14:1) | System: Bld.dot | Units: umol/L | Info: 
53192-1,Tetradecanoylcarnitine (C14) [Moles/volume] in DBS,Test: Tetradecanoylcarnitine (C14) | System: Bld.dot | Units: umol/L | Info: 
53193-9,Tetradecenoylcarnitine (C14:1)/Acetylcarnitine (C2) [Molar ratio] in DBS,Test: Tetradecenoylcarnitine (C14:1)/Acetylcarnitine (C2) | System: Bld.dot | Units: Ratio | Info: 
53194-7,Tetradecenoylcarnitine (C14:1)/Dodecenoylcarnitine (C12:1) [Molar ratio] in DBS,Test: Tetradecenoylcarnitine (C14:1)/Dodecenoylcarnitine (C12:1) | System: Bld.dot | Units: Ratio | Info: 
53195-4,Tetradecenoylcarnitine (C14:1)/Palmitoylcarnitine (C16) [Molar ratio] in DBS,Test: Tetradecenoylcarnitine (C14:1)/Palmitoylcarnitine (C16) | System: Bld.dot | Units: Ratio | Info: 
53196-2,3-Hydroxytetradecadienoylcarnitine (C14:2-OH) [Moles/volume] in DBS,Test: 3-Hydroxytetradecadienoylcarnitine (C14:2-OH) | System: Bld.dot | Units: umol/L | Info: 
53197-0,3-Hydroxytetradecenoylcarnitine (C14:1-OH) [Moles/volume] in DBS,Test: 3-Hydroxytetradecenoylcarnitine (C14:1-OH) | System: Bld.dot | Units: umol/L | Info: 
53198-8,Palmitoleylcarnitine (C16:1) [Moles/volume] in DBS,Test: Palmitoleylcarnitine (C16:1) | System: Bld.dot | Units: umol/L | Info: 
53199-6,Palmitoylcarnitine (C16) [Moles/volume] in DBS,Test: Palmitoylcarnitine (C16) | System: Bld.dot | Units: umol/L | Info: 
53200-2,Argininosuccinate/Arginine [Molar ratio] in DBS,Test: Argininosuccinate/Arginine | System: Bld.dot | Units: Ratio | Info: 
53201-0,3-Hydroxypalmitoylcarnitine (C16-OH)/Palmitoylcarnitine (C16) [Molar ratio] in DBS,Test: 3-Hydroxypalmitoylcarnitine (C16-OH)/Palmitoylcarnitine (C16) | System: Bld.dot | Units: Ratio | Info: 
53202-8,Oleoylcarnitine (C18:1) [Moles/volume] in DBS,Test: Oleoylcarnitine (C18:1) | System: Bld.dot | Units: umol/L | Info: 
101434-9,2-Ketobutyrate [Moles/volume] in Serum or Plasma,Test: 2-Ketobutyrate | System: Ser/Plas | Units: nmol/mL | Info: 
101443-0,Soluble urokinase plasminogen activator receptor [Mass/volume] in Plasma,Test: Soluble urokinase plasminogen activator receptor | System: Plas | Units: ug/L | Info: 
101446-3,Creatine kinase.MB [Moles/volume] in Serum or Plasma by Immunoassay,Test: Creatine Kinase.MB | System: Ser/Plas | Units: nmol/L | Info: 
101475-2,Creatinine [Moles/volume] in Venous blood,Test: Creatinine | System: BldV | Units: umol/L | Info: 
101543-7,"Tumor necrosis factor ligand superfamily member 10 [Mass/volume] in Serum, Plasma or Blood",Test: Tumor necrosis factor ligand superfamily member 10 | System: Ser/Plas/Bld | Units: pg/mL | Info: 
101648-4,14-3-3 Ag [Mass/volume] in Cerebral spinal fluid by Immunoassay,Test: 14-3-3 Ag | System: CSF | Units: ng/mL | Info: 
101734-2,Sodium Urate crystals [Energy Difference] in 24 hour Urine,Test: Sodium Urate crystals | System: Urine | Units: Delta G (kJ/mol) | Info: 
101735-9,Urate crystals [Energy Difference] in 24 hour Urine,Test: Urate crystals | System: Urine | Units: kJ/mol | Info: 
101752-4,Tau protein/Tau protein.phosphorilated 181 [Mass Ratio] in Cerebral spinal fluid,Test: Tau protein/Tau protein.phosphorilated 181 | System: CSF | Units: % | Info: 
101824-1,Aspartylglucosaminidase [Enzymatic activity/mass] in Serum or Plasma,Test: Aspartylglucosaminidase | System: Ser/Plas | Units: nmol/mg | Info: 
101831-6,Beclomethasone dipropionate [Moles/volume] in Serum or Plasma,Test: Beclomethasone dipropionate | System: Ser/Plas | Units: mmol/L | Info: 
53222-6,Coagulation factor XI activity [Units/volume] in Platelet poor plasma by Coagulation assay,Test: Coagulation factor XI activity | System: PPP | Units: arb U/mL | Info: 
53232-5,5-Oxoproline+Pipecolate [Moles/volume] in DBS,Test: 5-Oxoproline+Pipecolate | System: Bld.dot | Units: umol/L | Info: 
53233-3,Carnitine free (C0)/Palmitoylcarnitine (C16) [Molar ratio] in DBS,Test: Carnitine.free (C0)/Palmitoylcarnitine (C16) | System: Bld.dot | Units: Ratio | Info: 
53234-1,Carnitine free (C0)/Stearoylcarnitine (C18) [Molar ratio] in DBS,Test: Carnitine.free (C0)/Stearoylcarnitine (C18) | System: Bld.dot | Units: Ratio | Info: 
53235-8,Carnitine free (C0)/Palmitoylcarnitine (C16)+Stearoylcarnitine (C18) [Molar ratio] in DBS,Test: Carnitine.free (C0)/Palmitoylcarnitine (C16)+Stearoylcarnitine (C18) | System: Bld.dot | Units: Ratio | Info: 
53236-6,Carnitine.free (C0)+Acetylcarnitine (C2)+Propionylcarnitine (C3)+Palmitoylcarnitine (C16)+Oleoylcarnitine (C18:1)+Stearoylcarnitine (C18)/Citrulline [Molar ratio] in DBS,Test: Carnitine.free (C0)+Acetylcarnitine (C2)+Propionylcarnitine (C3)+Palmitoylcarnitine (C16)+Oleoylcarnitine (C18:1)+Stearoylcarnitine (C18)/Citrulline | System: Bld.dot | Units: Ratio | Info: 
53237-4,Acrylylcarnitine (C3:1) [Moles/volume] in DBS,Test: Acrylylcarnitine (C3:1) | System: Bld.dot | Units: umol/L | Info: 
53238-2,Isovalerylcarnitine+Methylbutyrylcarnitine (C5)/Carnitine.free (C0) [Molar ratio] in DBS,Test: Isovalerylcarnitine+Methylbutyrylcarnitine (C5)/Carnitine.free (C0) | System: Bld.dot | Units: Ratio | Info: 
53239-0,Isovalerylcarnitine+Methylbutyrylcarnitine (C5)/Acetylcarnitine (C2) [Molar ratio] in DBS,Test: Isovalerylcarnitine+Methylbutyrylcarnitine (C5)/Acetylcarnitine (C2) | System: Bld.dot | Units: Ratio | Info: 
53240-8,Isovalerylcarnitine+Methylbutyrylcarnitine (C5)/Propionylcarnitine (C3) [Molar ratio] in DBS,Test: Isovalerylcarnitine+Methylbutyrylcarnitine (C5)/Propionylcarnitine (C3) | System: Bld.dot | Units: Ratio | Info: 
53241-6,Stearoylcarnitine (C18) [Moles/volume] in DBS,Test: Stearoylcarnitine (C18) | System: Bld.dot | Units: umol/L | Info: 
53265-5,Yeast.hyphae [#/volume] in Urine by Computer assisted method,Test: Yeast.hyphae | System: Urine | Units: /uL | Info: 
53266-3,Yeast.budding [#/volume] in Urine by Computer assisted method,Test: Yeast.budding | System: Urine | Units: /uL | Info: 
53283-8,Mixed cellular casts [#/volume] in Urine by Computer assisted method,Test: Mixed cellular casts | System: Urine | Units: /uL | Info: 
53284-6,Broad casts [#/volume] in Urine by Computer assisted method,Test: Broad casts | System: Urine | Units: /uL | Info: 
53287-9,Epithelial casts [#/volume] in Urine by Computer assisted method,Test: Epithelial casts | System: Urine | Units: /uL | Info: 
53296-0,Calcium oxalate crystals [#/volume] in Urine by Computer assisted method,Test: Calcium oxalate crystals | System: Urine | Units: /uL | Info: 
53297-8,Crystals unspecified [#/volume] in Urine by Computer assisted method,Test: Crystals unspecified | System: Urine | Units: /uL | Info: 
53298-6,Triple phosphate crystals [#/volume] in Urine by Computer assisted method,Test: Triple phosphate crystals | System: Urine | Units: /uL | Info: 
53299-4,Calcium phosphate crystals [#/volume] in Urine by Computer assisted method,Test: Calcium phosphate crystals | System: Urine | Units: /uL | Info: 
53300-0,Leucine crystals [#/volume] in Urine by Computer assisted method,Test: Leucine crystals | System: Urine | Units: /uL | Info: 
53302-6,Calcium carbonate crystals [#/volume] in Urine by Computer assisted method,Test: Calcium carbonate crystals | System: Urine | Units: /uL | Info: 
53303-4,Cystine crystals [#/volume] in Urine by Computer assisted method,Test: Cystine crystals | System: Urine | Units: /uL | Info: 
53304-2,Tyrosine crystals [#/volume] in Urine by Computer assisted method,Test: Tyrosine crystals | System: Urine | Units: /uL | Info: 
53323-2,Casts type not specified [#/volume] in Urine by Computer assisted method,Test: Casts type not specified | System: Urine | Units: /uL | Info: 
53331-5,Crystals.amorphous [#/volume] in Urine by Computer assisted method,Test: Crystals.amorphous | System: Urine | Units: /uL | Info: 
53336-4,17-Hydroxyprogesterone+Androstenedione/Cortisol [Mass Ratio] in DBS,Test: 17-Hydroxyprogesterone+Androstenedione/Cortisol | System: Bld.dot | Units: ng/ng | Info: 
53338-0,11-Deoxycortisol [Mass/volume] in DBS,Test: 11-Deoxycortisol | System: Bld.dot | Units: ug/dL | Info: 
53341-4,21-Deoxycortisol [Mass/volume] in DBS,Test: 21-Deoxycortisol | System: Bld.dot | Units: ug/dL | Info: 
53343-0,Androstenedione [Mass/volume] in DBS,Test: Androstenedione | System: Bld.dot | Units: ng/dL | Info: 
53345-5,Cortisol [Mass/volume] in DBS,Test: Cortisol | System: Bld.dot | Units: ug/dL | Info: 
53347-1,11-Deoxycorticosterone [Mass/volume] in DBS,Test: 11-Deoxycorticosterone | System: Bld.dot | Units: ng/dL | Info: 
53349-7,Thyroxine (T4) free [Mass/volume] in DBS,Test: Thyroxine.free | System: Bld.dot | Units: ng/dL | Info: 
53352-1,Oval fat bodies (globules) [#/volume] in Urine by Computer assisted method,Test: Oval fat bodies (globules) | System: Urine | Units: /uL | Info: 
53355-4,Trichomonas sp [#/volume] in Urine by Computer assisted method,Test: Trichomonas sp | System: Urine | Units: /uL | Info: 
53356-2,Fat [#/volume] in Urine by Computer assisted method,Test: Fat | System: Urine | Units: /uL | Info: 
53360-4,Erythrocyte clumps [#/volume] in Urine by Computer assisted method,Test: Erythrocyte clumps | System: Urine | Units: /uL | Info: 
53392-7,Proline/Phenylalanine [Molar ratio] in DBS,Test: Proline/Phenylalanine | System: Bld.dot | Units: molar ratio | Info: 
53393-5,Alloisoleucine+Isoleucine+Leucine+Hydroxyproline+Valine/Phenylalanine+Tyrosine [Molar ratio] in DBS,Test: Alloisoleucine+Isoleucine+Leucine+Hydroxyproline+Valine/Phenylalanine+Tyrosine | System: Bld.dot | Units: molar ratio | Info: 
53394-3,5-Oxoproline+Pipecolate/Phenylalanine [Molar ratio] in DBS,Test: 5-Oxoproline+Pipecolate/Phenylalanine | System: Bld.dot | Units: molar ratio | Info: 
53395-0,Asparagine+Ornithine/Serine [Molar ratio] in DBS,Test: Asparagine+Ornithine/Serine | System: Bld.dot | Units: molar ratio | Info: 
53396-8,Asparagine+Ornithine/Phenylalanine [Molar ratio] in DBS,Test: Asparagine+Ornithine/Phenylalanine | System: Bld.dot | Units: molar ratio | Info: 
53397-6,Methionine/Alloisoleucine+Isoleucine+Leucine+Hydroxyproline [Molar ratio] in DBS,Test: Methionine/Alloisoleucine+Isoleucine+Leucine+Hydroxyproline | System: Bld.dot | Units: molar ratio | Info: 
53398-4,Arginine/Phenylalanine [Molar ratio] in DBS,Test: Arginine/Phenylalanine | System: Bld.dot | Units: molar ratio | Info: 
53399-2,Citrulline/Tyrosine [Molar ratio] in DBS,Test: Citrulline/Tyrosine | System: Bld.dot | Units: molar ratio | Info: 
53400-8,Stearoylcarnitine (C18)/Propionylcarnitine (C3) [Molar ratio] in DBS,Test: Stearoylcarnitine (C18)/Propionylcarnitine (C3) | System: Bld.dot | Units: molar ratio | Info: 
53401-6,Isovalerylcarnitine+Methylbutyrylcarnitine (C5)/Octanoylcarnitine (C8) [Molar ratio] in DBS,Test: Isovalerylcarnitine+Methylbutyrylcarnitine (C5)/Octanoylcarnitine (C8) | System: Bld.dot | Units: molar ratio | Info: 
53402-4,3-Hydroxyoctanoylcarnitine (C8-OH)+Malonylcarnitine (C3-DC)/Butyrylcarnitine+Isobutyrylcarnitine (C4) [Molar ratio] in DBS,Test: 3-Hydroxyoctanoylcarnitine (C8-OH)+Malonylcarnitine (C3-DC)/Butyrylcarnitine+Isobutyrylcarnitine (C4) | System: Bld.dot | Units: molar ratio | Info: 
53403-2,Glutarylcarnitine (C5-DC)+3-Hydroxydecanoylcarnitine (C10-OH)/Butyrylcarnitine+Isobutyrylcarnitine (C4) [Molar ratio] in DBS,Test: Glutarylcarnitine (C5-DC)+3-Hydroxydecanoylcarnitine (C10-OH)/Butyrylcarnitine+Isobutyrylcarnitine (C4) | System: Bld.dot | Units: molar ratio | Info: 
53416-4,Alpha naphthylesterase [Enzymatic activity/volume] in Blood,Test: Alpha naphthylesterase | System: Bld | Units: arb U/L | Info: 
53432-1,Gamma glutamyl transferase [Enzymatic activity/volume] in Dialysis fluid,Test: Gamma glutamyl transferase | System: Dial fld | Units: arb U/L | Info: 
53433-9,Creatine kinase [Enzymatic activity/volume] in Dialysis fluid,Test: Creatine kinase | System: Dial fld | Units: arb U/L | Info: 
53434-7,Carnitine palmitoyltransferase 2 [Enzymatic activity/mass] in Amniotic fluid cells,Test: Carnitine palmitoyltransferase 2 | System: Amnio fld cells | Units: nmol/min/mg protein | Info: 
53435-4,Argininosuccinate lyase [Enzymatic activity/mass] in Chorionic villus sample,Test: Argininosuccinate lyase | System: CVS | Units: nmol/min/mg protein | Info: 
53436-2,Carnitine palmitoyltransferase 2 [Enzymatic activity/mass] in Chorionic villus sample,Test: Carnitine palmitoyltransferase 2 | System: CVS | Units: nmol/min/mg protein | Info: 
53437-0,Carnitine palmitoyltransferase 1 [Enzymatic activity/mass] in Fibroblast,Test: Carnitine palmitoyltransferase 1 | System: Fibroblasts | Units: nmol/min/mg protein | Info: 
53438-8,Carnitine palmitoyltransferase 2 [Enzymatic activity/mass] in Fibroblast,Test: Carnitine palmitoyltransferase 2 | System: Fibroblasts | Units: nmol/min/mg protein | Info: 
53439-6,Argininosuccinate lyase [Enzymatic activity/mass] in Liver from Fetus,Test: Argininosuccinate lyase | System: Liver^Fetus | Units: nmol/min/mg protein | Info: 
53440-4,Argininosuccinate synthase [Enzymatic activity/mass] in Liver from Fetus,Test: Argininosuccinate synthase | System: Liver^Fetus | Units: nmol/min/mg protein | Info: 
53441-2,Carnitine palmitoyltransferase 1 [Enzymatic activity/mass] in Leukocytes,Test: Carnitine palmitoyltransferase 1 | System: WBC | Units: nmol/min/mg protein | Info: 
53442-0,Carnitine palmitoyltransferase 2 [Enzymatic activity/mass] in Leukocytes,Test: Carnitine palmitoyltransferase 2 | System: WBC | Units: nmol/min/mg protein | Info: 
53443-8,Carnitine palmitoyltransferase 2 [Enzymatic activity/mass] in Control Leukocytes,Test: Carnitine palmitoyltransferase 2 | System: WBC^Control | Units: nmol/min/mg protein | Info: 
53444-6,Citrate synthase [Enzymatic activity/mass] in Control Leukocytes,Test: Citrate synthase | System: WBC^Control | Units: nmol/min/mg protein | Info: 
53452-9,Gamma 3 globulin.abnormal band [Mass/volume] in Serum or Plasma by Electrophoresis,Test: Gamma 3 globulin.abnormal band | System: Ser/Plas | Units: g/L | Info: 
53457-8,Gamma 3 globulin.abnormal band/Protein.total in Serum or Plasma by Electrophoresis,Test: Gamma 3 globulin.abnormal band/Protein.total | System: Ser/Plas | Units: % | Info: 
53459-4,Decadienoylcarnitine (C10:2) [Moles/volume] in Amniotic fluid,Test: Decadienoylcarnitine (C10:2) | System: Amnio fld | Units: umol/L | Info: 
53460-2,Sebacylcarnitine (C10-DC) [Moles/volume] in Amniotic fluid,Test: Sebacylcarnitine (C10-DC) | System: Amnio fld | Units: umol/L | Info: 
53461-0,Eicosanoylcarnitine (C20) [Moles/volume] in Amniotic fluid,Test: Eicosanoylcarnitine (C20) | System: Amnio fld | Units: umol/L | Info: 
53462-8,Eicosanoylcarnitine (C20) [Moles/volume] in DBS,Test: Eicosanoylcarnitine (C20) | System: Bld.dot | Units: umol/L | Info: 
53463-6,Beta aminoisobutyrate [Moles/volume] in Body fluid,Test: Beta aminoisobutyrate | System: Body fld | Units: umol/L | Info: 
53464-4,Decadienoylcarnitine (C10:2) [Moles/volume] in Cerebral spinal fluid,Test: Decadienoylcarnitine (C10:2) | System: CSF | Units: umol/L | Info: 
53465-1,Sebacylcarnitine (C10-DC) [Moles/volume] in Cerebral spinal fluid,Test: Sebacylcarnitine (C10-DC) | System: CSF | Units: umol/L | Info: 
53466-9,Eicosanoylcarnitine (C20) [Moles/volume] in Cerebral spinal fluid,Test: Eicosanoylcarnitine (C20) | System: CSF | Units: umol/L | Info: 
53467-7,3-Keto n-Valerate [Moles/volume] in Serum or Plasma,Test: 3-Keto n-Valerate | System: Ser/Plas | Units: umol/L | Info: 
53468-5,Anthranilate [Moles/volume] in Serum or Plasma,Test: Anthranilate | System: Ser/Plas | Units: nmol/L | Info: 
53469-3,Kynurenate [Moles/volume] in Serum or Plasma,Test: Kynurenate | System: Ser/Plas | Units: nmol/L | Info: 
53470-1,Kynurenin [Moles/volume] in Serum or Plasma,Test: Kynurenin | System: Ser/Plas | Units: nmol/L | Info: 
53471-9,Decadienoylcarnitine (C10:2) [Moles/volume] in Serum or Plasma,Test: Decadienoylcarnitine (C10:2) | System: Ser/Plas | Units: umol/L | Info: 
53472-7,Sebacylcarnitine (C10-DC) [Moles/volume] in Serum or Plasma,Test: Sebacylcarnitine (C10-DC) | System: Ser/Plas | Units: umol/L | Info: 
53473-5,Eicosanoylcarnitine (C20) [Moles/volume] in Serum or Plasma,Test: Eicosanoylcarnitine (C20) | System: Ser/Plas | Units: umol/L | Info: 
53478-4,Anthranilate [Moles/time] in 24 hour Urine,Test: Anthranilate | System: Urine | Units: nmol/24 H | Info: 
53479-2,Dihydroxycholestanoate [Moles/volume] in Serum or Plasma,Test: Dihydroxycholestanoate | System: Ser/Plas | Units: umol/L | Info: 
53490-9,Kynurenin [Moles/volume] in Urine,Test: Kynurenin | System: Urine | Units: nmol/L | Info: 
53492-5,Decadienoylcarnitine (C10:2) [Moles/volume] in Urine,Test: Decadienoylcarnitine (C10:2) | System: Urine | Units: umol/L | Info: 
53493-3,Sebacylcarnitine (C10-DC) [Moles/volume] in Urine,Test: Sebacylcarnitine (C10-DC) | System: Urine | Units: umol/L | Info: 
53494-1,Eicosanoylcarnitine (C20) [Moles/volume] in Urine,Test: Eicosanoylcarnitine (C20) | System: Urine | Units: umol/L | Info: 
53500-5,Ammonia [Moles/volume] in Water,Test: Ammonia | System: Water | Units: umol/L | Info: 
53501-3,Iron [Moles/volume] in Water,Test: Iron | System: Water | Units: umol/L | Info: 
53504-7,Decanoylcarnitine (C10)/Creatinine [Molar ratio] in Urine,Test: Decanoylcarnitine (C10)/Creatinine | System: Urine | Units: umol/mmol creatinine | Info: 
53505-4,Asparagine/Amino acids.total in Serum or Plasma,Test: Asparagine/Amino acids.total | System: Ser/Plas | Units: % | Info: 
53506-2,Citrulline/Amino acids.total in Plasma,Test: Citrulline/Amino acids.total | System: Plas | Units: % | Info: 
53507-0,Kynurenin/Creatinine [Molar ratio] in Urine,Test: Kynurenin/Creatinine | System: Urine | Units: nmol/mmol creatinine | Info: 
53508-8,Decadienoylcarnitine (C10:2)/Creatinine [Molar ratio] in Urine,Test: Decadienoylcarnitine (C10:2)/Creatinine | System: Urine | Units: umol/mmol creatinine | Info: 
53509-6,Sebacylcarnitine (C10-DC)/Creatinine [Molar ratio] in Urine,Test: Sebacylcarnitine (C10-DC)/Creatinine | System: Urine | Units: umol/mmol creatinine | Info: 
53510-4,Dodecanoylcarnitine (C12)/Creatinine [Molar ratio] in Urine,Test: Dodecanoylcarnitine (C12)/Creatinine | System: Urine | Units: umol/mmol creatinine | Info: 
53511-2,Dodecenoylcarnitine (C12:1)/Creatinine [Molar ratio] in Urine,Test: Dodecenoylcarnitine (C12:1)/Creatinine | System: Urine | Units: umol/mmol creatinine | Info: 
53512-0,Eicosanoylcarnitine (C20)/Creatinine [Molar ratio] in Urine,Test: Eicosanoylcarnitine (C20)/Creatinine | System: Urine | Units: umol/mmol creatinine | Info: 
53513-8,Anthranilate/Creatinine [Molar ratio] in Urine,Test: Anthranilate/Creatinine | System: Urine | Units: nmol/mmol creatinine | Info: 
53514-6,Carnitine palmitoyltransferase 2 [Enzymatic activity/mass] in Control Fibroblast,Test: Carnitine palmitoyltransferase 2 | System: Fibroblasts^Control | Units: nmol/min/mg protein | Info: 
53515-3,Citrate synthase [Enzymatic activity/mass] in Control Fibroblast,Test: Citrate synthase | System: Fibroblasts^Control | Units: nmol/min/mg protein | Info: 
53524-5,Alkaline phosphatase.bile/Alkaline phosphatase.total in Serum or Plasma,Test: Alkaline phosphatase.bile/Alkaline phosphatase.total | System: Ser/Plas | Units: % | Info: 
53526-0,Triglyceride in VLDL [Moles/volume] in Serum or Plasma,Test: Triglyceride.in VLDL | System: Ser/Plas | Units: mmol/L | Info: 
53527-8,Triglyceride in HDL 2 [Moles/volume] in Serum or Plasma,Test: Triglyceride.in HDL 2 | System: Ser/Plas | Units: mmol/L | Info: 
53528-6,Triglyceride in HDL 3 [Moles/volume] in Serum or Plasma,Test: Triglyceride.in HDL 3 | System: Ser/Plas | Units: mmol/L | Info: 
53539-3,Alpha globulin.abnormal band [Mass/volume] in Serum or Plasma by Electrophoresis,Test: Alpha globulin.abnormal band | System: Ser/Plas | Units: g/L | Info: 
53540-1,Alpha globulin.abnormal band/Protein.total in Serum or Plasma by Electrophoresis,Test: Alpha globulin.abnormal band/Protein.total | System: Ser/Plas | Units: % | Info: 
53542-7,Dodeicosanoylcarnitine (C22) [Moles/volume] in Amniotic fluid,Test: Dodeicosanoylcarnitine (C22) | System: Amnio fld | Units: umol/L | Info: 
53543-5,Dodeicosanoylcarnitine (C22) [Moles/volume] in DBS,Test: Dodeicosanoylcarnitine (C22) | System: Bld.dot | Units: umol/L | Info: 
53545-0,Dodeicosanoylcarnitine (C22) [Moles/volume] in Cerebral spinal fluid,Test: Dodeicosanoylcarnitine (C22) | System: CSF | Units: umol/L | Info: 
53546-8,Dodeicosanoylcarnitine (C22) [Moles/volume] in Serum or Plasma,Test: Dodeicosanoylcarnitine (C22) | System: Ser/Plas | Units: umol/L | Info: 
53549-2,Dodeicosanoylcarnitine (C22) [Moles/volume] in Urine,Test: Dodeicosanoylcarnitine (C22) | System: Urine | Units: umol/L | Info: 
53550-0,Fructosamine/Protein [Ratio] in Serum or Plasma,Test: Fructosamine/Protein | System: Ser/Plas | Units: umol/g | Info: 
53552-6,Dodeicosanoylcarnitine (C22)/Creatinine [Molar ratio] in Urine,Test: Dodeicosanoylcarnitine (C22)/Creatinine | System: Urine | Units: umol/mmol creatinine | Info: 
53559-1,Beta-2 transferrin [Mass/volume] in Cerebral spinal fluid,Test: Beta-2 transferrin | System: CSF | Units: pg/mL | Info: 
53561-7,Lactate dehydrogenase/Creatinine [Ratio] in Urine,Test: Lactate dehydrogenase/Creatinine | System: Urine | Units: U/g creatinine | Info: 
53578-1,Alkaline phosphatase.intestinal 2/Alkaline phosphatase.total in Serum or Plasma,Test: Alkaline phosphatase.intestinal 2/Alkaline phosphatase.total | System: Ser/Plas | Units: % | Info: 
53579-9,Alkaline phosphatase.intestinal 3/Alkaline phosphatase.total in Serum or Plasma,Test: Alkaline phosphatase.intestinal 3/Alkaline phosphatase.total | System: Ser/Plas | Units: % | Info: 
53580-7,Galactosylceramidase [Enzymatic activity/mass] in Amniotic fluid cells,Test: Galactosylceramidase | System: Amnio fld cells | Units: nmol/h/mg protein | Info: 
53581-5,Angiotensin converting enzyme [Enzymatic activity/volume] in Peritoneal fluid,Test: Angiotensin converting enzyme | System: Periton fld | Units: arb U/L | Info: 
101879-5,Osmolality of Arterial blood by calculated by sum of electrolytes,Test: Observation | System: BldA | Units: mosm/kg | Info: 
53588-0,Beta globulin+Gamma globulin.abnormal band [Mass/volume] in Serum or Plasma by Electrophoresis,Test: Beta globulin+Gamma globulin.abnormal band | System: Ser/Plas | Units: g/L | Info: 
53589-8,Beta globulin.abnormal band/Protein.total in Serum or Plasma by Electrophoresis,Test: Beta globulin.abnormal band/Protein.total | System: Ser/Plas | Units: % | Info: 
53590-6,Gamma globulin.abnormal band/Protein.total in Serum or Plasma by Electrophoresis,Test: Gamma globulin.abnormal band/Protein.total | System: Ser/Plas | Units: % | Info: 
53591-4,Gamma globulin.abnormal band [Mass/volume] in Serum or Plasma by Electrophoresis,Test: Gamma globulin.abnormal band | System: Ser/Plas | Units: g/L | Info: 
53592-2,Gamma 2 globulin.abnormal band [Mass/volume] in Serum or Plasma by Electrophoresis,Test: Gamma 2 globulin.abnormal band | System: Ser/Plas | Units: g/L | Info: 
53593-0,Gamma 2 globulin.abnormal band/Protein.total in Serum or Plasma by Electrophoresis,Test: Gamma 2 globulin.abnormal band/Protein.total | System: Ser/Plas | Units: % | Info: 
53613-6,Benzoylcarnitine (BzCn) [Moles/volume] in DBS,Test: Benzoylcarnitine (BzCn) | System: Bld.dot | Units: umol/L | Info: 
53622-7,von Willebrand factor (vWf) cleaving protease actual/normal in Platelet poor plasma by Chromogenic method,Test: von Willebrand factor cleaving protease actual/normal | System: PPP | Units: % | Info: 
53624-3,Carnitine esters [Moles/volume] in DBS,Test: Carnitine esters | System: Bld.dot | Units: umol/L | Info: 
53627-6,Chloride [Moles/volume] in Pleural fluid,Test: Chloride | System: Plr fld | Units: mmol/L | Info: 
53629-2,Alpha cortol [Mass/time] in 24 hour Urine,Test: Alpha cortol | System: Urine | Units: ug/24 H | Info: 
53630-0,Alpha cortol/Creatinine [Mass Ratio] in 24 hour Urine,Test: Alpha cortol/Creatinine | System: Urine | Units: ug/g creatinine | Info: 
53634-2,Beta cortol [Mass/time] in 24 hour Urine,Test: Beta cortol | System: Urine | Units: ug/24 H | Info: 
53635-9,Beta cortol/Creatinine [Mass Ratio] in 24 hour Urine,Test: Beta cortol/Creatinine | System: Urine | Units: ug/g creatinine | Info: 
53647-4,Flavin adenine dinucleotide [Mass/volume] in Blood,Test: Flavin adenine dinucleotide | System: Bld | Units: mg/L | Info: 
53648-2,Flavin mononucleotide [Mass/volume] in Blood,Test: Flavin mononucleotide | System: Bld | Units: mg/L | Info: 
53777-9,Cortisone free [Mass/volume] in Urine,Test: Cortisone.free | System: Urine | Units: ug/L | Info: 
53819-9,Thiopurine methyltransferase [Enzymatic activity/volume] in Blood,Test: Thiopurine methyltransferase | System: Bld | Units: arb U/mL | Info: 
53833-0,Myoglobin [Mass/volume] in Blood,Test: Myoglobin | System: Bld | Units: ng/mL | Info: 
53835-5,"1,5-Anhydroglucitol [Mass/volume] in Serum or Plasma","Test: 1,5-Anhydroglucitol | System: Ser/Plas | Units: ug/mL | Info: "
53857-9,Hemoglobin F [Mass/volume] in Blood,Test: Hemoglobin F | System: Bld | Units: g/L | Info: 
53868-6,Glucose tetrasaccharide/Creatinine [Molar ratio] in Urine,Test: Glucose tetrasaccharide/Creatinine | System: Urine | Units: mmol/mol creatinine | Info: 
53920-5,Thyroglobulin [Mass/volume] in Lymph node fine needle aspirate,Test: Thyroglobulin | System: Lymph node.FNA | Units: ng/mL | Info: 
53922-1,Thyroglobulin [Mass/volume] in Tissue fine needle aspirate,Test: Thyroglobulin | System: Tiss.FNA | Units: ng/mL | Info: 
53933-8,Lactate dehydrogenase in pericardial fluid/Lactate dehydrogenase in serum,Test: Lactate dehydrogenase.pericard fld/Lactate dehydrogenase.serum | System: Pericard fld+Ser/Plas | Units: Ratio | Info: 
53934-6,Lactate dehydrogenase in peritoneal fluid/Lactate dehydrogenase in serum,Test: Lactate dehydrogenase.periton fld/Lactate dehydrogenase.serum | System: Periton fld+Ser/Plas | Units: Ratio | Info: 
53957-7,Choriogonadotropin.tumor marker [Mass/volume] in Serum or Plasma,Test: Choriogonadotropin.tumor marker | System: Ser/Plas | Units: ng/mL | Info: 
53960-1,Alpha-1-fetoprotein.tumor marker [Moles/volume] in Serum or Plasma,Test: Alpha-1-Fetoprotein.tumor marker | System: Ser/Plas | Units: umol/L | Info: 
53966-8,Erythrocytes.dysmorphic G1/Erythrocytes in Urine sediment by Light microscopy,Test: Erythrocytes.dysmorphic G1/Erythrocytes | System: Urine sed | Units: % | Info: 
53967-6,Erythrocytes.dysmorphic/Erythrocytes in Urine sediment by Light microscopy,Test: Erythrocytes.dysmorphic/Erythrocytes | System: Urine sed | Units: % | Info: 
54084-9,Galactose [Mass/volume] in DBS,Test: Galactose | System: Bld.dot | Units: mg/dL | Info: 
54092-2,Citrulline/Arginine [Molar ratio] in DBS,Test: Citrulline/Arginine | System: Bld.dot | Units: Ratio | Info: 
101880-3,Osmolality of Venous blood by calculated by sum of electrolytes,Test: Observation | System: BldV | Units: mosm/kg | Info: 
101911-6,Troponin T. cardiac [Mass/volume] in 2 hour 5th generation Serum or Plasma,Test: Troponin T. cardiac 2 Hr 5th generation | System: Ser/Plas | Units: ng/L | Info: 
54238-1,LDL.oxidized [Units/volume] in Serum or Plasma,Test: LDL.oxidized | System: Ser/Plas | Units: arb U/L | Info: 
54278-7,Glutarate [Moles/volume] in Cerebral spinal fluid,Test: Glutarate | System: CSF | Units: umol/L | Info: 
54279-5,Glutarylcarnitine (C5-DC)/Creatinine [Molar ratio] in Urine,Test: Glutarylcarnitine (C5-DC)/Creatinine | System: Urine | Units: umol/mmol creatinine | Info: 
54280-3,Glutarylcarnitine (C5-DC) [Moles/volume] in Cerebral spinal fluid,Test: Glutarylcarnitine (C5-DC) | System: CSF | Units: umol/L | Info: 
54281-1,Glutarylcarnitine (C5-DC) [Moles/volume] in Amniotic fluid,Test: Glutarylcarnitine (C5-DC) | System: Amnio fld | Units: umol/L | Info: 
54282-9,Glutarylcarnitine (C5-DC) [Moles/volume] in Urine,Test: Glutarylcarnitine (C5-DC) | System: Urine | Units: umol/L | Info: 
54283-7,Glycerol [Mass/volume] in Body fluid,Test: Glycerol | System: Body fld | Units: g/L | Info: 
54285-2,Glycerol [Moles/volume] in Urine,Test: Glycerol | System: Urine | Units: mmol/L | Info: 
54286-0,Glycolate [Moles/volume] in Cerebral spinal fluid,Test: Glycolate | System: CSF | Units: umol/L | Info: 
54287-8,Guanidinoacetate [Moles/volume] in Cerebral spinal fluid,Test: Guanidinoacetate | System: CSF | Units: umol/L | Info: 
54288-6,Guanidinoacetate [Moles/volume] in Amniotic fluid,Test: Guanidinoacetate | System: Amnio fld | Units: umol/L | Info: 
54290-2,Heptanoylcarnitine (C7)/Creatinine [Molar ratio] in Urine,Test: Heptanoylcarnitine (C7)/Creatinine | System: Urine | Units: umol/mmol creatinine | Info: 
54291-0,Heptanoylcarnitine (C7) [Moles/volume] in Cerebral spinal fluid,Test: Heptanoylcarnitine (C7) | System: CSF | Units: umol/L | Info: 
54292-8,Heptanoylcarnitine (C7) [Moles/volume] in Amniotic fluid,Test: Heptanoylcarnitine (C7) | System: Amnio fld | Units: umol/L | Info: 
54293-6,Heptanoylcarnitine (C7) [Moles/volume] in Urine,Test: Heptanoylcarnitine (C7) | System: Urine | Units: umol/L | Info: 
54294-4,Fatty acids.very long chain C26:0 (Hexacosanoate)/Creatinine [Molar ratio] in Urine,Test: Fatty acids.very long chain.C26:0/Creatinine | System: Urine | Units: umol/mmol creatinine | Info: 
54295-1,Hexanoylcarnitine (C6)/Creatinine [Molar ratio] in Urine,Test: Hexanoylcarnitine (C6)/Creatinine | System: Urine | Units: umol/mmol creatinine | Info: 
54296-9,Hexanoylcarnitine (C6) [Moles/volume] in Cerebral spinal fluid,Test: Hexanoylcarnitine (C6) | System: CSF | Units: umol/L | Info: 
54297-7,Hexanoylcarnitine (C6) [Moles/volume] in Amniotic fluid,Test: Hexanoylcarnitine (C6) | System: Amnio fld | Units: umol/L | Info: 
54298-5,Hexanoylcarnitine (C6) [Moles/volume] in Urine,Test: Hexanoylcarnitine (C6) | System: Urine | Units: umol/L | Info: 
54299-3,Homocitrulline [Moles/volume] in Amniotic fluid,Test: Homocitrulline | System: Amnio fld | Units: umol/L | Info: 
54300-9,Homocysteine [Moles/volume] in Amniotic fluid,Test: Homocysteine | System: Amnio fld | Units: umol/L | Info: 
54301-7,Homocysteine [Moles/volume] in DBS,Test: Homocysteine | System: Bld.dot | Units: umol/L | Info: 
54302-5,Homocystine [Moles/volume] in DBS,Test: Homocystine | System: Bld.dot | Units: umol/L | Info: 
54303-3,Hydroxylysine [Moles/volume] in DBS,Test: Hydroxylysine | System: Bld.dot | Units: umol/L | Info: 
54304-1,Isobutyrylglycine [Moles/volume] in Urine,Test: Isobutyrylglycine | System: Urine | Units: umol/L | Info: 
54305-8,Isovalerylcarnitine+Methylbutyrylcarnitine (C5) [Moles/volume] in Cerebral spinal fluid,Test: Isovalerylcarnitine+Methylbutyrylcarnitine (C5) | System: CSF | Units: umol/L | Info: 
54306-6,Isovalerylcarnitine+Methylbutyrylcarnitine (C5) [Moles/volume] in Amniotic fluid,Test: Isovalerylcarnitine+Methylbutyrylcarnitine (C5) | System: Amnio fld | Units: umol/L | Info: 
54307-4,Isovalerylcarnitine+Methylbutyrylcarnitine (C5) [Moles/volume] in Urine,Test: Isovalerylcarnitine+Methylbutyrylcarnitine (C5) | System: Urine | Units: umol/L | Info: 
54308-2,Isovalerylglycine [Moles/volume] in Cerebral spinal fluid,Test: Isovalerylglycine | System: CSF | Units: umol/L | Info: 
54310-8,Linoleoylcarnitine (C18:2)/Creatinine [Molar ratio] in Urine,Test: Linoleoylcarnitine (C18:2)/Creatinine | System: Urine | Units: umol/mmol creatinine | Info: 
54311-6,Linoleoylcarnitine (C18:2) [Moles/volume] in Cerebral spinal fluid,Test: Linoleoylcarnitine (C18:2) | System: CSF | Units: umol/L | Info: 
54312-4,Linoleoylcarnitine (C18:2) [Moles/volume] in Amniotic fluid,Test: Linoleoylcarnitine (C18:2) | System: Amnio fld | Units: umol/L | Info: 
54313-2,Linoleoylcarnitine (C18:2) [Moles/volume] in Urine,Test: Linoleoylcarnitine (C18:2) | System: Urine | Units: umol/L | Info: 
54314-0,Malonylcarnitine (C3-DC)/Creatinine [Molar ratio] in Urine,Test: Malonylcarnitine (C3-DC)/Creatinine | System: Urine | Units: umol/mmol creatinine | Info: 
54316-5,Methylmalonylcarnitine (C4-DC)/Creatinine [Molar ratio] in Urine,Test: Methylmalonylcarnitine (C4-DC)/Creatinine | System: Urine | Units: umol/mmol creatinine | Info: 
54317-3,Methylmalonylcarnitine (C4-DC) [Moles/volume] in Cerebral spinal fluid,Test: Methylmalonylcarnitine (C4-DC) | System: CSF | Units: umol/L | Info: 
54318-1,Methylmalonylcarnitine (C4-DC) [Moles/volume] in Amniotic fluid,Test: Methylmalonylcarnitine (C4-DC) | System: Amnio fld | Units: umol/L | Info: 
54319-9,Methylmalonylcarnitine (C4-DC) [Moles/volume] in Urine,Test: Methylmalonylcarnitine (C4-DC) | System: Urine | Units: umol/L | Info: 
54320-7,Octanoylcarnitine (C8)/Creatinine [Molar ratio] in Urine,Test: Octanoylcarnitine (C8)/Creatinine | System: Urine | Units: umol/mmol creatinine | Info: 
54321-5,Octanoylcarnitine (C8) [Moles/volume] in Cerebral spinal fluid,Test: Octanoylcarnitine (C8) | System: CSF | Units: umol/L | Info: 
54322-3,Octanoylcarnitine (C8) [Moles/volume] in Amniotic fluid,Test: Octanoylcarnitine (C8) | System: Amnio fld | Units: umol/L | Info: 
54323-1,Palmitoylcarnitine (C16)/Creatinine [Molar ratio] in Urine,Test: Palmitoylcarnitine (C16)/Creatinine | System: Urine | Units: umol/mmol creatinine | Info: 
54324-9,Palmitoylcarnitine (C16) [Moles/volume] in Cerebral spinal fluid,Test: Palmitoylcarnitine (C16) | System: CSF | Units: umol/L | Info: 
54325-6,Palmitoylcarnitine (C16) [Moles/volume] in Amniotic fluid,Test: Palmitoylcarnitine (C16) | System: Amnio fld | Units: umol/L | Info: 
54326-4,Phosphoethanolamine [Moles/volume] in DBS,Test: Phosphoethanolamine | System: Bld.dot | Units: umol/L | Info: 
54327-2,Pipecolate [Moles/volume] in Cerebral spinal fluid,Test: Pipecolate | System: CSF | Units: umol/L | Info: 
54328-0,Pipecolate [Moles/volume] in DBS,Test: Pipecolate | System: Bld.dot | Units: umol/L | Info: 
54329-8,Propionylcarnitine (C3)/Creatinine [Molar ratio] in Urine,Test: Propionylcarnitine (C3)/Creatinine | System: Urine | Units: umol/mmol creatinine | Info: 
54330-6,Propionylcarnitine (C3) [Moles/volume] in Cerebral spinal fluid,Test: Propionylcarnitine (C3) | System: CSF | Units: umol/L | Info: 
54331-4,Propionylcarnitine (C3) [Moles/volume] in Amniotic fluid,Test: Propionylcarnitine (C3) | System: Amnio fld | Units: umol/L | Info: 
54332-2,Propionylglycine [Moles/volume] in Cerebral spinal fluid,Test: Propionylglycine | System: CSF | Units: umol/L | Info: 
54333-0,Stearoylcarnitine (C18)/Creatinine [Molar ratio] in Urine,Test: Stearoylcarnitine (C18)/Creatinine | System: Urine | Units: umol/mmol creatinine | Info: 
54334-8,Stearoylcarnitine (C18) [Moles/volume] in Cerebral spinal fluid,Test: Stearoylcarnitine (C18) | System: CSF | Units: umol/L | Info: 
54335-5,Stearoylcarnitine (C18) [Moles/volume] in Amniotic fluid,Test: Stearoylcarnitine (C18) | System: Amnio fld | Units: umol/L | Info: 
54336-3,Sulfocysteine [Moles/volume] in Cerebral spinal fluid,Test: Sulfocysteine | System: CSF | Units: umol/L | Info: 
54337-1,Sulfocysteine [Moles/volume] in DBS,Test: Sulfocysteine | System: Bld.dot | Units: umol/L | Info: 
54338-9,Tetradecanoylcarnitine (C14)/Creatinine [Molar ratio] in Urine,Test: Tetradecanoylcarnitine (C14)/Creatinine | System: Urine | Units: umol/mmol creatinine | Info: 
54339-7,Tetradecanoylcarnitine (C14) [Moles/volume] in Cerebral spinal fluid,Test: Tetradecanoylcarnitine (C14) | System: CSF | Units: umol/L | Info: 
54340-5,Tetradecanoylcarnitine (C14) [Moles/volume] in Amniotic fluid,Test: Tetradecanoylcarnitine (C14) | System: Amnio fld | Units: umol/L | Info: 
54341-3,Myristoleate (C14:1)/Creatinine [Molar ratio] in Urine,Test: Myristoleate/Creatinine | System: Urine | Units: umol/mmol creatinine | Info: 
54342-1,Tiglylglycine [Moles/volume] in Cerebral spinal fluid,Test: Tiglylglycine | System: CSF | Units: umol/L | Info: 
54345-4,Acetylcarnitine (C2) [Moles/volume] in Semen,Test: Acetylcarnitine (C2) | System: Semen | Units: umol/L | Info: 
54346-2,Albumin [Mass/volume] in Stool,Test: Albumin | System: Stool | Units: g/L | Info: 
54348-8,Alpha-1-Fetoprotein [Mass/volume] in Cord blood,Test: Alpha-1-Fetoprotein | System: BldCo | Units: ug/L | Info: 
54350-4,Ascorbate+Dehydroascorbate [Moles/volume] in Serum or Plasma,Test: Ascorbate+Dehydroascorbate | System: Ser/Plas | Units: umol/L | Info: 
54355-3,Beta-2-Microglobulin in CSF/Beta-2-Microglobulin in serum,Test: Beta-2-Microglobulin.CSF/Beta-2-Microglobulin.serum | System: Ser+CSF | Units: % | Info: 
54357-9,Beta 2 globulin+Gamma globulin/Protein.total in Urine by Electrophoresis,Test: Beta 2 globulin+Gamma globulin/Protein.total | System: Urine | Units: % | Info: 
54358-7,Beta globulin/Protein.total in Dialysis fluid by Electrophoresis,Test: Beta globulin/Protein.total | System: Dial fld | Units: % | Info: 
54359-5,Bicarbonate [Moles/volume] in Plasma --post dialysis,Test: Bicarbonate^post dialysis | System: Plas | Units: mmol/L | Info: 
54360-3,Bicarbonate [Moles/volume] in Peritoneal fluid,Test: Bicarbonate | System: Periton fld | Units: mmol/L | Info: 
54361-1,Bicarbonate [Moles/volume] in Pleural fluid,Test: Bicarbonate | System: Plr fld | Units: mmol/L | Info: 
54364-5,Calcium [Moles/volume] in Nonbiological fluid,Test: Calcium | System: Flu.nonbiological | Units: mmol/L | Info: 
54365-2,Calcium [Moles/volume] in Cord blood,Test: Calcium | System: BldCo | Units: mmol/L | Info: 
54366-0,Calcium.ionized [Moles/volume] adjusted to pH 7.4 in Cord blood,Test: Calcium.ionized^^adjusted to pH 7.4 | System: BldCo | Units: mmol/L | Info: 
54367-8,Calcium.ionized [Moles/volume] in Cord blood,Test: Calcium.ionized | System: BldCo | Units: mmol/L | Info: 
54368-6,Catalase [Enzymatic activity/volume] in Plasma,Test: Catalase | System: Plas | Units: arb U/L | Info: 
54369-4,Chloride [Moles/volume] in Serum or Plasma --post dialysis,Test: Chloride^post dialysis | System: Ser/Plas | Units: mmol/L | Info: 
54379-3,Cystatin C/Creatinine [Ratio] in Urine,Test: Cystatin C/Creatinine | System: Urine | Units: mg/mmol creatinine | Info: 
54382-7,Cytochrome C oxidase [Enzymatic activity/mass] in Amniotic fluid cells,Test: Cytochrome C oxidase | System: Amnio fld cells | Units: nmol/min/mg protein | Info: 
54383-5,Cytochrome C oxidase [Enzymatic activity/mass] in Fibroblast,Test: Cytochrome C oxidase | System: Fibroblasts | Units: nmol/min/mg protein | Info: 
54384-3,Cytochrome C oxidase [Enzymatic activity/mass] in Amniotic fluid,Test: Cytochrome C oxidase | System: Amnio fld | Units: nmol/min/mg protein | Info: 
54385-0,Dehydroascorbate/Ascorbate in Serum or Plasma,Test: Dehydroascorbate/Ascorbate | System: Ser/Plas | Units: % | Info: 
54386-8,Dehydroascorbate [Moles/volume] in Serum or Plasma,Test: Dehydroascorbate | System: Ser/Plas | Units: umol/L | Info: 
54387-6,Dihydroxycholestanoate [Moles/volume] in Body fluid,Test: Dihydroxycholestanoate | System: Body fld | Units: umol/L | Info: 
54388-4,Dihydroxycholestanoate [Moles/volume] in Urine,Test: Dihydroxycholestanoate | System: Urine | Units: umol/L | Info: 
54389-2,Dodecanoylcarnitine (C12) [Moles/volume] in Urine,Test: Dodecanoylcarnitine (C12) | System: Urine | Units: umol/L | Info: 
54390-0,Fibroblast growth factor 23.intact [Mass/volume] in Serum or Plasma,Test: Fibroblast growth factor 23.intact | System: Ser/Plas | Units: ng/L | Info: 
54391-8,Gamma globulin/Protein.total in Dialysis fluid by Electrophoresis,Test: Gamma globulin/Protein.total | System: Dial fld | Units: % | Info: 
101912-4,Troponin T.cardiac delta [Mass concentration difference] in 2 hour Serum or Plasma,Test: Troponin T.cardiac delta | System: Ser/Plas | Units: ng/L | Info: 
54436-1,Urate dihydrate/Total in Stone,Test: Urate dihydrate/Total | System: Calculus | Units: % | Info: 
54437-9,Sodium urate/Total in Stone by Infrared spectroscopy,Test: Sodium urate/Total | System: Calculus | Units: % | Info: 
54438-7,Cholesterol/Total in Stone,Test: Cholesterol/Total | System: Calculus | Units: % | Info: 
54439-5,Calcium bilirubinate/Total in Stone,Test: Calcium bilirubinate/Total | System: Calculus | Units: % | Info: 
54440-3,Newberyite/Total in Stone,Test: Newberyite/Total | System: Calculus | Units: % | Info: 
54442-9,Carnitine esters/Carnitine.free (C0) [Molar ratio] in Urine,Test: Carnitine esters/Carnitine.free (C0) | System: Urine | Units: umol/mol | Info: 
54445-2,Fatty acids.very long chain.C22:1n9 (Erucate) [Mass/volume] in Serum or Plasma,Test: Fatty acids.very long chain.C22:1n9 | System: Ser/Plas | Units: ug/mL | Info: 
54456-9,Urea reduction ratio in Serum or Plasma,Test: Urea reduction ratio | System: Ser/Plas | Units: % | Info: 
54457-7,Biotinidase [Enzymatic activity/volume] in Serum or Plasma from Normal control,Test: Biotinidase | System: Ser/Plas^Normal control | Units: arb U/L | Info: 
54458-5,Granulocyte colony stimulating factor [Mass/volume] in Serum or Plasma,Test: Granulocyte colony stimulating factor | System: Ser/Plas | Units: pg/mL | Info: 
54459-3,Dicarboxypalmitoylcarnitine (C16-DC)/Creatinine [Molar ratio] in Urine,Test: Dicarboxypalmitoylcarnitine (C16-DC)/Creatinine | System: Urine | Units: umol/mmol creatinine | Info: 
54460-1,Malonylcarnitine (C3-DC) [Moles/volume] in Cerebral spinal fluid,Test: Malonylcarnitine (C3-DC) | System: CSF | Units: umol/L | Info: 
54461-9,Malonylcarnitine (C3-DC) [Moles/volume] in Amniotic fluid,Test: Malonylcarnitine (C3-DC) | System: Amnio fld | Units: umol/L | Info: 
54462-7,Malonylcarnitine (C3-DC) [Moles/volume] in DBS,Test: Malonylcarnitine (C3-DC) | System: Bld.dot | Units: umol/L | Info: 
54463-5,Malonylcarnitine (C3-DC) [Moles/volume] in Urine,Test: Malonylcarnitine (C3-DC) | System: Urine | Units: umol/L | Info: 
54464-3,Albumin/Protein.total in Dialysis fluid by Electrophoresis,Test: Albumin/Protein.total | System: Dial fld | Units: % | Info: 
54465-0,Alpha 1 globulin/Protein.total in Dialysis fluid by Electrophoresis,Test: Alpha 1 globulin/Protein.total | System: Dial fld | Units: % | Info: 
54466-8,Alpha 2 globulin/Protein.total in Dialysis fluid by Electrophoresis,Test: Alpha 2 globulin/Protein.total | System: Dial fld | Units: % | Info: 
54467-6,Cholesterol in HDL 2a/Cholesterol in total HDL in Serum or Plasma by Electrophoresis,Test: Cholesterol.in HDL 2a/Cholesterol.in HDL.total | System: Ser/Plas | Units: % | Info: 
54468-4,Cholesterol in HDL 2b/Cholesterol in total HDL in Serum or Plasma by Electrophoresis,Test: Cholesterol.in HDL 2b/Cholesterol.in HDL.total | System: Ser/Plas | Units: % | Info: 
54469-2,Cholesterol in HDL 3a/Cholesterol in total HDL in Serum or Plasma by Electrophoresis,Test: Cholesterol.in HDL 3a/Cholesterol.in HDL.total | System: Ser/Plas | Units: % | Info: 
54470-0,Cholesterol in HDL 3b/Cholesterol in total HDL in Serum or Plasma by Electrophoresis,Test: Cholesterol.in HDL 3b/Cholesterol.in HDL.total | System: Ser/Plas | Units: % | Info: 
54471-8,Cholesterol in HDL 3c/Cholesterol in total HDL in Serum or Plasma by Electrophoresis,Test: Cholesterol.in HDL 3c/Cholesterol.in HDL.total | System: Ser/Plas | Units: % | Info: 
54472-6,Amylase.macromolecular/Amylase.total in Serum or Plasma,Test: Amylase.macromolecular/Amylase.total | System: Ser/Plas | Units: % | Info: 
54473-4,Pimeloylcarnitine (C7-DC) [Moles/volume] in Cerebral spinal fluid,Test: Pimeloylcarnitine (C7-DC) | System: CSF | Units: umol/L | Info: 
54474-2,Pimeloylcarnitine (C7-DC) [Moles/volume] in Amniotic fluid,Test: Pimeloylcarnitine (C7-DC) | System: Amnio fld | Units: umol/L | Info: 
54475-9,Pimeloylcarnitine (C7-DC) [Moles/volume] in DBS,Test: Pimeloylcarnitine (C7-DC) | System: Bld.dot | Units: umol/L | Info: 
54476-7,Pimeloylcarnitine (C7-DC) [Moles/volume] in Urine,Test: Pimeloylcarnitine (C7-DC) | System: Urine | Units: umol/L | Info: 
54477-5,Dicarboxypalmitoylcarnitine (C16-DC) [Moles/volume] in Cerebral spinal fluid,Test: Dicarboxypalmitoylcarnitine (C16-DC) | System: CSF | Units: umol/L | Info: 
54478-3,Dicarboxypalmitoylcarnitine (C16-DC) [Moles/volume] in Amniotic fluid,Test: Dicarboxypalmitoylcarnitine (C16-DC) | System: Amnio fld | Units: umol/L | Info: 
54480-9,Dicarboxypalmitoylcarnitine (C16-DC) [Moles/volume] in Urine,Test: Dicarboxypalmitoylcarnitine (C16-DC) | System: Urine | Units: umol/L | Info: 
54481-7,Dicarboxystearoylcarnitine (C18-DC)/Creatinine [Molar ratio] in Urine,Test: Dicarboxystearoylcarnitine (C18-DC)/Creatinine | System: Urine | Units: umol/mmol creatinine | Info: 
54482-5,Dicarboxystearoylcarnitine (C18-DC) [Moles/volume] in Cerebral spinal fluid,Test: Dicarboxystearoylcarnitine (C18-DC) | System: CSF | Units: umol/L | Info: 
54483-3,Dicarboxystearoylcarnitine (C18-DC) [Moles/volume] in Amniotic fluid,Test: Dicarboxystearoylcarnitine (C18-DC) | System: Amnio fld | Units: umol/L | Info: 
54485-8,Dicarboxystearoylcarnitine (C18-DC) [Moles/volume] in Urine,Test: Dicarboxystearoylcarnitine (C18-DC) | System: Urine | Units: umol/L | Info: 
54486-6,Glucose [Mass/volume] in Water,Test: Glucose | System: Water | Units: g/L | Info: 
54488-2,Pimeloylcarnitine (C7-DC)/Creatinine [Molar ratio] in Urine,Test: Pimeloylcarnitine (C7-DC)/Creatinine | System: Urine | Units: umol/mmol creatinine | Info: 
54489-0,Phosphoserine [Moles/volume] in DBS,Test: Phosphoserine | System: Bld.dot | Units: umol/L | Info: 
54490-8,Pipecolate [Moles/volume] in Amniotic fluid,Test: Pipecolate | System: Amnio fld | Units: umol/L | Info: 
54491-6,Alanine aminotransferase [Enzymatic activity/volume] in Peritoneal fluid,Test: Alanine aminotransferase | System: Periton fld | Units: arb U/L | Info: 
54492-4,Alanine aminotransferase [Enzymatic activity/volume] in Pleural fluid,Test: Alanine aminotransferase | System: Plr fld | Units: arb U/L | Info: 
54494-0,Chloride [Mass/volume] in Water,Test: Chloride | System: Water | Units: mg/L | Info: 
54495-7,Glucose [Moles/volume] in Serum or Plasma --post dialysis,Test: Glucose^post dialysis | System: Ser/Plas | Units: mmol/L | Info: 
54500-4,Aspartate aminotransferase.macromolecular/Aspartate aminotransferase.total in Serum or Plasma,Test: Aspartate aminotransferase.macromolecular/Aspartate aminotransferase.total | System: Ser/Plas | Units: % | Info: 
54900-6,IgA [Mass/volume] in Peritoneal fluid,Test: IgA | System: Periton fld | Units: g/l | Info: 
54901-4,IgG [Mass/volume] in Peritoneal fluid,Test: IgG | System: Periton fld | Units: g/l | Info: 
54902-2,IgM [Mass/volume] in Peritoneal fluid,Test: IgM | System: Periton fld | Units: g/l | Info: 
54907-1,Alkaline phosphatase [Enzymatic activity/volume] in Amniotic fluid,Test: Alkaline phosphatase | System: Amnio fld | Units: arb U/L | Info: 
54917-0,Lysozyme [Mass/volume] in Pleural fluid,Test: Lysozyme | System: Plr fld | Units: mg/L | Info: 
54919-6,Magnesium [Mass/volume] in Semen,Test: Magnesium | System: Semen | Units: mg/dL | Info: 
54931-1,Isovalerylcarnitine+Methylbutyrylcarnitine (C5)/Creatinine [Molar ratio] in Urine,Test: Isovalerylcarnitine+Methylbutyrylcarnitine (C5)/Creatinine | System: Urine | Units: umol/mmol creatinine | Info: 
55159-8,Ursodeoxycholate [Moles/volume] in Serum or Plasma,Test: Ursodeoxycholate | System: Ser/Plas | Units: umol/l | Info: 
101913-2,Troponin T.cardiac delta/Troponin T.cardiac in 2 hour Serum or Plasma --baseline,Test: Troponin T.cardiac delta/Troponin T.cardiac^baseline | System: Ser/Plas | Units: % | Info: 
55205-9,Vasoactive intestinal peptide [Mass/volume] in Cerebral spinal fluid,Test: Vasoactive intestinal peptide | System: CSF | Units: ng/L | Info: 
55368-5,Crystals.amorphous [#/area] in Urine sediment by Microscopy high power field,Test: Crystals.amorphous | System: Urine sed | Units: /HPF | Info: 
55810-6,18-Hydroxycortisol [Moles/volume] in Serum or Plasma,Test: 18-Hydroxycortisol | System: Ser/Plas | Units: pmol/L | Info: 
55813-0,Alpha aminobutyrate/Amino acids.total in Serum or Plasma,Test: Alpha aminobutyrate/Amino acids.total | System: Ser/Plas | Units: % | Info: 
55814-8,25-hydroxyvitamin D3 [Moles/volume] in Cord blood,Test: Calcidiol | System: BldCo | Units: nmol/L | Info: 
55817-1,Amino acids [Moles/mass] in Hair,Test: Amino acids | System: Hair | Units: umol/g | Info: 
55818-9,Organic acids [Moles/mass] in Stool,Test: Organic acids | System: Stool | Units: mmol/100 g | Info: 
55819-7,Adiponectin.high molecular weight [Mass/volume] in Serum or Plasma,Test: Adiponectin.high molecular weight | System: Ser/Plas | Units: mg/L | Info: 
55820-5,Allo-pregnanediol [Mass/time] in 24 hour Urine,Test: Allo-pregnanediol | System: Urine | Units: mg/24 H | Info: 
55822-1,Allo-tetrahydrodeoxycortisol [Mass/time] in 24 hour Urine,Test: Allo-tetrahydrodeoxycortisol | System: Urine | Units: mg/24 H | Info: 
55824-7,Allo-tetrahydrocorticosterone [Mass/time] in 24 hour Urine,Test: Allo-tetrahydrocorticosterone | System: Urine | Units: mg/24 H | Info: 
55826-2,5-Alpha tetrahydrocortisol [Mass/volume] in 24 hour Urine,Test: 5-alpha tetrahydrocortisol | System: Urine | Units: mg/L | Info: 
55829-6,Catalase [Enzymatic activity/mass] in Tissue,Test: Catalase | System: Tiss | Units: U/mg protein | Info: 
55830-4,Catecholamines [Moles/volume] in Cerebral spinal fluid,Test: Catecholamines | System: CSF | Units: nmol/L | Info: 
55831-2,Catecholamines [Moles/volume] in Body fluid,Test: Catecholamines | System: Body fld | Units: nmol/L | Info: 
55832-0,Cathepsin K [Moles/volume] in Serum or Plasma,Test: Cathepsin K | System: Ser/Plas | Units: pmol/L | Info: 
55833-8,Cathepsin L [Mass/volume] in Serum or Plasma,Test: Cathepsin L | System: Ser/Plas | Units: ng/mL | Info: 
55834-6,Cathepsin S [Mass/volume] in Serum or Plasma,Test: Cathepsin S | System: Ser/Plas | Units: mg/mL | Info: 
55836-1,Chitotriosidase [Enzymatic activity/volume] in DBS,Test: Chitotriosidase | System: Bld.dot | Units: umol/h/L | Info: 
55840-3,Cholesterol esters [Moles/volume] in Serum or Plasma,Test: Cholesterol esters | System: Ser/Plas | Units: mmol/L | Info: 
55850-2,Cobalamin (Vitamin B12) [Mass/volume] in Urine,Test: Cobalamins | System: Urine | Units: mg/L | Info: 
55851-0,Androstenediol [Moles/volume] in Serum or Plasma,Test: Androstenediol | System: Ser/Plas | Units: nmol/L | Info: 
55852-8,Dicarboxydodecanoylcarnitine (C12-DC)/Creatinine [Molar ratio] in Urine,Test: Dicarboxydodecanoylcarnitine (C12-DC)/Creatinine | System: Urine | Units: umol/mmol creatinine | Info: 
55853-6,Dicarboxydodecanoylcarnitine (C12-DC) [Moles/volume] in Cerebral spinal fluid,Test: Dicarboxydodecanoylcarnitine (C12-DC) | System: CSF | Units: umol/L | Info: 
55854-4,Dicarboxydodecanoylcarnitine (C12-DC) [Moles/volume] in Amniotic fluid,Test: Dicarboxydodecanoylcarnitine (C12-DC) | System: Amnio fld | Units: umol/L | Info: 
55855-1,Dicarboxydodecanoylcarnitine (C12-DC) [Moles/volume] in Serum or Plasma,Test: Dicarboxydodecanoylcarnitine (C12-DC) | System: Ser/Plas | Units: umol/L | Info: 
55856-9,Dicarboxydodecanoylcarnitine (C12-DC) [Moles/volume] in Urine,Test: Dicarboxydodecanoylcarnitine (C12-DC) | System: Urine | Units: umol/L | Info: 
55857-7,Estradiol (E2) [Mass/volume] in Body fluid,Test: Estradiol | System: Body fld | Units: pg/mL | Info: 
55859-3,Folate [Mass/volume] in Cerebral spinal fluid,Test: Folate | System: CSF | Units: ug/L | Info: 
55861-9,Glutamate [Moles/mass] in Hair,Test: Glutamate | System: Hair | Units: umol/g | Info: 
55862-7,Glycine [Moles/mass] in Hair,Test: Glycine | System: Hair | Units: umol/g | Info: 
55863-5,Glycolate [Mass/volume] in Body fluid,Test: Glycolate | System: Body fld | Units: mg/L | Info: 
55865-0,Glycolate [Moles/volume] in Urine,Test: Glycolate | System: Urine | Units: mmol/L | Info: 
55866-8,Choriogonadotropin.beta subunit free [Mass/volume] in Cerebral spinal fluid,Test: Choriogonadotropin.beta subunit.free | System: CSF | Units: ng/mL | Info: 
55870-0,Choriogonadotropin [Units/volume] in Cord blood,Test: Choriogonadotropin | System: BldCo | Units: IU/L | Info: 
55871-8,Heptanoylcarnitine (C7) [Moles/volume] in Serum or Plasma,Test: Heptanoylcarnitine (C7) | System: Ser/Plas | Units: umol/L | Info: 
55872-6,Dicarboxypalmitoylcarnitine (C16-DC) [Moles/volume] in Serum or Plasma,Test: Dicarboxypalmitoylcarnitine (C16-DC) | System: Ser/Plas | Units: umol/L | Info: 
55874-2,Histidine [Moles/mass] in Hair,Test: Histidine | System: Hair | Units: umol/g | Info: 
55875-9,Homocitrulline [Moles/volume] in Cerebral spinal fluid,Test: Homocitrulline | System: CSF | Units: umol/L | Info: 
55876-7,Homocitrulline [Moles/volume] in Serum or Plasma,Test: Homocitrulline | System: Ser/Plas | Units: umol/L | Info: 
55877-5,Homocysteine [Moles/volume] in Body fluid,Test: Homocysteine | System: Body fld | Units: umol/L | Info: 
55879-1,Homocystine [Moles/volume] in Body fluid,Test: Homocystine | System: Body fld | Units: umol/L | Info: 
55880-9,Homovanillate [Moles/volume] in Serum,Test: Homovanillate | System: Ser | Units: nmol/L | Info: 
55882-5,Hydroxocobalamin [Moles/volume] in Body fluid,Test: Hydroxocobalamin | System: Body fld | Units: umol/L | Info: 
55884-1,Hydroxocobalamin [Moles/volume] in Urine,Test: Hydroxocobalamin | System: Urine | Units: umol/L | Info: 
55886-6,3-Hydroxyanthranilate/Creatinine [Molar ratio] in Urine,Test: 3-Hydroxyanthranilate/Creatinine | System: Urine | Units: nmol/mmol creatinine | Info: 
55887-4,3-Hydroxyanthranilate [Moles/volume] in Serum or Plasma,Test: 3-Hydroxyanthranilate | System: Ser/Plas | Units: nmol/L | Info: 
55888-2,3-Hydroxyanthranilate [Moles/time] in 24 hour Urine,Test: 3-Hydroxyanthranilate | System: Urine | Units: nmol/24 H | Info: 
55890-8,Hydroxylysine/Amino acids.total in Hair,Test: Hydroxylysine/Amino acids.total | System: Hair | Units: % | Info: 
55891-6,Hydroxylysine [Moles/mass] in Hair,Test: Hydroxylysine | System: Hair | Units: umol/g | Info: 
55896-5,Hypoxanthine phosphoribosyltransferase [Enzymatic activity/mass] in Chorionic villus sample,Test: Hypoxanthine phosphoribosyltransferase | System: CVS | Units: nmol/min/mg protein | Info: 
55906-2,Alpha cortolone [Mass/time] in 24 hour Urine,Test: Alpha cortolone | System: Urine | Units: mg/24 H | Info: 
55909-6,Alpha-L-iduronidase [Enzymatic activity/volume] in DBS,Test: Alpha-L-iduronidase | System: Bld.dot | Units: umol/h/L | Info: 
55910-4,Alpha mannosidase [Enzymatic activity/volume] in DBS,Test: Alpha mannosidase | System: Bld.dot | Units: umol/h/L | Info: 
55911-2,Arginine [Moles/mass] in Hair,Test: Arginine | System: Hair | Units: umol/g | Info: 
55912-0,Arylsulfatase [Enzymatic activity/volume] in DBS,Test: Arylsulfatase | System: Bld.dot | Units: umol/h/L | Info: 
55913-8,Aspartate [Moles/mass] in Hair,Test: Aspartate | System: Hair | Units: umol/g | Info: 
55914-6,Beta 1 globulin [Mass/volume] in Cerebral spinal fluid by Electrophoresis,Test: Beta 1 globulin | System: CSF | Units: mg/L | Info: 
55915-3,Beta 2 globulin [Mass/volume] in Cerebral spinal fluid by Electrophoresis,Test: Beta 2 globulin | System: CSF | Units: mg/L | Info: 
55916-1,Beta galactosidase [Enzymatic activity/volume] in DBS,Test: Beta galactosidase | System: Bld.dot | Units: umol/h/L | Info: 
55917-9,Glucosylceramidase [Enzymatic activity/volume] in DBS,Test: Glucosylceramidase | System: Bld.dot | Units: umol/L/h | Info: 
55925-2,IgM [Mass/volume] in Serum by Electrophoresis,Test: IgM | System: Ser | Units: g/L | Info: 
55926-0,Interleukin 1 receptor alpha chain [Mass/volume] in Serum or Plasma,Test: Interleukin 1 receptor alpha chain | System: Ser/Plas | Units: pg/mL | Info: 
55927-8,Interleukin 1 receptor alpha chain soluble [Mass/volume] in Serum or Plasma,Test: Interleukin 1 receptor alpha chain.soluble | System: Ser/Plas | Units: pg/mL | Info: 
55929-4,Isoleucine [Moles/mass] in Hair,Test: Isoleucine | System: Hair | Units: umol/g | Info: 
55930-2,Isovalerylglycine [Moles/volume] in Plasma,Test: Isovalerylglycine | System: Plas | Units: mmol/L | Info: 
55931-0,Lactate [Moles/volume] in Dialysis fluid,Test: Lactate | System: Dial fld | Units: mmol/L | Info: 
55932-8,Lactate [Moles/volume] in Cord blood,Test: Lactate | System: BldCo | Units: mmol/L | Info: 
55933-6,Leucine [Moles/mass] in Hair,Test: Leucine | System: Hair | Units: umol/g | Info: 
55934-4,Lipase [Enzymatic activity/volume] in Dialysis fluid,Test: Triacylglycerol lipase | System: Dial fld | Units: arb U/L | Info: 
55935-1,Lysine [Moles/mass] in Hair,Test: Lysine | System: Hair | Units: umol/g | Info: 
55936-9,Lysozyme [Mass/volume] in Cerebral spinal fluid,Test: Lysozyme | System: CSF | Units: mg/L | Info: 
55937-7,Magnesium [Moles/volume] in Serum or Plasma --post dialysis,Test: Magnesium^post dialysis | System: Ser/Plas | Units: mmol/L | Info: 
55939-3,Malondialdehyde [Moles/mass] in Red Blood Cells,Test: Malondialdehyde | System: RBC | Units: nmol/g Hb | Info: 
55940-1,Malonylcarnitine (C3-DC) [Moles/volume] in Serum or Plasma,Test: Malonylcarnitine (C3-DC) | System: Ser/Plas | Units: umol/L | Info: 
55941-9,Mannitol [Mass/volume] in Urine,Test: Mannitol | System: Urine | Units: g/L | Info: 
55942-7,Methemoglobin/Hemoglobin.total in Cord blood,Test: Methemoglobin/Hemoglobin.total | System: BldCo | Units: % | Info: 
55943-5,Methionine [Moles/mass] in Hair,Test: Methionine | System: Hair | Units: umol/g | Info: 
55947-6,Nitrite [Mass/volume] in Dialysis fluid,Test: Nitrite | System: Dial fld | Units: mg/L | Info: 
55948-4,Nitrite [Moles/volume] in Serum or Plasma,Test: Nitrite | System: Ser/Plas | Units: umol/L | Info: 
55949-2,Dicarboxystearoylcarnitine (C18-DC) [Moles/volume] in Serum or Plasma,Test: Dicarboxystearoylcarnitine (C18-DC) | System: Ser/Plas | Units: umol/L | Info: 
55950-0,Octanoylcarnitine (C8) [Moles/volume] in Urine,Test: Octanoylcarnitine (C8) | System: Urine | Units: umol/L | Info: 
55951-8,Octenoylcarnitine (C8:1)/Creatinine [Molar ratio] in Urine,Test: Octenoylcarnitine (C8:1)/Creatinine | System: Urine | Units: umol/mmol creatinine | Info: 
55952-6,Octenoylcarnitine (C8:1) [Moles/volume] in Cerebral spinal fluid,Test: Octenoylcarnitine (C8:1) | System: CSF | Units: umol/L | Info: 
55953-4,Octenoylcarnitine (C8:1) [Moles/volume] in Amniotic fluid,Test: Octenoylcarnitine (C8:1) | System: Amnio fld | Units: umol/L | Info: 
55954-2,Octenoylcarnitine (C8:1) [Moles/volume] in Urine,Test: Octenoylcarnitine (C8:1) | System: Urine | Units: umol/L | Info: 
55955-9,Oleoylcarnitine (C18:1)/Creatinine [Molar ratio] in Urine,Test: Oleoylcarnitine (C18:1)/Creatinine | System: Urine | Units: umol/mmol creatinine | Info: 
55956-7,Oleoylcarnitine (C18:1) [Moles/volume] in Cerebral spinal fluid,Test: Oleoylcarnitine (C18:1) | System: CSF | Units: umol/L | Info: 
55957-5,Oleoylcarnitine (C18:1) [Moles/volume] in Amniotic fluid,Test: Oleoylcarnitine (C18:1) | System: Amnio fld | Units: umol/L | Info: 
55958-3,Oleoylcarnitine (C18:1) [Moles/volume] in Urine,Test: Oleoylcarnitine (C18:1) | System: Urine | Units: umol/L | Info: 
55959-1,Ornithine/Amino acids.total in Serum or Plasma,Test: Ornithine/Amino acids.total | System: Ser/Plas | Units: % | Info: 
55960-9,Osmolality of Dialysis fluid,Test: Observation | System: Dial fld | Units: mOsm/L | Info: 
55961-7,Oxalate [Moles/volume] in Water,Test: Oxalate | System: Water | Units: mmol/L | Info: 
101924-9,Transforming growth factor beta 1 [Mass/volume] in Urine by Immunoassay,Test: Transforming growth factor beta 1 | System: Urine | Units: pg/mL | Info: 
55963-3,Palmitoleylcarnitine (C16:1)/Creatinine [Molar ratio] in Urine,Test: Palmitoleylcarnitine (C16:1)/Creatinine | System: Urine | Units: umol/mmol creatinine | Info: 
55964-1,Palmitoleylcarnitine (C16:1) [Moles/volume] in Cerebral spinal fluid,Test: Palmitoleylcarnitine (C16:1) | System: CSF | Units: umol/L | Info: 
55965-8,Palmitoleylcarnitine (C16:1) [Moles/volume] in Amniotic fluid,Test: Palmitoleylcarnitine (C16:1) | System: Amnio fld | Units: umol/L | Info: 
55966-6,Palmitoleylcarnitine (C16:1) [Moles/volume] in Urine,Test: Palmitoleylcarnitine (C16:1) | System: Urine | Units: umol/L | Info: 
55967-4,Palmitoylcarnitine (C16) [Moles/volume] in Urine,Test: Palmitoylcarnitine (C16) | System: Urine | Units: umol/L | Info: 
55969-0,Phenylalanine/Amino acids.total in DBS,Test: Phenylalanine/Amino acids.total | System: Bld.dot | Units: % | Info: 
55970-8,Phenylalanine [Moles/mass] in Hair,Test: Phenylalanine | System: Hair | Units: umol/g | Info: 
55971-6,Alkaline phosphatase [Enzymatic activity/volume] in Cord blood,Test: Alkaline phosphatase | System: BldCo | Units: arb U/L | Info: 
56034-2,Hydroxylysine [Moles/volume] in Body fluid,Test: Hydroxylysine | System: Body fld | Units: nmol/L | Info: 
56035-9,Apolipoprotein A-I/Cholesterol in HDL [Mass Ratio] in Serum or Plasma,Test: Apolipoprotein A-I/Cholesterol.in HDL | System: Ser/Plas | Units: Ratio | Info: 
56036-7,Apolipoprotein B/Cholesterol in LDL [Mass Ratio] in Serum or Plasma,Test: Apolipoprotein B/Cholesterol.in LDL | System: Ser/Plas | Units: Ratio | Info: 
56041-7,Beta defensin [Mass/mass] in Stool.wet,Test: Beta defensin | System: Stool.wet | Units: ug/g | Info: 
56042-5,Beta defensin [Mass/mass] in Stool.dried,Test: Beta defensin | System: Stool.dried | Units: ug/g | Info: 
56122-5,IgG [Mass/volume] in Cord blood,Test: IgG | System: BldCo | Units: mg/dL | Info: 
56126-6,Copper [Mass/mass] in Liver,Test: Copper | System: Liver | Units: ug/g | Info: 
56132-4,Cholesterol in HDL 2a [Moles/volume] in Serum or Plasma,Test: Cholesterol.in HDL 2a | System: Ser/Plas | Units: nmol/L | Info: 
56133-2,Cholesterol in HDL 2b [Moles/volume] in Serum or Plasma,Test: Cholesterol.in HDL 2b | System: Ser/Plas | Units: nmol/L | Info: 
56134-0,Cholesterol in IDL 1 [Moles/volume] in Serum or Plasma,Test: Cholesterol.in IDL 1 | System: Ser/Plas | Units: nmol/L | Info: 
56135-7,Cholesterol in IDL 2 [Moles/volume] in Serum or Plasma,Test: Cholesterol.in IDL 2 | System: Ser/Plas | Units: nmol/L | Info: 
56154-8,Protein.abnormal band/Protein.total in Serum or Plasma by Electrophoresis,Test: Protein.abnormal band/Protein.total | System: Ser/Plas | Units: % | Info: 
56160-5,Glucose [Mass/volume] in Peritoneal dialysis fluid --4 hours post peritoneal dialysis,Test: Glucose^4H post peritoneal dialysis | System: Dial fld prt | Units: mg/dL | Info: 
56479-9,Superoxide dismutase [Enzymatic activity/mass] in Red Blood Cells,Test: Superoxide dismutase | System: RBC | Units: U/g Hb | Info: 
56483-1,Porphobilinogen [Mass/mass] in Stool,Test: Porphobilinogen | System: Stool | Units: ug/g | Info: 
56489-8,Acidity.titratable [Moles/time] in 24 hour Urine,Test: Acidity.titratable | System: Urine | Units: mmol/24 H | Info: 
56661-2,Myelin basic protein [Mass/volume] in Serum,Test: Myelin basic protein | System: Ser | Units: ng/mL | Info: 
56669-5,Carotene.alpha [Mass/volume] in Serum,Test: Carotene.alpha | System: Ser | Units: ug/dL | Info: 
56686-9,Hydroxyproline Free/Creatinine [Ratio] in 24 hour Urine,Test: Hydroxyproline.free/Creatinine | System: Urine | Units: umol/g creatinine | Info: 
56766-9,Protein.monoclonal band 1/Protein.total in Serum or Plasma by Electrophoresis,Test: Protein.monoclonal band 1/Protein.total | System: Ser/Plas | Units: % | Info: 
56767-7,Protein.monoclonal.beta [Mass/volume] in Urine by Electrophoresis,Test: Protein.monoclonal.beta | System: Urine | Units: g/dL | Info: 
56768-5,Protein.monoclonal.beta/Protein.total in Urine by Electrophoresis,Test: Protein.monoclonal.beta/Protein.total | System: Urine | Units: % | Info: 
56776-8,Amylase S3+S4/Amylase.total in Serum or Plasma,Test: Amylase.S3+S4/Amylase.total | System: Ser/Plas | Units: % | Info: 
56779-2,Ascorbate [Moles/volume] in Semen,Test: Ascorbate | System: Semen | Units: umol/L | Info: 
56782-6,Amylase S4/Amylase.total in Serum or Plasma,Test: Amylase.S4/Amylase.total | System: Ser/Plas | Units: % | Info: 
56786-7,Beta-2-Microglobulin.tumor marker [Mass/volume] in Serum,Test: Beta-2-Microglobulin.tumor marker | System: Ser | Units: ug/mL | Info: 
56787-5,Cytokeratin 19 [Units/volume] in Urine,Test: Cytokeratin 19 | System: Urine | Units: arb U/L | Info: 
56905-3,Bilirubin.direct [Mass/volume] in Pleural fluid,Test: Bilirubin.glucuronidated+Bilirubin.albumin bound | System: Plr fld | Units: mg/dL | Info: 
56906-1,Bilirubin.direct [Mass/volume] in Peritoneal fluid,Test: Bilirubin.glucuronidated+Bilirubin.albumin bound | System: Periton fld | Units: mg/dL | Info: 
101925-6,Epidermal growth factor [Mass/volume] in Urine by Immunoassay,Test: Epidermal growth factor | System: Urine | Units: pg/mL | Info: 
56914-5,Corticotropin [Mass/volume] in Plasma --evening specimen,Test: Corticotropin^evening specimen | System: Plas | Units: pg/mL | Info: 
101926-4,Connective tissue growth factor [Mass/volume] in Serum by Immunoassay,Test: Connective tissue growth factor | System: Ser | Units: ng/mL | Info: 
56972-3,Prolactin [Mass/volume] in Serum or Plasma --post precipitation,Test: Prolactin^post precipitation | System: Ser/Plas | Units: ng/mL;ug/L | Info: 
56979-8,Sodium [Moles/volume] in Saliva (oral fluid),Test: Sodium | System: Saliva | Units: mmol/L | Info: 
56981-4,Somatotropin [Mass/volume] in Serum or Plasma --30 minutes post resting,Test: Somatotropin^30M post resting | System: Ser/Plas | Units: ug/L;ng/mL | Info: 
56982-2,Somatotropin [Mass/volume] in Serum or Plasma --90 minutes post resting,Test: Somatotropin^90M post resting | System: Ser/Plas | Units: ng/mL | Info: 
56983-0,Somatotropin [Mass/volume] in Serum or Plasma --1 hour post resting,Test: Somatotropin^1H post resting | System: Ser/Plas | Units: ug/L;ng/mL | Info: 
56995-4,Urea [Mass/volume] in Pleural fluid,Test: Urea | System: Plr fld | Units: mg/dL | Info: 
57028-3,Iron [Mass/mass] in Liver,Test: Iron | System: Liver | Units: ug/g | Info: 
57092-9,IgE [Units/volume] in Nasal fluid,Test: IgE | System: Nasal fluid | Units: arb U/mL | Info: 
57345-1,Creatinine [Mass/volume] in Peritoneal dialysis fluid --overnight,Test: Creatinine^overnight | System: Dial fld prt | Units: mg/dl | Info: 
57463-2,Cortisol [Mass/volume] in Serum or Plasma --12th specimen,Test: Cortisol^12th specimen | System: Ser/Plas | Units: pg/mL;ug/dL | Info: 
57464-0,Cortisol [Mass/volume] in Serum or Plasma --11th specimen,Test: Cortisol^11th specimen | System: Ser/Plas | Units: pg/mL;ug/dL | Info: 
57465-7,Cortisol [Mass/volume] in Serum or Plasma --10th specimen,Test: Cortisol^10th specimen | System: Ser/Plas | Units: pg/mL;ug/dL | Info: 
57466-5,Cortisol [Mass/volume] in Serum or Plasma --9th specimen,Test: Cortisol^9th specimen | System: Ser/Plas | Units: pg/mL;ug/dL | Info: 
57664-5,Lactate dehydrogenase [Enzymatic activity/volume] in Semen,Test: Lactate dehydrogenase | System: Semen | Units: arb U/mL | Info: 
57684-3,Cortisol [Mass/volume] in Saliva (oral fluid) --11th specimen,Test: Cortisol^11th specimen | System: Saliva | Units: ug/dL | Info: 
57685-0,Cortisol [Mass/volume] in Saliva (oral fluid) --2nd specimen,Test: Cortisol^2nd specimen | System: Saliva | Units: ug/dL | Info: 
57686-8,Cortisol [Mass/volume] in Saliva (oral fluid) --12th specimen,Test: Cortisol^12th specimen | System: Saliva | Units: ug/dL | Info: 
57687-6,Cortisol [Mass/volume] in Saliva (oral fluid) --1st specimen,Test: Cortisol^1st specimen | System: Saliva | Units: ug/dL | Info: 
57688-4,Cortisol [Mass/volume] in Saliva (oral fluid) --3rd specimen,Test: Cortisol^3rd specimen | System: Saliva | Units: ug/dL | Info: 
57689-2,Cortisol [Mass/volume] in Saliva (oral fluid) --4th specimen,Test: Cortisol^4th specimen | System: Saliva | Units: ug/dL | Info: 
57690-0,Cortisol [Mass/volume] in Saliva (oral fluid) --10th specimen,Test: Cortisol^10th specimen | System: Saliva | Units: ug/dL | Info: 
57691-8,Cortisol [Mass/volume] in Saliva (oral fluid) --9th specimen,Test: Cortisol^9th specimen | System: Saliva | Units: ug/dL | Info: 
57692-6,Cortisol [Mass/volume] in Saliva (oral fluid) --5th specimen,Test: Cortisol^5th specimen | System: Saliva | Units: ug/dL | Info: 
57693-4,Cortisol [Mass/volume] in Saliva (oral fluid) --6th specimen,Test: Cortisol^6th specimen | System: Saliva | Units: ug/dL | Info: 
57694-2,Cortisol [Mass/volume] in Saliva (oral fluid) --7th specimen,Test: Cortisol^7th specimen | System: Saliva | Units: ug/dL | Info: 
57695-9,Cortisol [Mass/volume] in Saliva (oral fluid) --8th specimen,Test: Cortisol^8th specimen | System: Saliva | Units: ug/dL | Info: 
57697-5,Protein Z Ag [Mass/volume] in Plasma by Immunoassay,Test: Protein Z Ag | System: Plas | Units: ug/mL | Info: 
57731-2,Osmolality of Urine--2nd specimen,Test: Osmolality^2nd specimen | System: Urine | Units: osm/kg | Info: 
57732-0,Osmolality of Urine--3rd specimen,Test: Osmolality^3rd specimen | System: Urine | Units: mOsm/kg | Info: 
57733-8,Beta-trace protein [Mass/volume] in Body fluid,Test: Beta-trace protein | System: Body fld | Units: mg/L | Info: 
57752-8,Urea [Mass/volume] in Peritoneal dialysis fluid --overnight,Test: Urea^overnight | System: Dial fld prt | Units: mg/dl | Info: 
57756-9,Procollagen type III.N-terminal propeptide [Units/volume] in Serum,Test: Procollagen type III.N-terminal propeptide | System: Ser | Units: arb U/mL | Info: 
57804-7,Number of occult blood specimens recommended by testing kit protocol [#] in Stool,Test: Number of occult blood specimens recommended by testing kit protocol | System: Stool | Units: # | Info: 
101927-2,Calbindin D28K [Mass/volume] in Urine by Immunoassay,Test: Calbindin D28K | System: Urine | Units: pg/mL | Info: 
57839-3,Activated clotting time (ACT) of Platelet poor plasma from Control by Kaolin activated time,Test: Activated clotting time | System: PPP^Control | Units: s | Info: 
5785-1,Eosinophils [#/area] in Urine sediment by Microscopy high power field,Test: Eosinophils | System: Urine sed | Units: /HPF | Info: 
101933-0,Hydroxyapatite crystals [Energy Difference] in Urine,Test: Hydroxyapatite crystals | System: Urine | Units: kJ/mol | Info: 
101934-8,Urate crystals [Energy Difference] in Urine,Test: Urate Crystals | System: Urine | Units: kJ/mol | Info: 
5790-1,Fungi.filamentous [#/area] in Urine sediment by Microscopy high power field,Test: Fungi.filamentous | System: Urine sed | Units: /HPF | Info: 
5791-9,Fungi.yeastlike [#/area] in Urine sediment by Microscopy high power field,Test: Fungi.yeastlike | System: Urine sed | Units: /HPF | Info: 
101935-5,Sodium urate crystals [Energy Difference] in Urine,Test: Sodium Urate Crystals | System: Urine | Units: kJ/mol | Info: 
57937-5,Cholesterol in HDL 3a [Mass/volume] in Serum or Plasma,Test: Cholesterol.in HDL 3a | System: Ser/Plas | Units: mg/dL | Info: 
101968-6,Circulating tumor cells [#/volume] in Plasma or Blood by Sequencing,Test: Circulating tumor cells | System: Plas/Bld | Units: mol/mL | Info: 
57988-8,Iron [Mass/volume] in Cerebral spinal fluid,Test: Iron | System: CSF | Units: ug/L | Info: 
57994-6,Leucine/Alanine [Mass Ratio] in DBS,Test: Leucine/Alanine | System: Bld.dot | Units: Ratio | Info: 
57996-1,Leucine+Isoleucine [Mass/volume] in DBS,Test: Leucine+Isoleucine | System: Bld.dot | Units: mg/dL | Info: 
57998-7,Magnesium [Mass/volume] in Nonbiological fluid,Test: Magnesium | System: Flu.nonbiological | Units: mg/dL | Info: 
58001-9,Matrix metallopeptidase 9 [Mass/volume] in Blood,Test: Matrix metallopeptidase 9 | System: Bld | Units: ng/mL | Info: 
58019-1,Phosphate [Mass/volume] in Nonbiological fluid,Test: Phosphate | System: Flu.nonbiological | Units: mg/mL | Info: 
58036-5,Xanthine/Total in Stone,Test: Xanthine/Total | System: Calculus | Units: % | Info: 
101990-0,Xanthurenate/Creatinine [Mass Ratio] in Urine,Test: Xanthurenate/Creatinine | System: Urine | Units: ug/g creatinine | Info: 
101991-8,3-hydroxypropyl mercapturate/Creatinine [Mass Ratio] in Urine,Test: 3-hydroxypropyl mercapturate/Creatinine | System: Urine | Units: ug/g creatinine | Info: 
58351-8,Connective tissue growth factor [Mass/volume] in Urine,Test: Connective tissue growth factor | System: Urine | Units: mg/dL | Info: 
58353-4,Human antihuman Ab [Mass/volume] in Plasma,Test: Human antihuman Ab | System: Plas | Units: mg/dL | Info: 
58453-2,Hemoglobin [Mass/volume] in Stool from gastrointestinal lower by Immunoassay,Test: Hemoglobin | System: Stool^Patient.gastrointestinal.lower | Units: ng/mL | Info: 
58463-1,Tau protein/Protein.total in Cerebral spinal fluid,Test: Tau protein/Protein.total | System: CSF | Units: % | Info: 
58464-9,Campesterol [Moles/volume] in Serum or Plasma,Test: Campesterol | System: Ser/Plas | Units: umol/L | Info: 
58682-6,Sulfatides [Mass/volume] in Urine,Test: Sulfatides | System: Urine | Units: mg/L | Info: 
58685-9,Beta hydroxybutyrate [Moles/volume] in Vitreous fluid,Test: Beta hydroxybutyrate | System: Vitr fld | Units: mmol/L | Info: 
58793-1,Phytonadione [Moles/volume] in Serum or Plasma,Test: Phytonadione | System: Ser/Plas | Units: nmol/L | Info: 
58831-9,Urea [Moles/volume] in Cerebral spinal fluid,Test: Urea | System: CSF | Units: umol/L | Info: 
58892-1,Calcitonin [Mass/volume] in Serum or Plasma --baseline,Test: Calcitonin^baseline | System: Ser/Plas | Units: pg/mL | Info: 
58921-8,Glutamine+Histidine [Moles/volume] in Cerebral spinal fluid,Test: Glutamine+Histidine | System: CSF | Units: umol/L | Info: 
5892-5,Protein S [Units/volume] in Platelet poor plasma by Coagulation assay,Test: Protein S | System: PPP | Units: IU/mL | Info: 
58927-5,Glutamine+Histidine/Creatinine [Ratio] in Urine,Test: Glutamine+Histidine/Creatinine | System: Urine | Units: umol/g creatinine | Info: 
58930-9,Glutamine+Histidine [Moles/volume] in Serum or Plasma,Test: Glutamine+Histidine | System: Ser/Plas | Units: umol/L | Info: 
58949-9,Somatotropin [Mass/volume] in Serum or Plasma --12th specimen,Test: Somatotropin^12th specimen | System: Ser/Plas | Units: ng/mL | Info: 
58950-7,Somatotropin [Mass/volume] in Serum or Plasma --11th specimen,Test: Somatotropin^11th specimen | System: Ser/Plas | Units: ng/mL | Info: 
101995-9,Foundation Pain Index Score,Test: Foundation Pain Index Score | System: ^Patient | Units: {score} | Info: 
102003-1,Reduction in kaolin induced clot strength [Length fraction] in Blood by Thromboelastography ^30 min p max clot amplitude + heparinase,Test: Reduction in clot strength | System: Bld | Units: % | Info: 
59015-8,Carbohydrates [Mass/mass] in Stool by Infrared spectroscopy,Test: Carbohydrates | System: Stool | Units: g/100 g | Info: 
59016-6,Water [Mass/mass] in Stool by Infrared spectroscopy,Test: Water | System: Stool | Units: g/100 g | Info: 
59023-2,Adenosine deaminase [Enzymatic activity/volume] in Peritoneal dialysis fluid,Test: Adenosine deaminase | System: Dial fld prt | Units: arb U/L | Info: 
59036-4,Triglyceride [Mass/volume] in Peritoneal dialysis fluid,Test: Triglyceride | System: Dial fld prt | Units: mg/dL | Info: 
59038-0,Cholesterol [Mass/volume] in Peritoneal dialysis fluid,Test: Cholesterol | System: Dial fld prt | Units: mg/dL | Info: 
59039-8,Amylase [Enzymatic activity/volume] in Peritoneal dialysis fluid,Test: Amylase | System: Dial fld prt | Units: arb U/L | Info: 
59040-6,Cancer Ag 125 [Units/volume] in Peritoneal dialysis fluid,Test: Cancer Ag 125 | System: Dial fld prt | Units: arb U/mL | Info: 
59154-5,Base deficit in Cord blood,Test: Base deficit | System: BldCo | Units: mmol/L | Info: 
59164-4,Alkaline phosphatase [Enzymatic activity/volume] in Dialysis fluid,Test: Alkaline phosphatase | System: Dial fld | Units: arb U/L | Info: 
59166-9,Bilirubin.total [Moles/time] in 24 hour Stool,Test: Bilirubin | System: Stool | Units: mmol/d | Info: 
59178-4,Chloride [Moles/volume] in Gastric fluid,Test: Chloride | System: Gast fld | Units: mmol/L | Info: 
59187-5,Urea renal clearance/1.73 sq M in 24 hour Urine and Serum or Plasma,Test: Urea renal clearance/1.73 sq M | System: Urine+Ser/Plas | Units: mL/min/1.73 sq m | Info: 
5918-8,Urea nitrogen [Mass/volume] in Dialysis fluid,Test: Urea nitrogen | System: Dial fld | Units: mg/dL | Info: 
59188-3,Alkaline phosphatase.placental [Enzymatic activity/volume] in Cerebral spinal fluid,Test: Alkaline phosphatase.placental | System: CSF | Units: arb U/L | Info: 
59190-9,2-Hydroxycaproate/Creatinine [Molar ratio] in Urine,Test: 2-Hydroxycaproate/Creatinine | System: Urine | Units: mmol/mol creatinine | Info: 
59191-7,2-Ketobutyrate/Creatinine [Molar ratio] in Urine,Test: 2-Ketobutyrate/Creatinine | System: Urine | Units: mmol/mol creatinine | Info: 
59192-5,3-Methyl crotonate/Creatinine [Molar ratio] in Urine,Test: 3-Methyl crotonate/Creatinine | System: Urine | Units: mmol/mol creatinine | Info: 
59193-3,Deoxyuridine/Creatinine [Molar ratio] in Urine,Test: Deoxyuridine/Creatinine | System: Urine | Units: umol/mmol creatinine | Info: 
59194-1,Tetradecenoylcarnitine (C14:1)/Dodecenoylcarnitine (C12:1) [Molar ratio] in Serum or Plasma,Test: Tetradecenoylcarnitine (C14:1)/Dodecenoylcarnitine (C12:1) | System: Ser/Plas | Units: umol/umol | Info: 
59195-8,3-Hydroxydodecenoylcarnitine (C12:1-OH) [Moles/volume] in Serum or Plasma,Test: 3-Hydroxydodecenoylcarnitine (C12:1-OH) | System: Ser/Plas | Units: umol/L | Info: 
59196-6,3-Hydroxypalmitoylcarnitine (C16-OH)/Palmitoylcarnitine (C16) [Molar ratio] in Serum or Plasma,Test: 3-Hydroxypalmitoylcarnitine (C16-OH)/Palmitoylcarnitine (C16) | System: Ser/Plas | Units: umol/umol | Info: 
59197-4,Propionylcarnitine (C3)/Palmitoylcarnitine (C16) [Molar ratio] in Serum or Plasma,Test: Propionylcarnitine (C3)/Palmitoylcarnitine (C16) | System: Ser/Plas | Units: umol/umol | Info: 
59198-2,Propionylcarnitine (C3)/Acetylcarnitine (C2) [Molar ratio] in Serum or Plasma,Test: Propionylcarnitine (C3)/Acetylcarnitine (C2) | System: Ser/Plas | Units: umol/umol | Info: 
59199-0,Deoxyadenosine/Creatinine [Molar ratio] in Urine,Test: Deoxyadenosine/Creatinine | System: Urine | Units: umol/mol creatinine | Info: 
59200-6,Octanoylcarnitine (C8)/Acetylcarnitine (C2) [Molar ratio] in Serum or Plasma,Test: Octanoylcarnitine (C8)/Acetylcarnitine (C2) | System: Ser/Plas | Units: umol/umol | Info: 
59201-4,Deoxyguanosine/Creatinine [Molar ratio] in Urine,Test: Deoxyguanosine/Creatinine | System: Urine | Units: umol/mmol creatinine | Info: 
59202-2,Deoxyinosine/Creatinine [Molar ratio] in Urine,Test: Deoxyinosine/Creatinine | System: Urine | Units: umol/mmol creatinine | Info: 
59203-0,Adenine/Creatinine [Molar ratio] in Urine,Test: Adenine/Creatinine | System: Urine | Units: umol/mol creatinine | Info: 
5920-4,Protein [Mass/volume] in Dialysis fluid,Test: Protein | System: Dial fld | Units: g/L | Info: 
59204-8,Palmitoylcarnitine (C16)+Oleoylcarnitine (C18:1)/Acetylcarnitine (C2) [Molar ratio] in Serum or Plasma,Test: Palmitoylcarnitine (C16)+Oleoylcarnitine (C18:1)/Acetylcarnitine (C2) | System: Ser/Plas | Units: umol/umol | Info: 
59205-5,Gamma tocopherol [Moles/volume] in Serum or Plasma,Test: Gamma tocopherol | System: Ser/Plas | Units: umol/L | Info: 
59206-3,Carnitine free (C0)/Palmitoylcarnitine (C16)+Stearoylcarnitine (C18) [Molar ratio] in Serum or Plasma,Test: Carnitine.free (C0)/Palmitoylcarnitine (C16)+Stearoylcarnitine (C18) | System: Ser/Plas | Units: umol/umol | Info: 
59207-1,Dicarboxyoleylcarnitine (C18:1-DC) [Moles/volume] in Serum or Plasma,Test: Dicarboxyoleylcarnitine (C18:1-DC) | System: Ser/Plas | Units: umol/L | Info: 
59208-9,Octanoylcarnitine (C8)/Decanoylcarnitine (C10) [Molar ratio] in Serum or Plasma,Test: Octanoylcarnitine (C8)/Decanoylcarnitine (C10) | System: Ser/Plas | Units: umol/umol | Info: 
59210-5,Inosine/Creatinine [Molar ratio] in Urine,Test: Inosine/Creatinine | System: Urine | Units: umol/mmol creatinine | Info: 
59211-3,Transcobalamin I+Transcobalamin III [Moles/volume] in Serum,Test: Transcobalamin I+Transcobalamin III | System: Ser | Units: pmol/L | Info: 
5921-2,Lactate dehydrogenase [Enzymatic activity/volume] in Dialysis fluid,Test: Lactate dehydrogenase | System: Dial fld | Units: arb U/L | Info: 
59212-1,Alloisoleucine [Moles/volume] in Urine,Test: Alloisoleucine | System: Urine | Units: umol/L | Info: 
59214-7,Succinyladenosine/Creatinine [Molar ratio] in Urine,Test: Succinyladenosine/Creatinine | System: Urine | Units: umol/mmol creatinine | Info: 
59215-4,Thymidine/Creatinine [Molar ratio] in Urine,Test: Thymidine/Creatinine | System: Urine | Units: umol/mmol creatinine | Info: 
59216-2,Uridine/Creatinine [Molar ratio] in Urine,Test: Uridine/Creatinine | System: Urine | Units: umol/mmol creatinine | Info: 
59217-0,Beta-2-Microglobulin [Mass/volume] in Peritoneal fluid,Test: Beta-2-Microglobulin | System: Periton fld | Units: mg/L | Info: 
59218-8,Beta-2-Microglobulin [Mass/volume] in Pleural fluid,Test: Beta-2-Microglobulin | System: Plr fld | Units: mg/L | Info: 
59219-6,Testosterone [Moles/volume] in Pleural fluid,Test: Testosterone | System: Plr fld | Units: nmol/L | Info: 
5922-0,Gastric acid [Moles/volume] in Gastric fluid,Test: Gastric acid | System: Gast fld | Units: mmol/L | Info: 
59220-4,Chromogranin A [Units/volume] in Pleural fluid,Test: Chromogranin A | System: Plr fld | Units: arb U/L | Info: 
59221-2,Prostate specific Ag [Mass/volume] in Pleural fluid,Test: Prostate specific Ag | System: Plr fld | Units: ug/L | Info: 
59223-8,Prostate specific Ag [Mass/volume] in Peritoneal fluid,Test: Prostate specific Ag | System: Periton fld | Units: ug/L | Info: 
59224-6,Prostate Specific Ag Free [Mass/volume] in Peritoneal fluid,Test: Prostate specific Ag.free | System: Periton fld | Units: ug/L | Info: 
59225-3,Squamous cell carcinoma Ag [Mass/volume] in Peritoneal fluid,Test: Squamous cell carcinoma Ag | System: Periton fld | Units: ug/L | Info: 
59226-1,Chromogranin A [Units/volume] in Peritoneal fluid,Test: Chromogranin A | System: Periton fld | Units: arb U/L | Info: 
59227-9,Chromogranin A [Units/volume] in Cerebral spinal fluid,Test: Chromogranin A | System: CSF | Units: arb U/L | Info: 
59228-7,Squamous cell carcinoma Ag [Mass/volume] in Cerebral spinal fluid,Test: Squamous cell carcinoma Ag | System: CSF | Units: ug/L | Info: 
59229-5,Testosterone [Moles/volume] in Peritoneal fluid,Test: Testosterone | System: Periton fld | Units: nmol/L | Info: 
59230-3,Prostate specific Ag [Mass/volume] in Cerebral spinal fluid,Test: Prostate specific Ag | System: CSF | Units: ug/L | Info: 
59231-1,Prostate Specific Ag Free [Mass/volume] in Cerebral spinal fluid,Test: Prostate specific Ag.free | System: CSF | Units: ug/L | Info: 
59232-9,Prostate Specific Ag Free [Mass/volume] in Pleural fluid,Test: Prostate specific Ag.free | System: Plr fld | Units: ug/L | Info: 
59233-7,Testosterone [Moles/volume] in Cerebral spinal fluid,Test: Testosterone | System: CSF | Units: nmol/L | Info: 
59235-2,Prostate Specific Ag Free/Prostate specific Ag.total in Cerebral spinal fluid,Test: Prostate specific Ag.free/Prostate specific Ag.total | System: CSF | Units: % | Info: 
59236-0,Prostate Specific Ag Free/Prostate specific Ag.total in Peritoneal fluid,Test: Prostate specific Ag.free/Prostate specific Ag.total | System: Periton fld | Units: % | Info: 
59237-8,Prostate Specific Ag Free/Prostate specific Ag.total in Pleural fluid,Test: Prostate specific Ag.free/Prostate specific Ag.total | System: Plr fld | Units: % | Info: 
5923-8,Gastric acid free [Moles/volume] in Gastric fluid,Test: Gastric acid.free | System: Gast fld | Units: mmol/L | Info: 
59238-6,Prostate Specific Ag Free/Prostate specific Ag.total in Body fluid,Test: Prostate specific Ag.free/Prostate specific Ag.total | System: Body fld | Units: % | Info: 
59239-4,Prostate Specific Ag Free [Mass/volume] in Body fluid,Test: Prostate specific Ag.free | System: Body fld | Units: ug/L | Info: 
59240-2,Testosterone [Moles/volume] in Body fluid,Test: Testosterone | System: Body fld | Units: nmol/L | Info: 
59243-6,Palmitoylcarnitine (C16)+Oleoylcarnitine (C18:1)/Acetylcarnitine (C2) [Molar ratio] in DBS,Test: Palmitoylcarnitine (C16)+Oleoylcarnitine (C18:1)/Acetylcarnitine (C2) | System: Bld.dot | Units: umol/umol | Info: 
59244-4,Arylsulfatase C [Enzymatic activity/mass] in Leukocytes,Test: Arylsulfatase C | System: WBC | Units: umol/h/mg protein | Info: 
59245-1,Alanine glyoxylate aminotransferase [Enzymatic activity/mass] in Tissue,Test: Alanine glyoxylate aminotransferase | System: Tiss | Units: umol/h/mg protein | Info: 
59246-9,Palmitoyl protein thioesterase [Enzymatic activity/volume] in DBS,Test: Palmitoyl protein thioesterase | System: Bld.dot | Units: pmol/h/mL | Info: 
59247-7,Tetrahydrobiopterin [Moles/volume] in Cerebral spinal fluid,Test: Tetrahydrobiopterin | System: CSF | Units: nmol/L | Info: 
59248-5,Cholesterol esterase [Enzymatic activity/mass] in Tissue,Test: Cholesterol esterase | System: Tiss | Units: nmol/min/mg protein | Info: 
59249-3,Acylcarnitine/Acylcarnitine+Carnitine Free (C0) [Molar ratio] in DBS,Test: Acylcarnitine/Acylcarnitine+Carnitine Free (C0) | System: Bld.dot | Units: umol/umol | Info: 
59250-1,Tocopherols/Cholesterol [Molar ratio] in Serum or Plasma,Test: Tocopherols/Cholesterol | System: Ser/Plas | Units: umol/mmol | Info: 
59251-9,N-carbamoyl beta alanine/Creatinine [Molar ratio] in Urine,Test: N-carbamoyl beta alanine/Creatinine | System: Urine | Units: umol/mmol creatinine | Info: 
59252-7,Homocysteine cysteine disulfide [Moles/volume] in Cerebral spinal fluid,Test: Homocysteine cysteine disulfide | System: CSF | Units: umol/L | Info: 
59253-5,Homocysteine cysteine disulfide [Moles/volume] in Urine,Test: Homocysteine cysteine disulfide | System: Urine | Units: umol/L | Info: 
59254-3,Acylcarnitine/Acylcarnitine+Carnitine Free (C0) [Molar ratio] in Serum or Plasma,Test: Acylcarnitine/Acylcarnitine+Carnitine Free (C0) | System: Ser/Plas | Units: umol/umol | Info: 
102051-0,1-deoxysphinganine [Mass/volume] in Serum by LC/MS/MS,Test: 1-deoxysphinganine | System: Ser | Units: ng/mL | Info: 
59265-9,8-Hydroxydeoxyguanosine/Creatinine [Mass Ratio] in Urine,Test: 8-Hydroxydeoxyguanosine/Creatinine | System: Urine | Units: ng/mg creatinine | Info: 
102052-8,1-Deoxysphingosine [Mass/volume] in Serum by LC/MS/MS,"Test: (2S,3R)-2-Amino-4-octadecene-3-ol | System: Ser | Units: ng/mL | Info: "
59376-4,"3-Keto, 2-Methylvalerate/Creatinine [Molar ratio] in Urine","Test: 3-Keto, 2-Methylvalerate/Creatinine | System: Urine | Units: mmol/mol creatinine | Info: "
59377-2,2-Methylacetoacetate/Creatinine [Molar ratio] in Urine,Test: 2-Methylacetoacetate/Creatinine | System: Urine | Units: mmol/mol creatinine | Info: 
59386-3,Starch [Mass/mass] in Stool by Infrared spectroscopy,Test: Starch | System: Stool | Units: g/100 g | Info: 
102053-6,1-deoxymethylsphinganine [Mass/volume] in Serum by LC/MS/MS,Test: 1-deoxymethylsphinganine | System: Ser | Units: ng/mL | Info: 
59563-7,Protein.monoclonal band 4 [Mass/volume] in Urine by Electrophoresis,Test: Protein.monoclonal band 4 | System: Urine | Units: g/L | Info: 
102054-4,1-deoxymethylsphingosine [Mass/volume] in Serum by LC/MS/MS,Test: 1-deoxymethylsphingosine | System: Ser | Units: ng/mL | Info: 
59570-2,Urea nitrogen [Moles/volume] in Blood,Test: Urea nitrogen | System: Bld | Units: mmol/L | Info: 
5965-9,Plasmin inhibitor [Units/volume] in Platelet poor plasma by Chromogenic method,Test: Plasmin inhibitor | System: PPP | Units: arb U/mL | Info: 
5970-9,Plasminogen [Units/volume] in Platelet poor plasma by Chromogenic method,Test: Plasminogen | System: PPP | Units: CTA U/mL | Info: 
5971-7,Plasminogen activator tissue type Ag [Mass/volume] in Platelet poor plasma by Immunoassay,Test: Plasminogen activator tissue type Ag | System: PPP | Units: ug/L;ng/mL | Info: 
5974-1,Plasminogen activator inhibitor 1 [Units/volume] in Platelet poor plasma by Chromogenic method,Test: Plasminogen activator inhibitor 1 | System: PPP | Units: arb U/mL | Info: 
5977-4,Plasminogen activator inhibitor 2 Ag [Mass/volume] in Platelet poor plasma by Immunoassay,Test: Plasminogen activator inhibitor 2 Ag | System: PPP | Units: ng/mL | Info: 
59790-6,Hexacarboxylporphyrin [Moles/volume] in Serum or Plasma,Test: Hexacarboxylporphyrin | System: Ser/Plas | Units: nmol/L | Info: 
59800-3,Protein.monoclonal band 2/Protein.total in Urine by Electrophoresis,Test: Protein.monoclonal band 2/Protein.total | System: Urine | Units: % | Info: 
59801-1,Protein.monoclonal band 3/Protein.total in Urine by Electrophoresis,Test: Protein.monoclonal band 3/Protein.total | System: Urine | Units: % | Info: 
59802-9,Protein.monoclonal band 4/Protein.total in Urine by Electrophoresis,Test: Protein.monoclonal band 4/Protein.total | System: Urine | Units: % | Info: 
5980-8,Plasminogen activator inhibitor Ag [Mass/volume] in Platelet poor plasma by Immunoassay,Test: Plasminogen activator inhibitor Ag | System: PPP | Units: ug/L | Info: 
59827-6,Bilirubin.total [Mass/volume] in Arterial blood,Test: Bilirubin | System: BldA | Units: mg/dL | Info: 
59828-4,Bilirubin.total [Mass/volume] in Venous blood,Test: Bilirubin | System: BldV | Units: mg/dL | Info: 
102055-1,Sphinganine [Mass/volume] in Serum by LC/MS/MS,Test: Sphinganine | System: Ser | Units: ng/mL | Info: 
102056-9,Sphingosine [Mass/volume] in Serum by LC/MS/MS,Test: Sphingosine | System: Ser | Units: ng/mL | Info: 
59834-2,Creatinine reduction ratio in Serum or Plasma,Test: Creatinine reduction ratio | System: Ser/Plas | Units: % | Info: 
59835-9,Parathyrin.intact [Mass/volume] in Body fluid,Test: Parathyrin.intact | System: Body fld | Units: pg/mL | Info: 
5986-5,Plasminogen activator tissue type [Units/volume] in Platelet poor plasma by Chromogenic method,Test: Plasminogen activator tissue type | System: PPP | Units: arb U/mL | Info: 
60018-9,Lactate dehydrogenase [Enzymatic activity/volume] in Pericardial fluid by Pyruvate to lactate reaction,Test: Lactate dehydrogenase | System: Pericard fld | Units: arb U/L | Info: 
6002-0,Platelet factor 4 [Units/volume] in Platelet poor plasma,Test: Platelet factor 4 | System: PPP | Units: OD units | Info: 
60020-5,Lactate dehydrogenase [Enzymatic activity/volume] in Peritoneal fluid by Pyruvate to lactate reaction,Test: Lactate dehydrogenase | System: Periton fld | Units: arb U/L | Info: 
60021-3,Lactate dehydrogenase [Enzymatic activity/volume] in Pleural fluid by Pyruvate to lactate reaction,Test: Lactate dehydrogenase | System: Plr fld | Units: arb U/L | Info: 
60023-9,Lactate dehydrogenase [Enzymatic activity/volume] in Cerebral spinal fluid by Pyruvate to lactate reaction,Test: Lactate dehydrogenase | System: CSF | Units: arb U/L | Info: 
6005-3,Prekallikrein (Fletcher Factor) [Units/volume] in Platelet poor plasma,Test: Prekallikrein | System: PPP | Units: arb U/mL | Info: 
6006-1,Protein C [Units/volume] in Platelet poor plasma by Chromogenic method,Test: Protein C | System: PPP | Units: IU/mL | Info: 
6009-5,Protein C Ag [Units/volume] in Platelet poor plasma by Immunoassay,Test: Protein C Ag | System: PPP | Units: IU/mL; % | Info: 
6012-9,von Willebrand factor (vWf) Ag [Units/volume] in Platelet poor plasma by Immunoassay,Test: von Willebrand factor Ag | System: PPP | Units: IU/mL; % | Info: 
6014-5,von Willebrand factor (vWf) actual/normal in Platelet poor plasma by Aggregometry.ristocetin cofactor activity,Test: von Willebrand factor actual/Normal | System: PPP | Units: % | Info: 
60217-7,Chloride [Moles/volume] in Mother's milk,Test: Chloride | System: Mmlk | Units: mmol/L | Info: 
60218-5,Potassium [Moles/volume] in Mother's milk,Test: Potassium | System: Mmlk | Units: mmol/L | Info: 
60219-3,Coenzyme Q10/Protein [Molar ratio] in Tissue,Test: Ubiquinone 10/Protein | System: Tiss | Units: pmol/mol | Info: 
60220-1,Sodium [Moles/volume] in Mother's milk,Test: Sodium | System: Mmlk | Units: mmol/L | Info: 
60224-3,Beta-trace protein [Mass/volume] in Nasal fluid,Test: Beta-trace protein | System: Nasal fluid | Units: mg/L | Info: 
60243-3,Matrix metallopeptidase 9 [Mass/volume] in Serum,Test: Matrix metallopeptidase 9 | System: Ser | Units: ng/mL | Info: 
60344-9,Lipoprotein a/total Lipoprotein in Serum or Plasma,Test: Lipoprotein (little a)/Lipoprotein.total | System: Ser/Plas | Units: % | Info: 
102090-8,Ceruloplasmin [Mass/volume] in 24 hour Urine,Test: Ceruloplasmin | System: Urine | Units: g/dL | Info: 
60469-4,Urate [Mass/volume] in Pleural fluid,Test: Urate | System: Plr fld | Units: mg/dL | Info: 
60493-4,Calcidiol+Calciferol [Moles/volume] in Serum or Plasma,Test: Calcidiol+Calciferol | System: Ser/Plas | Units: nmol/L | Info: 
60519-6,Fatty acids.ethyl esters [Moles/mass] in Meconium,Test: Fatty acids.ethyl esters | System: Meconium | Units: nmol/g | Info: 
60539-4,Tryptase.beta [Mass/volume] in Serum or Plasma,Test: Tryptase.beta | System: Ser/Plas | Units: ng/mL | Info: 
60840-6,Base excess in Extracellular fluid by calculation,Test: Base excess | System: Extracellular fld | Units: mmol/L | Info: 
61190-5,Prothrombin time (PT) in Platelet poor plasma from Fetus by Coagulation assay,Test: Coagulation | System: PPP^Fetus | Units: s | Info: 
61195-4,Albumin [Mass/volume] in Serum or Plasma from Fetus,Test: Albumin | System: Ser/Plas^Fetus | Units: g/L | Info: 
61196-2,Albumin [Mass/volume] in Urine from Fetus,Test: Albumin | System: Urine^Fetus | Units: mg/L | Info: 
62255-5,Lipoprotein insulin resistance score in Serum or Plasma,Test: Lipoprotein insulin resistance score | System: Ser/Plas | Units: Index | Info: 
62290-2,"1,25-Dihydroxyvitamin D [Mass/volume] in Serum or Plasma","Test: 1,25-Dihydroxyvitamin D | System: Ser/Plas | Units: pg/mL | Info: "
62291-0,"1,25-Dihydroxyvitamin D2 [Mass/volume] in Serum or Plasma","Test: 1,25-Dihydroxyvitamin D2 | System: Ser/Plas | Units: pg/mL | Info: "
62310-8,Galactosylceramidase [Enzymatic activity/volume] in DBS,Test: Galactosylceramidase | System: Bld.dot | Units: umol/L/h | Info: 
62316-5,Acid sphingomyelinase [Enzymatic activity/volume] in DBS,Test: Acid sphingomyelinase | System: Bld.dot | Units: umol/L/h | Info: 
62453-6,Fatty acids.ethyl esters [Moles/mass] in Hair,Test: Fatty acids.ethyl esters | System: Hair | Units: nmol/g | Info: 
62489-0,Sulfate.inorganic [Moles/time] in 24 hour Urine,Test: Sulfate.inorganic | System: Urine | Units: mEq/24 H | Info: 
6298-4,Potassium [Moles/volume] in Blood,Test: Potassium | System: Bld | Units: mmol/L | Info: 
6300-8,Glucose [Mass/volume] in Amniotic fluid,Test: Glucose | System: Amnio fld | Units: mg/dL | Info: 
63523-5,Carboxyhemoglobin/Hemoglobin.total in Arterial cord blood,Test: Carboxyhemoglobin/Hemoglobin.total | System: BldCoA | Units: % | Info: 
63524-3,Carboxyhemoglobin/Hemoglobin.total in Venous cord blood,Test: Carboxyhemoglobin/Hemoglobin.total | System: BldCoV | Units: % | Info: 
63549-0,Albumin in serum - albumin in peritoneal fluid [Mass concentration difference],Test: Albumin.serum-Albumin.periton fld | System: Periton fld+Ser/Plas | Units: g/dL | Info: 
63550-8,Calcium magnesium phosphate/Total in Stone,Test: Calcium magnesium phosphate/Total | System: Calculus | Units: % | Info: 
64082-1,Bilirubin.indirect [Mass/volume] in Cord blood,Test: Bilirubin.non-glucuronidated | System: BldCo | Units: mg/dL | Info: 
64797-4,Oxygen content in Venous cord blood by calculation,Test: Oxygen content | System: BldCoV | Units: ml/dl | Info: 
64800-6,Oxygen content in Arterial cord blood by calculation,Test: Oxygen content | System: BldCoA | Units: ml/dl | Info: 
65343-6,Oxygen [Partial pressure] saturation adjusted to 0.5 in Blood,Test: Oxygen^^saturation adjusted to 0.5 | System: Bld | Units: mm Hg | Info: 
65362-6,Magnesium [Moles/volume] corrected for albumin in Serum or Plasma,Test: Magnesium^^corrected for albumin | System: Ser/Plas | Units: mmol/L | Info: 
65363-4,Glutathione [Moles/volume] in Blood,Test: Glutathione | System: Bld | Units: uMol/L | Info: 
65364-2,Cortisol Free/Cortisol.total in Serum or Plasma,Test: Cortisol.free/Cortisol.total | System: Ser/Plas | Units: % | Info: 
6597-9,Troponin T.cardiac [Mass/volume] in Venous blood,Test: Troponin T.cardiac | System: BldV | Units: ug/L | Info: 
66499-5,Cholesterol in VLDL.beta [Mass/volume] in Serum or Plasma,Test: Cholesterol.in VLDL.beta | System: Ser/Plas | Units: mg/dL | Info: 
66745-1,Clot Lysis [Length fraction] in Blood by Thromboelastography --30 minutes post maximum clot amplitude,Test: Coagulum lysis^30M post maximum clot amplitude | System: Bld | Units: % | Info: 
66750-1,Clot angle in Blood by Thromboelastography --after addition of heparinase,Test: Clot angle^after addition of heparinase | System: Bld | Units: deg | Info: 
66752-7,Clot strength in Blood by Thromboelastography --after addition of heparinase,Test: Clot strength^after addition of heparinase | System: Bld | Units: Kd/s | Info: 
66753-5,Clot formation [Time] in Blood by Thromboelastography --after addition of heparinase,Test: Clot formation^after addition of heparinase | System: Bld | Units: min | Info: 
66754-3,Clot firmness [Length fraction] in Blood by Thromboelastography --30 min p max clot amplitude + heparinase,Test: Clot firmness^30M after maximum clot amplitude after addition of heparinase | System: Bld | Units: % | Info: 
66755-0,Maximum clot firmness [Length] in Blood by Thromboelastography --after addition of heparinase,Test: Maximum clot firmness^after addition of heparinase | System: Bld | Units: mm | Info: 
66756-8,Clot initiation [Time] in Blood by Thromboelastography --after addition of heparinase,Test: Clot initiation^after addition of heparinase | System: Bld | Units: min | Info: 
66758-4,Clot firmness reduction [Length fraction] in Blood by Thromboelastography --60M post maximum clot amplitude,Test: Clot firmness reduction^60M post maximum clot amplitude | System: Bld | Units: % | Info: 
66762-6,Choriogonadotropin.beta subunit [Units/volume] in Pleural fluid,Test: Choriogonadotropin.beta subunit | System: Plr fld | Units: IU/L | Info: 
66763-4,Choriogonadotropin.beta subunit [Units/volume] in Peritoneal fluid,Test: Choriogonadotropin.beta subunit | System: Periton fld | Units: IU/L | Info: 
66765-9,Albumin in pericardial fld/Albumin in Serum or Plasma,Test: Albumin.pericard fld/Albumin.SerPl | System: Pericard fld+Ser/Plas | Units: Ratio | Info: 
66766-7,Albumin in peritoneal fluid/Albumin in Serum or Plasma,Test: Albumin.periton fld/Albumin.SerPl | System: Periton fld+Ser/Plas | Units: Ratio | Info: 
66767-5,Vanillylmandelate/Body weight [Moles/kg/time] in 24 hour Urine,Test: Vanillylmandelate/body weight | System: Urine | Units: mmol/kg/d | Info: 
102111-2,Gastrin 34 [Moles/volume] in Serum or Plasma by LC/MS/MS,Test: Gastrin-34 | System: Ser/Plas | Units: pmol/L | Info: 
6695-1,Riboflavin [Mass/volume] in Blood,Test: Riboflavin | System: Bld | Units: ug/mL | Info: 
6704-1,11-Ketopregnanetriol [Mass/time] in 24 hour Urine,Test: 11-Ketopregnanetriol | System: Urine | Units: mg/24 H | Info: 
102122-9,Oxygen/Gas total [Partial pressure] in Arterial blood and Inhaled gas,Test: Oxygen/Gas.total | System: BldA+Inhl gas | Units: mmHg | Info: 
67568-6,Circulating tumor cells.breast [#/volume] in Blood,Test: Circulating tumor cells.breast | System: Bld | Units: CTCs/7.5 mL | Info: 
6767-8,18-Hydroxycorticosteroids [Mass/volume] in Serum,Test: 18-Hydroxycorticosteroids | System: Ser | Units: mg/L | Info: 
6768-6,Alkaline phosphatase [Enzymatic activity/volume] in Serum or Plasma,Test: Alkaline phosphatase | System: Ser/Plas | Units: arb U/L | Info: 
102123-7,Oxygen/Gas total [Partial pressure] adjusted to patient's actual temperature in Arterial blood and Inhaled gas,Test: Oxygen/Gas.total^^adjusted to patient's actual temperature | System: BldA+Inhl gas | Units: mm[Hg] | Info: 
10337-4,Procollagen type I [Mass/volume] in Serum,Test: Procollagen type I | System: Ser | Units: ug/L | Info: 
68123-9,Circulating tumor cells.prostate [#/volume] in Blood,Test: Circulating tumor cells.prostate | System: Bld | Units: CTCs/7.5 mL | Info: 
68124-7,Circulating tumor cells.colon [#/volume] in Blood,Test: Circulating tumor cells.colon | System: Bld | Units: CTCs/7.5 mL | Info: 
103542-7,Tubular reabsorption of phosphorus/Glomerular filtration rate [Mass/volume] in Urine and Serum or Plasma,Test: Tubular reabsorption of phosphorus/Glomerular filtration rate | System: Urine+Ser/Plas | Units: mg/dl | Info: 
68363-1,Oxygen saturation in Cord blood,Test: Oxygen saturation | System: BldCo | Units: % | Info: 
68441-5,Gamma hydroxybutyrate [Moles/volume] in Gastric fluid,Test: Gamma hydroxybutyrate | System: Gast fld | Units: umol/L | Info: 
68452-2,Lactate dehydrogenase [Enzymatic activity/volume] in Synovial fluid by Pyruvate to lactate reaction,Test: Lactate dehydrogenase | System: Synv fld | Units: arb U/L | Info: 
6883-3,Glucose.protein bound [Mass/volume] in Serum or Plasma,Test: Glucose.protein bound | System: Ser/Plas | Units: mg/dL | Info: 
6886-6,IgA subclass 1 [Mass/volume] in Serum,Test: IgA subclass 1 | System: Ser | Units: mg/dL | Info: 
103560-9,Aldosterone/Renin [Ratio] in Serum or Plasma,Test: Aldosterone/Renin | System: Ser/Plas | Units: {ratio} | Info: 
103577-3,Albumin [Mass/volume] in Serum by Immunoassay,Test: Albumin | System: Ser | Units: mg/dL | Info: 
68923-2,Cancer Ag 125 [Units/volume] in Pericardial fluid,Test: Cancer Ag 125 | System: Pericard fld | Units: arb U/mL | Info: 
68924-0,Cancer Ag 72-4 [Units/volume] in Peritoneal fluid,Test: Cancer Ag 72-4 | System: Periton fld | Units: arb U/mL | Info: 
68925-7,Cancer Ag 72-4 [Units/volume] in Cerebral spinal fluid,Test: Cancer Ag 72-4 | System: CSF | Units: arb U/mL | Info: 
68926-5,Cancer Ag 72-4 [Units/volume] in Pericardial fluid,Test: Cancer Ag 72-4 | System: Pericard fld | Units: arb U/mL | Info: 
68927-3,Cytokeratin 19 [Mass/volume] in Peritoneal fluid,Test: Cytokeratin 19 | System: Periton fld | Units: ng/mL | Info: 
68928-1,Cytokeratin 19 [Mass/volume] in Cerebral spinal fluid,Test: Cytokeratin 19 | System: CSF | Units: ng/mL | Info: 
68929-9,Cytokeratin 19 [Mass/volume] in Pericardial fluid,Test: Cytokeratin 19 | System: Pericard fld | Units: ng/mL | Info: 
68932-3,IgA.secretory [Mass/volume] in Tear,Test: IgA.secretory | System: Tear | Units: mg/dL | Info: 
68933-1,IgA.secretory [Mass/volume] in Sweat,Test: IgA.secretory | System: Sweat | Units: mg/dL | Info: 
68952-1,Enolase.neuron specific [Mass/volume] in Pericardial fluid,Test: Enolase.neuron specific | System: Pericard fld | Units: ng/mL | Info: 
103675-5,Phosphorylated tau 181 [Mass/volume] in Plasma by Immunoassay,Test: Tau protein.phosphorylated 181 | System: Plas | Units: pg/mL | Info: 
103710-0,Chenodeoxycholate+Cholate/Bile acid.total in Stool,Test: Chenodeoxycholate+Cholate/Bile acid.total | System: Stool | Units: % | Info: 
68980-2,Dabigatran [Units/volume] in Platelet poor plasma by Chromogenic method,Test: Dabigatran | System: PPP | Units: arb U/mL | Info: 
68981-0,Argatroban [Units/volume] in Platelet poor plasma by Chromogenic method,Test: Argatroban | System: PPP | Units: arb U/mL | Info: 
6938-5,IgA [Mass/volume] in Saliva (oral fluid),Test: IgA | System: Saliva | Units: mg/dL | Info: 
6939-3,IgA subclass 2 [Mass/volume] in Serum,Test: IgA subclass 2 | System: Ser | Units: mg/dL | Info: 
69423-2,Rosner index in Platelet poor plasma by Coagulation assay,Test: Rosner index | System: PPP | Units: % | Info: 
69560-1,Enolase.neuron specific [Mass/volume] in Peritoneal fluid,Test: Enolase.neuron specific | System: Periton fld | Units: ng/mL | Info: 
69561-9,Thyrotropin [Units/volume] in Cord blood,Test: Thyrotropin | System: BldCo | Units: uIU/L | Info: 
103745-6,Time interval between troponin I.high-sensitivity assays,Test: Time interval between troponin I.high-sensitivity assays | System: ^Patient | Units: min | Info: 
103784-5,Chemokine (C-C motif) ligand 26 [Mass/volume] in Serum or Plasma by Immunoassay,Test: Chemokine (C-C motif) ligand 26 | System: Ser/Plas | Units: pg/mL | Info: 
69573-4,Tiglylcarnitine+methylcrotonylcarnitine (C5:1) [Moles/volume] in Serum or Plasma,Test: Tiglylcarnitine+methylcrotonylcarnitine (C5:1) | System: Ser/Plas | Units: umol/L | Info: 
69768-0,2-Oxoadipate [Moles/volume] in Serum or Plasma,Test: 2-Oxoadipate | System: Ser/Plas | Units: umol/L | Info: 
69769-8,Dicarboxyoleylcarnitine (C18:1-DC)/Creatinine [Molar ratio] in Urine,Test: Dicarboxyoleylcarnitine (C18:1-DC)/Creatinine | System: Urine | Units: umol/mmol creatinine | Info: 
69770-6,Dicarboxyoleylcarnitine (C18:1-DC) [Moles/volume] in Cerebral spinal fluid,Test: Dicarboxyoleylcarnitine (C18:1-DC) | System: CSF | Units: umol/L | Info: 
69771-4,Dicarboxyoleylcarnitine (C18:1-DC) [Moles/volume] in Amniotic fluid,Test: Dicarboxyoleylcarnitine (C18:1-DC) | System: Amnio fld | Units: umol/L | Info: 
69772-2,Orotate [Moles/volume] in Serum or Plasma,Test: Orotate | System: Ser/Plas | Units: umol/L | Info: 
69773-0,Dicarboxyoleylcarnitine (C18:1-DC) [Moles/volume] in Urine,Test: Dicarboxyoleylcarnitine (C18:1-DC) | System: Urine | Units: umol/L | Info: 
69774-8,Propionylcarnitine (C3) [Moles/volume] in Urine,Test: Propionylcarnitine (C3) | System: Urine | Units: umol/L | Info: 
69775-5,Stearoylcarnitine (C18) [Moles/volume] in Urine,Test: Stearoylcarnitine (C18) | System: Urine | Units: umol/L | Info: 
69776-3,Suberylcarnitine (C8-DC)/Creatinine [Molar ratio] in Urine,Test: Suberylcarnitine (C8-DC)/Creatinine | System: Urine | Units: umol/mmol creatinine | Info: 
69777-1,Suberylcarnitine (C8-DC) [Moles/volume] in Cerebral spinal fluid,Test: Suberylcarnitine (C8-DC) | System: CSF | Units: umol/L | Info: 
69778-9,Suberylcarnitine (C8-DC) [Moles/volume] in Amniotic fluid,Test: Suberylcarnitine (C8-DC) | System: Amnio fld | Units: umol/L | Info: 
69779-7,Suberylcarnitine (C8-DC) [Moles/volume] in Urine,Test: Suberylcarnitine (C8-DC) | System: Urine | Units: umol/L | Info: 
69780-5,2-Hydroxyisovalerate [Moles/volume] in Cerebral spinal fluid,Test: 2-Hydroxyisovalerate | System: CSF | Units: umol/L | Info: 
69781-3,2-Hydroxyisovalerate [Moles/volume] in Serum or Plasma,Test: 2-Hydroxyisovalerate | System: Ser/Plas | Units: umol/L | Info: 
69784-7,2-Hydroxysebacate [Moles/volume] in Cerebral spinal fluid,Test: 2-Hydroxysebacate | System: CSF | Units: umol/L | Info: 
69785-4,2-Hydroxysebacate [Moles/volume] in Serum or Plasma,Test: 2-Hydroxysebacate | System: Ser/Plas | Units: umol/L | Info: 
69786-2,2-Methylacetoacetate [Moles/volume] in Cerebral spinal fluid,Test: 2-Methylacetoacetate | System: CSF | Units: umol/L | Info: 
69787-0,2-Methylacetoacetate [Moles/volume] in Serum or Plasma,Test: 2-Methylacetoacetate | System: Ser/Plas | Units: umol/L | Info: 
69788-8,2-methyl-3-hydroxybutyrate (C5-OH) [Moles/volume] in Cerebral spinal fluid,Test: 2-Methyl-3-Hydroxybutyrate | System: CSF | Units: umol/L | Info: 
69789-6,2-methyl-3-hydroxybutyrate (C5-OH) [Moles/volume] in Serum or Plasma,Test: 2-Methyl-3-Hydroxybutyrate | System: Ser/Plas | Units: umol/L | Info: 
69790-4,2-Methylbutyrylglycine [Moles/volume] in Serum or Plasma,Test: 2-Methylbutyrylglycine | System: Ser/Plas | Units: umol/L | Info: 
69791-2,Tetradecadienoylcarnitine (C14:2)/Creatinine [Molar ratio] in Urine,Test: Tetradecadienoylcarnitine (C14:2)/Creatinine | System: Urine | Units: umol/mmol creatinine | Info: 
69792-0,Tetradecadienoylcarnitine (C14:2) [Moles/volume] in Cerebral spinal fluid,Test: Tetradecadienoylcarnitine (C14:2) | System: CSF | Units: umol/L | Info: 
69793-8,Tetradecadienoylcarnitine (C14:2) [Moles/volume] in Amniotic fluid,Test: Tetradecadienoylcarnitine (C14:2) | System: Amnio fld | Units: umol/L | Info: 
69794-6,Tetradecadienoylcarnitine (C14:2) [Moles/volume] in Urine,Test: Tetradecadienoylcarnitine (C14:2) | System: Urine | Units: umol/L | Info: 
69795-3,Dicarboxytetradecenoylcarnitine (C14:1-DC)/Creatinine [Molar ratio] in Urine,Test: Dicarboxytetradecenoylcarnitine (C14:1-DC)/Creatinine | System: Urine | Units: umol/mmol creatinine | Info: 
69799-5,21-Deoxycorticosterone [Moles/volume] in Serum or Plasma,Test: 21-Deoxycorticosterone | System: Ser/Plas | Units: pmol/L | Info: 
69801-9,2-Oxoadipate [Moles/volume] in Cerebral spinal fluid,Test: 2-Oxoadipate | System: CSF | Units: umol/L | Info: 
69802-7,Alpha ketoglutarate [Moles/volume] in Cerebral spinal fluid,Test: Alpha ketoglutarate | System: CSF | Units: umol/L | Info: 
69803-5,Alpha ketoglutarate [Moles/volume] in Serum or Plasma,Test: Alpha ketoglutarate | System: Ser/Plas | Units: umol/L | Info: 
69804-3,2-Oxoisocaproate [Moles/volume] in Cerebral spinal fluid,Test: 2-Oxoisocaproate | System: CSF | Units: umol/L | Info: 
69825-8,2-Ethylhydracrylate [Moles/volume] in Cerebral spinal fluid,Test: 2-Ethylhydracrylate | System: CSF | Units: umol/L | Info: 
69826-6,2-Ethylhydracrylate [Moles/volume] in Serum or Plasma,Test: 2-Ethylhydracrylate | System: Ser/Plas | Units: umol/L | Info: 
69827-4,2-Methylglutarate [Moles/volume] in Serum or Plasma,Test: 2-Methylglutarate | System: Ser/Plas | Units: umol/L | Info: 
69828-2,Methylsuccinate [Moles/volume] in Amniotic fluid,Test: Methylsuccinate | System: Amnio fld | Units: umol/L | Info: 
69829-0,Methylsuccinate [Moles/volume] in Serum or Plasma,Test: Methylsuccinate | System: Ser/Plas | Units: umol/L | Info: 
69835-7,3-Hydroxyadipate [Moles/volume] in Cerebral spinal fluid,Test: 3-Hydroxyadipate | System: CSF | Units: umol/L | Info: 
69836-5,3-Hydroxyadipate [Moles/volume] in Serum or Plasma,Test: 3-Hydroxyadipate | System: Ser/Plas | Units: umol/L | Info: 
69837-3,3-Hydroxyglutarate [Moles/volume] in Cerebral spinal fluid,Test: 3-Hydroxyglutarate | System: CSF | Units: umol/L | Info: 
69838-1,2-Hydroxy-3-Methylvalerate [Moles/volume] in Cerebral spinal fluid,Test: 2-Hydroxy-3-Methylvalerate | System: CSF | Units: umol/L | Info: 
69839-9,2-Hydroxy-3-Methylvalerate [Moles/volume] in Serum or Plasma,Test: 2-Hydroxy-3-Methylvalerate | System: Ser/Plas | Units: umol/L | Info: 
69840-7,2-Hydroxyadipate [Moles/volume] in Cerebral spinal fluid,Test: 2-Hydroxyadipate | System: CSF | Units: umol/L | Info: 
69841-5,2-Hydroxyadipate [Moles/volume] in Serum or Plasma,Test: 2-Hydroxyadipate | System: Ser/Plas | Units: umol/L | Info: 
69842-3,Alpha hydroxybutyrate [Moles/volume] in Cerebral spinal fluid,Test: Alpha hydroxybutyrate | System: CSF | Units: umol/L | Info: 
69843-1,Alpha hydroxybutyrate [Moles/volume] in Serum or Plasma,Test: Alpha hydroxybutyrate | System: Ser/Plas | Units: umol/L | Info: 
69844-9,2-Hydroxyglutarate [Moles/volume] in Cerebral spinal fluid,Test: 2-Hydroxyglutarate | System: CSF | Units: umol/L | Info: 
69845-6,2-Hydroxyglutarate [Moles/volume] in Serum or Plasma,Test: 2-Hydroxyglutarate | System: Ser/Plas | Units: umol/L | Info: 
69848-0,2-Hydroxyisocaproate [Moles/volume] in Cerebral spinal fluid,Test: 2-Hydroxyisocaproate | System: CSF | Units: umol/L | Info: 
69849-8,2-Hydroxyisocaproate [Moles/volume] in Serum or Plasma,Test: 2-Hydroxyisocaproate | System: Ser/Plas | Units: umol/L | Info: 
69850-6,3-Hydroxyglutarate [Moles/volume] in Amniotic fluid,Test: 3-Hydroxyglutarate | System: Amnio fld | Units: umol/L | Info: 
69851-4,3-Hydroxyglutarate [Moles/volume] in Serum or Plasma,Test: 3-Hydroxyglutarate | System: Ser/Plas | Units: umol/L | Info: 
69852-2,3-Hydroxyisobutyrate [Moles/volume] in Cerebral spinal fluid,Test: 3-Hydroxyisobutyrate | System: CSF | Units: umol/L | Info: 
69853-0,3-Hydroxyisobutyrate [Moles/volume] in Serum or Plasma,Test: 3-Hydroxyisobutyrate | System: Ser/Plas | Units: umol/L | Info: 
103785-2,Monocyte Chemoattractant Proteins 4 [Mass/volume] in Serum or Plasma by Immunoassay,Test: Monocyte Chemoattractant Proteins 4 | System: Ser/Plas | Units: pg/mL | Info: 
69951-2,Amylase.pancreatic/Creatinine [Ratio] in Urine,Test: Amylase.pancreatic/Creatinine | System: Urine | Units: U/mmol creatinine | Info: 
103786-0,Macrophage derived chemokine [Mass/volume] in Serum or Plasma by Immunoassay,Test: Macrophage derived chemokine | System: Ser/Plas | Units: pg/mL | Info: 
70072-4,Amyloid beta 40 peptide [Mass/volume] in Cerebral spinal fluid,Test: Amyloid beta 40 peptide | System: CSF | Units: pg/mL | Info: 
70073-2,Amyloid beta 40 peptide [Mass/volume] in Plasma,Test: Amyloid beta 40 peptide | System: Plas | Units: pg/mL | Info: 
70075-7,Interleukin 1 alpha [Mass/volume] in Cerebral spinal fluid,Test: Interleukin 1 alpha | System: CSF | Units: pg/mL | Info: 
70076-5,Interleukin 1 alpha [Mass/volume] in Body fluid,Test: Interleukin 1 alpha | System: Body fld | Units: pg/mL | Info: 
70077-3,Interleukin 2 [Mass/volume] in Cerebral spinal fluid,Test: Interleukin 2 | System: CSF | Units: pg/mL | Info: 
70078-1,Interleukin 2 [Mass/volume] in Body fluid,Test: Interleukin 2 | System: Body fld | Units: pg/mL | Info: 
70079-9,Interleukin 3 [Mass/volume] in Serum or Plasma,Test: Interleukin 3 | System: Ser/Plas | Units: pg/mL | Info: 
70080-7,Interleukin 3 [Mass/volume] in Cerebral spinal fluid,Test: Interleukin 3 | System: CSF | Units: pg/mL | Info: 
70081-5,Interleukin 3 [Mass/volume] in Body fluid,Test: Interleukin 3 | System: Body fld | Units: pg/mL | Info: 
70082-3,Interleukin 4 [Mass/volume] in Body fluid,Test: Interleukin 4 | System: Body fld | Units: pg/mL | Info: 
70083-1,Interleukin 4 [Mass/volume] in Cerebral spinal fluid,Test: Interleukin 4 | System: CSF | Units: pg/mL | Info: 
70084-9,Interleukin 5 [Mass/volume] in Cerebral spinal fluid,Test: Interleukin 5 | System: CSF | Units: pg/mL | Info: 
70085-6,Interleukin 5 [Mass/volume] in Body fluid,Test: Interleukin 5 | System: Body fld | Units: pg/mL | Info: 
70086-4,Interleukin 7 [Mass/volume] in Serum or Plasma,Test: Interleukin 7 | System: Ser/Plas | Units: pg/mL | Info: 
70087-2,Interleukin 7 [Mass/volume] in Cerebral spinal fluid,Test: Interleukin 7 | System: CSF | Units: pg/mL | Info: 
70088-0,Interleukin 7 [Mass/volume] in Body fluid,Test: Interleukin 7 | System: Body fld | Units: pg/mL | Info: 
70089-8,Interleukin 13 [Mass/volume] in Cerebral spinal fluid,Test: Interleukin 13 | System: CSF | Units: pg/mL | Info: 
70090-6,Interleukin 13 [Mass/volume] in Body fluid,Test: Interleukin 13 | System: Body fld | Units: pg/mL | Info: 
70091-4,Prostaglandin E2 [Mass/volume] in Cerebral spinal fluid,Test: Prostaglandin E2 | System: CSF | Units: pg/mL | Info: 
70092-2,Prostaglandin E1 [Mass/volume] in Body fluid,Test: Prostaglandin E1 | System: Body fld | Units: pg/mL | Info: 
70093-0,Prostaglandin E1 [Mass/volume] in Cerebral spinal fluid,Test: Prostaglandin E1 | System: CSF | Units: pg/mL | Info: 
70094-8,Prostaglandin F2 alpha [Mass/volume] in Cerebral spinal fluid,Test: Prostaglandin F2 alpha | System: CSF | Units: pg/mL | Info: 
70095-5,Prostaglandin F2 alpha [Mass/volume] in Body fluid,Test: Prostaglandin F2 alpha | System: Body fld | Units: pg/mL | Info: 
70096-3,Thyrotropin releasing hormone [Mass/volume] in Urine,Test: Thyrotropin releasing hormone | System: Urine | Units: ng/L | Info: 
70159-9,Tetradecenoylcarnitine (C14:1)/Tetradecanoylcarnitine (C14) [Molar ratio] in DBS,Test: Tetradecenoylcarnitine (C14:1)/Tetradecanoylcarnitine (C14) | System: Bld.dot | Units: ratio | Info: 
70174-8,Dicarboxytetradecenoylcarnitine (C14:1-DC) [Moles/volume] in Cerebral spinal fluid,Test: Dicarboxytetradecenoylcarnitine (C14:1-DC) | System: CSF | Units: umol/L | Info: 
70175-5,Dicarboxytetradecenoylcarnitine (C14:1-DC) [Moles/volume] in Amniotic fluid,Test: Dicarboxytetradecenoylcarnitine (C14:1-DC) | System: Amnio fld | Units: umol/L | Info: 
70176-3,Dicarboxytetradecenoylcarnitine (C14:1-DC) [Moles/volume] in Serum or Plasma,Test: Dicarboxytetradecenoylcarnitine (C14:1-DC) | System: Ser/Plas | Units: umol/L | Info: 
70177-1,Dicarboxytetradecenoylcarnitine (C14:1-DC) [Moles/volume] in Urine,Test: Dicarboxytetradecenoylcarnitine (C14:1-DC) | System: Urine | Units: umol/L | Info: 
103962-7,11-Ketotestosterone [Moles/volume] in Serum or Plasma by LC/MS/MS,Test: 11-Ketotestosterone | System: Ser/Plas | Units: nmol/L | Info: 
104113-6,Heparan-N-sulfatase [Enzymatic activity/volume] in DBS,Test: Heparan-N-sulfatase | System: Bld.dot | Units: nmol/mL/h | Info: 
104114-4,Alpha-N-acetylglucosaminidase [Enzymatic activity/volume] in DBS,Test: Alpha-N-acetylglucosaminidase | System: Bld.dot | Units: nmol/mL/h | Info: 
104115-1,heparan-alpha-glucosaminide N-acetyltransferase [Enzymatic activity/volume] in DBS,Test: heparan-alpha-glucosaminide N-acetyltransferase | System: Bld.dot | Units: nmol/mL/h | Info: 
70258-9,Amylase.pancreatic [Enzymatic activity/volume] in Peritoneal fluid,Test: Amylase.pancreatic | System: Periton fld | Units: arb U/L | Info: 
104117-7,11-Hydroxytestosterone [Moles/volume] in Serum or Plasma by LC/MS/MS,Test: 11-Hydroxytestosterone | System: Ser/Plas | Units: nmol/L | Info: 
104194-6,Creatine [Moles/volume] in DBS,Test: Creatine | System: Bld.dot | Units: mmol/L | Info: 
104195-3,Guanidinoacetate/Creatinine [Molar ratio] in DBS,Test: Guanidinoacetate/Creatinine | System: Bld.dot | Units: umol/mol creatinine | Info: 
70262-1,Amylase in peritoneal fluid/Amylase in serum,Test: Amylase.periton fld/Amylase.serum | System: Periton fld+Ser/Plas | Units: Ratio | Info: 
104196-1,Creatine/Creatinine [Molar ratio] in DBS,Test: Creatine/Creatinine | System: Bld.dot | Units: mmol/mol creatinine | Info: 
104248-0,Pepsinogen I/Pepsinogen II [Mass Ratio] in Serum,Test: Pepsinogen I/Pepsinogen II | System: Ser | Units: % | Info: 
104263-9,Galactosylceramidase [Enzymatic activity/volume] in Serum by LC/MS/MS,Test: Galactosylceramidase | System: Ser | Units: nmol/h/L | Info: 
104264-7,Galactosylceramidase [Enzymatic activity/volume] in Cerebral spinal fluid by LC/MS/MS,Test: Galactosylceramidase | System: CSF | Units: nmol/mL/h | Info: 
104481-7,Platelet aggregation in Plasma by EPINEPHrine induced 4 umol/L,Test: Platelet aggregation | System: Plas | Units: % | Info: 
70270-4,Amylase.pancreatic [Enzymatic activity/volume] in Pleural fluid,Test: Amylase.pancreatic | System: Plr fld | Units: arb U/L | Info: 
71363-6,Alkaline phosphatase.placental 2/Alkaline phosphatase.total in Serum or Plasma,Test: Alkaline phosphatase.placental 2/Alkaline phosphatase.total | System: Ser/Plas | Units: % | Info: 
71365-1,Alkaline phosphatase.intestinal 2 [Enzymatic activity/volume] in Serum or Plasma,Test: Alkaline phosphatase.intestinal 2 | System: Ser/Plas | Units: arb U/L | Info: 
71366-9,Alkaline phosphatase.intestinal 3 [Enzymatic activity/volume] in Serum or Plasma,Test: Alkaline phosphatase.intestinal 3 | System: Ser/Plas | Units: arb U/L | Info: 
71367-7,Alkaline phosphatase.placental 2 [Enzymatic activity/volume] in Serum or Plasma,Test: Alkaline phosphatase.placental 2 | System: Ser/Plas | Units: arb U/L | Info: 
104539-2,Creatine/Creatinine [Molar ratio] in Serum or Plasma,Test: Creatine/Creatinine | System: Ser/Plas | Units: mmol/mol creatinine | Info: 
104540-0,Guanidinoacetate/Creatinine [Molar ratio] in Serum or Plasma,Test: Guanidinoacetate/Creatinine | System: Ser/Plas | Units: umol/mmol creatinine | Info: 
104544-2,Kappa light chains.free [Mass/volume] in Serum or Plasma,Test: Immunoglobulin light chains.kappa.free | System: Ser/Plas | Units: mg/dL | Info: 
104546-7,Kappa light chains.free/Lambda light chains.free [Mass Ratio] in Serum or Plasma,Test: Immunoglobulin light chains.kappa.free/Immunoglobulin light chains.lambda.free | System: Ser/Plas | Units: {ratio} | Info: 
72157-1,Apo-transcobalamin II [Moles/volume] in Serum,Test: Apo-transcobalamin II | System: Ser | Units: pmol/L | Info: 
72158-9,Apo-transcobalamin I [Moles/volume] in Serum,Test: Apo-transcobalamin I | System: Ser | Units: pmol/L | Info: 
72258-7,Malondialdehyde [Entitic substance] in Platelets,Test: Malondialdehyde | System: Platelets | Units: nmol/10*9 platelets | Info: 
72260-3,Phosphorylated tau 181 [Mass/volume] in Cerebral spinal fluid by Immunoassay,Test: Tau protein.phosphorylated 181 | System: CSF | Units: pg/mL | Info: 
104604-4,Coenzyme Q10 [Moles/mass] in Tissue,Test: Ubiquinone 10 | System: Tiss | Units: pmol/mg protein | Info: 
104638-2,Glucose standard deviation/Glucose mean in Reporting Period Interstitial fluid by calculation,Test: Glucose standard deviation/Glucose mean | System: Interstitial fluid | Units: % | Info: 
104639-0,"Time above range, very high in Reporting Period Interstitial fluid by calculation","Test: Time above range, very high | System: Interstitial fluid | Units: % | Info: "
72362-7,Starch granules [#/area] in Urine sediment by Microscopy low power field,Test: Starch granules | System: Urine sed | Units: /LPF | Info: 
72403-9,3-epi-25-Hydroxyvitamin D3 [Mass/volume] in Serum or Plasma,Test: 3-epi-25-Hydroxyvitamin D3 | System: Ser/Plas | Units: ng/mL | Info: 
72404-7,3-epi-25-Hydroxyvitamin D2 [Mass/volume] in Serum or Plasma,Test: 3-epi-25-Hydroxyvitamin D2 | System: Ser/Plas | Units: ng/mL | Info: 
72420-3,Gamma aminobutyrate.free [Moles/volume] in Cerebral spinal fluid,Test: Gamma aminobutyrate.free | System: CSF | Units: umol/L | Info: 
72422-9,Gamma aminobutyrate [Moles/volume] in Blood from Fetus,Test: Gamma aminobutyrate | System: Bld^Fetus | Units: umol/L | Info: 
72423-7,3-Methylhistidine [Moles/volume] in Blood from Fetus,Test: 3-Methylhistidine | System: Bld^Fetus | Units: umol/L | Info: 
72424-5,3-Methylhistidine/Amino acids.total in Serum or Plasma,Test: 3-Methylhistidine/Amino acids.total | System: Ser/Plas | Units: % | Info: 
72425-2,7-Hydroxyoctanoate [Moles/volume] in Serum or Plasma,Test: 7-Hydroxyoctanoate | System: Ser/Plas | Units: umol/L | Info: 
72426-0,5-Hydroxyhexanoate [Moles/volume] in Serum or Plasma,Test: 5-Hydroxyhexanoate | System: Ser/Plas | Units: umol/L | Info: 
72427-8,4-Hydroxyphenylpyruvate [Moles/volume] in Cerebral spinal fluid,Test: 4-Hydroxyphenylpyruvate | System: CSF | Units: umol/L | Info: 
72428-6,4-Hydroxyphenylpyruvate [Moles/volume] in Serum or Plasma,Test: 4-Hydroxyphenylpyruvate | System: Ser/Plas | Units: umol/L | Info: 
72429-4,4-Hydroxyphenyllactate [Moles/volume] in Cerebral spinal fluid,Test: 4-Hydroxyphenyllactate | System: CSF | Units: umol/L | Info: 
72430-2,4-Hydroxyphenyllactate [Moles/volume] in Serum or Plasma,Test: 4-Hydroxyphenyllactate | System: Ser/Plas | Units: umol/L | Info: 
72431-0,4-Hydroxyphenylacetate [Moles/volume] in Cerebral spinal fluid,Test: 4-Hydroxyphenylacetate | System: CSF | Units: umol/L | Info: 
72432-8,4-Hydroxyphenylacetate [Moles/volume] in Serum or Plasma,Test: 4-Hydroxyphenylacetate | System: Ser/Plas | Units: umol/L | Info: 
72433-6,Gamma hydroxybutyrate [Moles/volume] in Cerebral spinal fluid,Test: Gamma hydroxybutyrate | System: CSF | Units: umol/L | Info: 
72434-4,"4,5-Dihydroxyhexanolactone [Moles/volume] in Serum or Plasma","Test: 4,5-Dihydroxyhexanolactone | System: Ser/Plas | Units: umol/L | Info: "
72435-1,"4,5-Dihydroxyhexanoate [Moles/volume] in Serum or Plasma","Test: 4,5-Dihydroxyhexanoate | System: Ser/Plas | Units: umol/L | Info: "
72436-9,Phenylpyruvate [Moles/volume] in Serum or Plasma,Test: Phenylpyruvate | System: Ser/Plas | Units: umol/L | Info: 
72437-7,Phenyllactate [Moles/volume] in Serum or Plasma,Test: Phenyllactate | System: Ser/Plas | Units: umol/L | Info: 
72438-5,3-Methylglutarate [Moles/volume] in Cerebral spinal fluid,Test: 3-Methylglutarate | System: CSF | Units: umol/L | Info: 
72439-3,3-Methylglutarate [Moles/volume] in Serum or Plasma,Test: 3-Methylglutarate | System: Ser/Plas | Units: umol/L | Info: 
72440-1,3-Methylglutaconate [Moles/volume] in Cerebral spinal fluid,Test: 3-Methylglutaconate | System: CSF | Units: umol/L | Info: 
72441-9,3-Methylcrotonylglycine [Moles/volume] in Amniotic fluid,Test: 3-Methylcrotonylglycine | System: Amnio fld | Units: umol/L | Info: 
72442-7,3-Methylcrotonylglycine [Moles/volume] in Cerebral spinal fluid,Test: 3-Methylcrotonylglycine | System: CSF | Units: umol/L | Info: 
72443-5,3-Methyladipate [Moles/volume] in Serum or Plasma,Test: 3-Methyladipate | System: Ser/Plas | Units: nmol/L | Info: 
72444-3,3-Hydroxytetradecanedioate [Moles/volume] in Serum or Plasma,Test: 3-Hydroxytetradecanedioate | System: Ser/Plas | Units: umol/L | Info: 
72445-0,3-Hydroxysuberate [Moles/volume] in Cerebral spinal fluid,Test: 3-Hydroxysuberate | System: CSF | Units: umol/L | Info: 
72446-8,3-Hydroxysuberate [Moles/volume] in Serum or Plasma,Test: 3-Hydroxysuberate | System: Ser/Plas | Units: umol/L | Info: 
72447-6,3-Hydroxysebacate ( 3-OH-C8) [Moles/volume] in Cerebral spinal fluid,Test: 3-Hydroxysebacate | System: CSF | Units: umol/L | Info: 
72448-4,3-Hydroxysebacate ( 3-OH-C8) [Moles/volume] in Serum or Plasma,Test: 3-Hydroxysebacate | System: Ser/Plas | Units: umol/L | Info: 
72449-2,3-Hydroxyisovalerate [Moles/volume] in Cerebral spinal fluid,Test: 3-Hydroxyisovalerate | System: CSF | Units: umol/L | Info: 
72450-0,3-Hydroxyisovalerate [Moles/volume] in Serum or Plasma,Test: 3-Hydroxyisovalerate | System: Ser/Plas | Units: umol/L | Info: 
72489-8,Androstenedione [Moles/volume] in Saliva (oral fluid),Test: Androstenedione | System: Saliva | Units: pmol/L | Info: 
104640-8,"Time above range, high in Reporting Period Interstitial fluid by calculation","Test: Time above range, high | System: Interstitial fluid | Units: % | Info: "
72492-2,Paraoxonase-arylesterase 1 (PON1) [Enzymatic activity/volume] in Serum,Test: Paraoxonase-arylesterase 1 | System: Ser | Units: arb U/mL | Info: 
72497-1,Dihydropteridine reductase [Enzymatic activity/mass] in DBS,Test: Dihydropteridine reductase | System: Bld.dot | Units: U/g Hb | Info: 
72498-9,Tripeptidyl peptidase I [Enzymatic activity/volume] in DBS,Test: Tripeptidyl peptidase I | System: Bld.dot | Units: pmol/h/mL | Info: 
72499-7,Oval fat bodies (globules) [#/area] in Stool by Microscopy low power field,Test: Oval fat bodies (globules) | System: Stool | Units: /LPF | Info: 
726-0,Hemoglobin [Mass/volume] in Urine,Test: Hemoglobin | System: Urine | Units: mg/dL | Info: 
104641-6,"Time below range, low in Reporting Period Interstitial fluid by calculation","Test: Time below range, low | System: Interstitial fluid | Units: % | Info: "
72646-3,Albumin in serum - albumin in pericardial fluid [Mass concentration difference],Test: Albumin.serum-albumin.pericard fld | System: Pericard fld+Ser/Plas | Units: g/dL | Info: 
72647-1,Albumin in serum - albumin in pleural fluid [Mass concentration difference],Test: Albumin.serum-albumin.plr fld | System: Ser/Plas+Plr fld | Units: g/L | Info: 
72648-9,Glucose in serum - glucose in synovial fluid [Molar concentration difference],Test: Glucose.serum-glucose.synv fld | System: Ser/Plas+Synv fld | Units: mmol/L | Info: 
72649-7,Glucose in serum - glucose in peritoneal fluid [Molar concentration difference],Test: Glucose.serum-glucose.perition fld | System: Periton fld+Ser/Plas | Units: mmol/L | Info: 
72650-5,Glucose in serum - glucose in pericard fld [Molar concentration difference],Test: Glucose.serum-glucose.pericard fld | System: Pericard fld+Ser/Plas | Units: mmol/L | Info: 
72651-3,Glucose in serum - glucose in pleural fluid [Molar concentration difference],Test: Glucose.serum-glucose.plr fld | System: Ser/Plas+Plr fld | Units: mmol/L | Info: 
104642-4,"Time below range, very low in Reporting Period Interstitial fluid by calculation","Test: Time below range, very low | System: Interstitial fluid | Units: % | Info: "
72663-8,Bisphosphoglycerate mutase [Enzymatic activity/mass] in Red Blood Cells,Test: Bisphosphoglycerate mutase | System: RBC | Units: U/g Hb | Info: 
72664-6,Phosphofructokinase [Enzymatic activity/mass] in Red Blood Cells,Test: Phosphofructokinase | System: RBC | Units: U/g Hb | Info: 
72693-5,Insulin-like growth factor-II.high molecular weight [Mass/volume] in Serum or Plasma,Test: Insulin-like growth factor-II.high molecular weight | System: Ser/Plas | Units: mg/L | Info: 
104653-1,Hyaline casts [#/area] in Urine by Computer assisted method,Test: Hyaline Casts | System: Urine | Units: /HPF | Info: 
104654-9,Calcium [Moles/volume] in Arterial blood,Test: Calcium | System: BldA | Units: mmol/L | Info: 
104655-6,Glucose [Mass/volume] in Mixed venous blood,Test: Glucose | System: BldMV | Units: g/dL | Info: 
104658-0,Sialate.free/Creatinine [Molar ratio] in Urine,Test: Sialate.free/Creatinine | System: Urine | Units: mmol/mmol creatinine | Info: 
104659-8,Sialate.total/Creatinine [Molar ratio] in Urine,Test: Sialate.total/Creatinine | System: Urine | Units: mmol/mol creatinine | Info: 
72888-1,3-epi-25-Hydroxyvitamin D3/25-hydroxyvitamin D.total in Serum or Plasma,Test: 3-epi-25-Hydroxyvitamin D3/25-hydroxyvitamin D.total | System: Ser/Plas | Units: % | Info: 
72889-9,Progesterone Free [Mass/volume] in Serum or Plasma,Test: Progesterone.free | System: Ser/Plas | Units: ng/dL | Info: 
72890-7,Progesterone Free/Progesterone.total in Serum or Plasma,Test: Progesterone.free/Progesterone.total | System: Ser/Plas | Units: % | Info: 
104660-6,Sialate.free/Sialate.total [Molar ratio] in Urine,Test: Sialate.free/Sialate.total | System: Urine | Units: mmol/mmol | Info: 
72899-8,Isoleucine+Leucine [Moles/volume] in Serum or Plasma,Test: Isoleucine+Leucine | System: Ser/Plas | Units: umol/L | Info: 
72926-9,Urea [Moles/volume] in Venous blood,Test: Urea | System: BldV | Units: mmol/L | Info: 
72927-7,Urea [Moles/volume] in Arterial blood,Test: Urea | System: BldA | Units: mmol/L | Info: 
104663-0,Tau protein.phosphorylated 217 [Mass/volume] in Serum or Plasma by Immunoassay,Test: Tau protein.phosphorylated 217 | System: Ser/Plas | Units: pg/mL | Info: 
104671-3,Leukotriene B4 [Mass/volume] in Plasma by LC/MS/MS,Test: Leukotriene B4 | System: Plas | Units: ng/mL | Info: 
104677-0,"1,1-Dimethoxyhexadecane (DMA 16:0)/palmitate (C16:0) [Mass Ratio] in Red Blood Cells","Test: 1,1-Dimethoxyhexadecane/palmitate | System: RBC | Units: Ratio | Info: "
73572-0,Magnesium Ionized [Moles/volume] in Blood by Ion-selective membrane electrode (ISE),Test: Magnesium.ionized | System: Bld | Units: mmol/L | Info: 
73573-8,Magnesium Ionized [Moles/volume] adjusted to pH 7.4 in Blood by Ion-selective membrane electrode (ISE),Test: Magnesium.ionized^^adjusted to pH 7.4 | System: Bld | Units: mmol/L | Info: 
73576-1,Anion gap in Venous cord blood by Calculated.4Ions,Test: Anion gap | System: BldCoV | Units: mmol/L | Info: 
73577-9,Anion gap in Arterial cord blood by Calculated.4Ions,Test: Anion gap | System: BldCoA | Units: mmol/L | Info: 
73578-7,Anion gap in Venous blood by Calculated.4Ions,Test: Anion gap | System: BldV | Units: mmol/L | Info: 
73579-5,Anion gap in Mixed venous blood by Calculated.4Ions,Test: Anion gap | System: BldMV | Units: mmol/L | Info: 
73580-3,Anion gap in Capillary blood by Calculated.4Ions,Test: Anion gap | System: BldC | Units: mmol/L | Info: 
73581-1,Anion gap in Arterial blood by Calculated.4Ions,Test: Anion gap | System: BldA | Units: mmol/L | Info: 
104678-8,"1,1-Dimethoxyoctadecane (DMA 18:0)/Octadecanoate (C18:0) [Mass Ratio] in Red Blood Cells","Test: 1,1-Dimethoxyoctadecane/octadecanoate | System: RBC | Units: Ratio | Info: "
73722-1,Bile acid [Moles/volume] in Urine,Test: Bile acid | System: Urine | Units: umol/L | Info: 
73731-2,Transaldolase [Enzymatic activity/mass] in Lymphoblasts,Test: Transaldolase | System: Lymphoblasts | Units: nmol/min/mg protein | Info: 
73838-5,11-Dehydrotetrahydrocorticosterone [Moles/volume] in Urine,Test: 11-Dehydrotetrahydrocorticosterone | System: Urine | Units: umol/L | Info: 
73844-3,16-Alpha hydroxydehydroepiandrosterone [Moles/volume] in Urine,Test: 16-Alpha hydroxydehydroepiandrosterone | System: Urine | Units: umol/L | Info: 
73847-6,16-Ketoandrostenediol [Moles/volume] in 24 hour Urine,Test: 16-Ketoandrostenediol | System: Urine | Units: umol/L | Info: 
73850-0,18-Beta glycyrrhetinate [Mass/volume] in Urine,Test: 18-Beta glycyrrhetinate | System: Urine | Units: ug/L | Info: 
73853-4,Aldosterone-18-glucuronide [Moles/volume] in 24 hour Urine,Test: Aldosterone-18-glucuronide | System: Urine | Units: nmol/L | Info: 
73873-2,Androstenetriol [Moles/volume] in 24 hour Urine,Test: Androstenetriol | System: Urine | Units: umol/L | Info: 
73876-5,Beta cortolone [Moles/volume] in Urine,Test: Beta cortolone | System: Urine | Units: umol/L | Info: 
73887-2,Tetrahydrocorticosterone [Moles/volume] in 24 hour Urine,Test: Tetrahydrocorticosterone | System: Urine | Units: umol/L | Info: 
73893-0,Tetrahydrocortisone [Moles/volume] in 24 hour Urine,Test: Tetrahydrocortisone | System: Urine | Units: umol/L | Info: 
104679-6,"1,1-Dimethoxy-(9Z)octadecene (DMA 18:1) [Mass/volume] in Red Blood Cells","Test: 1,1-Dimethoxy-(9Z)octadecene | System: RBC | Units: ug/mL | Info: "
104680-4,"1,1-Dimethoxyoctadecane (DMA 18:0) [Mass/volume] in Red Blood Cells","Test: 1,1-Dimethoxyoctadecane | System: RBC | Units: ug/mL | Info: "
104681-2,"1,1-Dimethoxyhexadecane (DMA 16:0) [Mass/volume] in Red Blood Cells","Test: 1,1-Dimethoxyhexadecane | System: RBC | Units: ug/mL | Info: "
74087-8,Hexacarboxylporphyrin III [Moles/mass] in Stool,Test: Hexacarboxylporphyrin III | System: Stool | Units: nmol/g | Info: 
74089-4,Pentacarboxylporphyrin III/Creatinine [Molar ratio] in Urine,Test: Pentacarboxylporphyrin III/Creatinine | System: Urine | Units: mmol/mol creatinine | Info: 
74090-2,Hexacarboxylporphyrin III/Creatinine [Molar ratio] in Urine,Test: Hexacarboxylporphyrin III/Creatinine | System: Urine | Units: mmol/mol creatinine | Info: 
74091-0,Heptacarboxylporphyrin III/Creatinine [Molar ratio] in Urine,Test: Heptacarboxylporphyrin III/Creatinine | System: Urine | Units: mmol/mol creatinine | Info: 
74101-7,Tissue inhibitor of metalloproteinases 1 [Mass/volume] in Serum or Plasma by Immunoassay,Test: Tissue inhibitor of metalloproteinases 1 | System: Ser/Plas | Units: ng/mL | Info: 
74102-5,Matrix metallopeptidase 2 [Mass/volume] in Serum,Test: Matrix metallopeptidase 2 | System: Ser | Units: ng/mL | Info: 
74105-8,Oxygen saturation Calculated from oxygen partial pressure in Mixed venous blood,Test: Oxygen saturation | System: BldMV | Units: % | Info: 
74214-8,Apixaban [Mass/volume] in Platelet poor plasma by Chromogenic method,Test: Apixaban | System: PPP | Units: ng/mL | Info: 
74217-1,Fondaparinux [Mass/volume] in Platelet poor plasma by Chromogenic method,Test: Fondaparinux | System: PPP | Units: ng/mL | Info: 
74358-3,Adenine phosphoribosyltransferase [Enzymatic activity/volume] in Serum or Plasma,Test: Adenine phosphoribosyltransferase | System: Ser/Plas | Units: arb U/L | Info: 
74359-1,Cholesterol ester transfer protein actual/normal in Serum or Plasma,Test: Cholesterol ester transfer protein actual/normal | System: Ser/Plas | Units: % | Info: 
74360-9,Cortisone [Moles/volume] in Saliva (oral fluid),Test: Cortisone | System: Saliva | Units: nmol/L | Info: 
74362-5,Lecithin cholesterol acyltransferase actual/normal in Serum or Plasma,Test: Lecithin cholesterol acyltransferase actual/normal | System: Ser/Plas | Units: % | Info: 
74363-3,"N,N-dimethylarginine [Moles/volume] in Serum or Plasma","Test: N,N-dimethylarginine | System: Ser/Plas | Units: umol/L | Info: "
74365-8,Palmitoyl protein thioesterase [Enzymatic activity/mass] in Fibroblast,Test: Palmitoyl protein thioesterase | System: Fibroblasts | Units: nmol/H/mg protein | Info: 
74368-2,Apelin [Mass/volume] in Serum or Plasma,Test: Apelin | System: Ser/Plas | Units: pg/mL | Info: 
74369-0,Nitric oxide [Moles/volume] in Exhaled gas,Test: Nitric oxide | System: Exhl gas | Units: nmol/mL | Info: 
74430-0,3-Hydroxykynurenin [Moles/volume] in Serum or Plasma,Test: 3-Hydroxykynurenin | System: Ser/Plas | Units: umol/L | Info: 
74431-8,Acetoacetate [Moles/volume] in Blood,Test: Acetoacetate | System: Bld | Units: mmol/L | Info: 
104682-0,"1,1-Dimethoxyhexadecane (DMA 16:0) [Mass/volume] in DBS","Test: 1,1-Dimethoxyhexadecane | System: Bld.dot | Units: ug/mL | Info: "
104683-8,"1,1-Dimethoxyoctadecane (DMA 18:0) [Mass/volume] in DBS","Test: 1,1-Dimethoxyoctadecane | System: Bld.dot | Units: ug/mL | Info: "
74435-9,Cholesterol.non-esterified/Cholesterol.total in Serum or Plasma by Gas chromatography,Test: Cholesterol.non-esterified/Cholesterol.total | System: Ser/Plas | Units: % | Info: 
104684-6,"1,1-Dimethoxy-(9Z)octadecene (DMA 18:1) [Mass/volume] in DBS","Test: 1,1-Dimethoxy-(9Z)octadecene | System: Bld.dot | Units: ug/mL | Info: "
74437-5,Galactokinase [Enzymatic activity/mass] in Leukocytes,Test: Galactokinase | System: WBC | Units: nmol/H/mg protein | Info: 
104685-3,"1,1-Dimethoxyhexadecane (DMA 16:0)/palmitate (C16:0) [Mass Ratio] in DBS","Test: 1,1-Dimethoxyhexadecane/palmitate | System: Bld.dot | Units: Ratio | Info: "
74440-9,Pemptoporphyrin [Moles/mass] in Stool,Test: Pemptoporphyrin | System: Stool | Units: umol/kg | Info: 
74442-5,Pyridoxal phosphate [Moles/volume] in Blood,Test: Pyridoxal phosphate | System: Bld | Units: umol/L | Info: 
104686-1,"1,1-Dimethoxyoctadecane (DMA 18:0)/Octadecanoate (C18:0) [Mass Ratio] in DBS","Test: 1,1-Dimethoxyoctadecane/octadecanoate | System: Bld.dot | Units: Ratio | Info: "
74444-1,Thiamine pyrophosphate [Moles/volume] in Blood,Test: Thiamine pyrophosphate | System: Bld | Units: nmol/L | Info: 
74469-8,Glucose-6-Phosphate dehydrogenase/Pyruvate kinase [Ratio] in Blood,Test: Glucose-6-Phosphate dehydrogenase/Pyruvate kinase | System: Bld | Units: ratio | Info: 
104690-3,Bivalirudin [Mass/volume] in Platelet poor plasma by Chromogenic method,Test: Bivalirudin | System: PPP | Units: ug/L | Info: 
74483-9,Homocitrulline [Moles/volume] in Urine,Test: Homocitrulline | System: Urine | Units: mmol/L | Info: 
74484-7,Argininosuccinate [Moles/volume] in Urine,Test: Argininosuccinate | System: Urine | Units: mmol/L | Info: 
74503-4,"16-Beta,18-dihydroxydehydroepiandrosterone [Moles/volume] in Urine","Test: 16-Beta,18-dihydroxydehydroepiandrosterone | System: Urine | Units: umol/L | Info: "
74506-7,16-Alpha hydroxypregnenolone [Moles/time] in 24 hour Urine,Test: 16-Alpha hydroxypregnenolone | System: Urine | Units: umol/24 H | Info: 
74509-1,3-Hydroxydecanoylcarnitine (C10-OH) [Moles/volume] in Serum or Plasma,Test: 3-Hydroxydecanoylcarnitine (C10-OH) | System: Ser/Plas | Units: umol/L | Info: 
74510-9,3-Hydroxyeicosanoylcarnitine (C20-OH) [Moles/volume] in Serum or Plasma,Test: 3-Hydroxyeicosanoylcarnitine (C20-OH) | System: Ser/Plas | Units: umol/L | Info: 
74512-5,Chemokine (C-C motif) ligand 18 [Mass/volume] in Serum,Test: Chemokine (C-C motif) ligand 18 | System: Ser | Units: mg/L | Info: 
74513-3,Alpha tocopherol [Entitic substance] in Red Blood Cells,Test: Alpha tocopherol | System: RBC | Units: umol/10*13 RBC | Info: 
104696-0,N-acetylglycine/Creatinine [Molar ratio] in Urine,Test: N-acetylglycine/Creatinine | System: Urine | Units: mmol/mol creatinine | Info: 
74517-4,Cholesterol sulfate [Moles/volume] in Serum or Plasma,Test: Cholesterol sulfate | System: Ser/Plas | Units: umol/L | Info: 
74518-2,Clara cell protein 16 [Mass/volume] in Serum,Test: Clara cell protein 16 | System: Ser | Units: mg/L | Info: 
74523-2,Nonanoylcarnitine (C9) [Moles/volume] in Serum or Plasma,Test: Nonanoylcarnitine (C9) | System: Ser/Plas | Units: umol/L | Info: 
74524-0,Decatrienoylcarnitine (C10:3) [Moles/volume] in Serum or Plasma,Test: Decatrienoylcarnitine (C10:3) | System: Ser/Plas | Units: umol/L | Info: 
74525-7,Dehydrosebacylcarnitine (C10:1-DC) [Moles/volume] in Serum or Plasma,Test: Dehydrosebacylcarnitine (C10:1-DC) | System: Ser/Plas | Units: umol/L | Info: 
74528-1,Dicarboxyeicosanoylcarnitine (C20-DC) [Moles/volume] in Serum or Plasma,Test: Dicarboxyeicosanoylcarnitine (C20-DC) | System: Ser/Plas | Units: umol/L | Info: 
74529-9,Dicarboxyhexenoylcarnitine (C6:1-DC) [Moles/volume] in Serum or Plasma,Test: Dicarboxyhexenoylcarnitine (C6:1-DC) | System: Ser/Plas | Units: umol/L | Info: 
74530-7,Dicarboxypalmitoleylcarnitine (C16:1-DC) [Moles/volume] in Serum or Plasma,Test: Dicarboxypalmitoleylcarnitine (C16:1-DC) | System: Ser/Plas | Units: umol/L | Info: 
74531-5,Dicarboxytetradecanoylcarnitine (C14-DC) [Moles/volume] in Serum or Plasma,Test: Dicarboxytetradecanoylcarnitine (C14-DC) | System: Ser/Plas | Units: umol/L | Info: 
74540-6,Hexenoylcarnitine (C6:1) [Moles/volume] in Serum or Plasma,Test: Hexenoylcarnitine (C6:1) | System: Ser/Plas | Units: umol/L | Info: 
104697-8,N-acetyl-L-alanine/Creatinine [Molar ratio] in Urine,Test: N-acetyl-L-alanine/Creatinine | System: Urine | Units: mmol/mmol creatinine | Info: 
74542-2,Pyruvate kinase/Glucose-6-Phosphate dehydrogenase [Enzymatic activity ratio] in Red Blood Cells,Test: Pyruvate kinase/Glucose-6-Phosphate dehydrogenase | System: RBC | Units: ratio | Info: 
104698-6,N-acetyl-L-glutamate/Creatinine [Molar ratio] in Urine,Test: N-acetyl-L-glutamate/Creatinine | System: Urine | Units: mmol/mol creatinine | Info: 
74575-2,Pyruvate dehydrogenase E1 [Enzymatic activity/mass] in Tissue,Test: Pyruvate dehydrogenase E1 | System: Tiss | Units: nmol/min/mg protein | Info: 
74576-0,Tripeptidyl peptidase I [Enzymatic activity/mass] in Fibroblast,Test: Tripeptidyl peptidase I | System: Fibroblasts | Units: nmol/H/mg protein | Info: 
74577-8,Pyruvate dehydrogenase complex [Enzymatic activity/mass] in Fibroblast,Test: Pyruvate dehydrogenase complex | System: Fibroblasts | Units: nmol/min/mg protein | Info: 
74578-6,Pyruvate dehydrogenase complex [Enzymatic activity/mass] in Tissue,Test: Pyruvate dehydrogenase complex | System: Tiss | Units: nmol/min/mg protein | Info: 
74579-4,Pyruvate dehydrogenase E1 [Enzymatic activity/mass] in Fibroblast,Test: Pyruvate dehydrogenase E1 | System: Fibroblasts | Units: nmol/min/mg protein | Info: 
74580-2,Fumarase [Enzymatic activity/mass] in Tissue,Test: Fumarase | System: Tiss | Units: nmol/min/mg protein | Info: 
74581-0,Fumarase [Enzymatic activity/mass] in Fibroblast,Test: Fumarase | System: Fibroblasts | Units: nmol/min/mg protein | Info: 
74582-8,Fatty acids.very long chain C26:0 (Hexacosanoate)/C22:0 (Docosanoate) [Mass Ratio] in Fibroblast,Test: Fatty acids.very long chain.C26:0/C22:0 | System: Fibroblasts | Units: ratio | Info: 
74583-6,Fatty acids.very long chain C24:0 (Tetracosanoate)/C22:0 (Docosanoate) [Mass Ratio] in Fibroblast,Test: Fatty acids.very long chain.C24:0/C22:0 | System: Fibroblasts | Units: ratio | Info: 
74584-4,Cytochrome C oxidase/Citrate synthase [Enzymatic activity ratio] in Tissue,Test: Cytochrome C oxidase/Citrate synthase | System: Tiss | Units: ratio | Info: 
104699-4,N-acetyl-L-methionine/Creatinine [Molar ratio] in Urine,Test: N-acetyl-L-methionine/Creatinine | System: Urine | Units: mmol/mol creatinine | Info: 
104740-6,Prostate cancer risk [Likelihood],Test: Prostate cancer risk | System: ^Patient | Units: risk | Info: 
74587-7,Succinate cytochrome C reductase/Citrate synthase [Enzymatic activity ratio] in Tissue,Test: Succinate cytochrome C reductase/Citrate synthase | System: Tiss | Units: ratio | Info: 
74588-5,Succinate cytochrome C reductase [Enzymatic activity/mass] in Fibroblast,Test: Succinate cytochrome C reductase | System: Fibroblasts | Units: nmol/min/mg protein | Info: 
74589-3,Succinate dehydrogenase/Citrate synthase [Enzymatic activity ratio] in Tissue,Test: Succinate dehydrogenase/Citrate synthase | System: Tiss | Units: ratio | Info: 
74613-1,Fatty acids.very long chain C24:0 (Tetracosanoate) [Mass/mass] in Fibroblast,Test: Fatty acids.very long chain.C24:0 | System: Fibroblasts | Units: ug/mg protein | Info: 
74614-9,Fatty acids.very long chain C26:0 (Hexacosanoate) [Mass/mass] in Fibroblast,Test: Fatty acids.very long chain.C26:0 | System: Fibroblasts | Units: ug/mg protein | Info: 
74615-6,Fatty acids.very long chain C22:0 (Docosanoate) [Mass/mass] in Fibroblast,Test: Fatty acids.very long chain.C22:0 | System: Fibroblasts | Units: ug/mg protein | Info: 
74616-4,"1,1-Dimethoxyoctadecane (DMA 18:0)/Octadecanoate (C18:0) [Mass Ratio] in Fibroblast","Test: 1,1-Dimethoxyoctadecane/octadecanoate | System: Fibroblasts | Units: ratio | Info: "
74618-0,"1,1-Dimethoxyoctadecane (DMA 18:0) [Mass/mass] in Fibroblast","Test: 1,1-Dimethoxyoctadecane | System: Fibroblasts | Units: ug/mg protein | Info: "
74620-6,"1,1-Dimethoxy-(9Z)octadecene (DMA 18:1)/Oleate (C18:1w9) [Mass Ratio] in Fibroblast","Test: 1,1-Dimethoxy-(9Z)octadecene/oleate | System: Fibroblasts | Units: ratio | Info: "
74621-4,"1,1-Dimethoxy-(9Z)octadecene (DMA 18:1)/Oleate (C18:1w9) [Molar ratio] in Red Blood Cells","Test: 1,1-Dimethoxy-(9Z)octadecene/oleate | System: RBC | Units: ratio | Info: "
74622-2,"1,1-Dimethoxy-(9Z)octadecene (DMA 18:1) [Mass/mass] in Fibroblast","Test: 1,1-Dimethoxy-(9Z)octadecene | System: Fibroblasts | Units: ug/mg protein | Info: "
74624-8,"1,1-Dimethoxyhexadecane (DMA 16:0)/palmitate (C16:0) [Mass Ratio] in Fibroblast","Test: 1,1-Dimethoxyhexadecane/palmitate | System: Fibroblasts | Units: ratio | Info: "
74626-3,"1,1-Dimethoxyhexadecane (DMA 16:0) [Mass/mass] in Fibroblast","Test: 1,1-Dimethoxyhexadecane | System: Fibroblasts | Units: ug/mg protein | Info: "
74628-9,Adipoylcarnitine (C6-DC) [Moles/volume] in DBS,Test: Adipoylcarnitine (C6-DC) | System: Bld.dot | Units: umol/L | Info: 
74629-7,Methylmalonylcarnitine (C4-DC)+3-Hydroxyisovalerylcarnitine (C5-OH) [Moles/volume] in Serum or Plasma,Test: Methylmalonylcarnitine (C4-DC)+3-Hydroxyisovalerylcarnitine (C5-OH) | System: Ser/Plas | Units: umol/L | Info: 
74630-5,Malonylcarnitine (C3-DC)+3-Hydroxybutyrylcarnitine (C4-OH) [Moles/volume] in Serum or Plasma,Test: Malonylcarnitine (C3-DC)+3-Hydroxybutyrylcarnitine (C4-OH) | System: Ser/Plas | Units: umol/L | Info: 
74684-2,"Carbon dioxide, total [Moles/volume] in Serum or Plasma --post dialysis",Test: Carbon dioxide^post dialysis | System: Ser/Plas | Units: mmol/L | Info: 
74688-3,Sodium [Moles/volume] in Serum or Plasma --post dialysis,Test: Sodium^post dialysis | System: Ser/Plas | Units: mmol/L | Info: 
104994-9,Coagulation normal/actual in Platelet poor plasma by Coag.tissue factor induced.factor substitution.immediately after 1:1 addition of normal plasma.control,Test: Coagulation normal/actual | System: PPP | Units: ratio | Info: 
105009-5,Chloride.reabsorbed by renal tubules/Chloride.total filtered in Urine and Serum or Plasma,Test: Chloride.reabsorbed by renal tubules/Chloride.total filtered | System: Urine+Ser/Plas | Units: % | Info: 
74774-1,"Glucose [Mass/volume] in Serum, Plasma or Blood",Test: Glucose | System: Ser/Plas/Bld | Units: mg/dl | Info: 
74792-3,Fructose.PO [Mass] in Dose,Test: Fructose.PO | System: Dose | Units: g | Info: 
74793-1,Thyroid hormone uptake (T-uptake) in Serum or Plasma,Test: Thyroid hormone uptake | System: Ser/Plas | Units: % | Info: 
74794-9,Thyroid hormone binding ratio (THBR) in Serum or Plasma,Test: Thyroid hormone binding ratio | System: Ser/Plas | Units: ratio | Info: 
105112-7,Eosinophils/Leukocytes in Urine sediment,Test: Eosinophils/Leukocytes | System: Urine sed | Units: % | Info: 
74886-3,Stigmasterol [Moles/volume] in Serum or Plasma,Test: Stigmasterol | System: Ser/Plas | Units: pmol/L | Info: 
74887-1,Stigmastanol [Moles/volume] in Serum or Plasma,Test: Stigmastanol | System: Ser/Plas | Units: pmol/L | Info: 
74889-7,Phosphate [Moles/volume] in Saliva (oral fluid),Test: Phosphate | System: Saliva | Units: mmol/L | Info: 
74890-5,Inositol Free/Creatinine [Molar ratio] in Urine,Test: Inositol.free/Creatinine | System: Urine | Units: mmol/mol creatinine | Info: 
74891-3,Medium-chain Acyl CoA dehydrogenase [Enzymatic activity/mass] in Leukocytes,Test: Medium-chain Acyl CoA dehydrogenase | System: WBC | Units: nmol/min/mg protein | Info: 
74892-1,Medium-chain Acyl CoA dehydrogenase [Enzymatic activity/mass] in Fibroblast,Test: Medium-chain Acyl CoA dehydrogenase | System: Fibroblasts | Units: nmol/min/mg protein | Info: 
74893-9,Mannose/Creatinine [Molar ratio] in Urine,Test: Mannose/Creatinine | System: Urine | Units: mmol/mol creatinine | Info: 
105124-2,Guanidinoacetate/Creatine [Molar ratio] in Serum or Plasma,Test: Guanidinoacetate/Creatine | System: Ser/Plas | Units: umol/mmol | Info: 
74895-4,Maltose/Creatinine [Molar ratio] in Urine,Test: Maltose/Creatinine | System: Urine | Units: mmol/mol creatinine | Info: 
105126-7,"C reactive protein [Mass/volume] in Serum, Plasma or Blood",Test: C reactive protein | System: Ser/Plas/Bld | Units: mg/dL | Info: 
74897-0,Lithocholate [Moles/volume] in Serum or Plasma,Test: Lithocholate | System: Ser/Plas | Units: umol/L | Info: 
74898-8,Lanosterol [Moles/volume] in Serum or Plasma,Test: Lanosterol | System: Ser/Plas | Units: pmol/L | Info: 
105195-2,Risankizumab Ab [Mass/volume] in Serum or Plasma by Immunoassay,Test: Risankizumab Ab | System: Ser/Plas | Units: ng/mL | Info: 
74900-2,Lactulose/Creatinine [Molar ratio] in 5 hour Urine --post XXX g sugar solution PO,Test: Lactulose/Creatinine^post XXX g sugar solution PO | System: Urine | Units: mmol/mol creatinine | Info: 
74901-0,Gamma tocopherol [Entitic substance] in Red Blood Cells,Test: Gamma tocopherol | System: RBC | Units: umol/10*13 RBC | Info: 
74902-8,Galactose 1 phosphate uridyl transferase [Enzymatic activity/mass] in Leukocytes,Test: Galactose 1 phosphate uridyl transferase | System: WBC | Units: nmol/h/mg protein | Info: 
74903-6,Fatty acids [Mass/time] in 24 hour Stool,Test: Fatty acids | System: Stool | Units: g/24 H | Info: 
105269-5,Fractional excretion of calcium [Ratio] in Urine and Serum or Plasma collected for unspecified duration,Test: Fractional excretion of calcium | System: Urine+Ser/Plas | Units: % | Info: 
74905-1,Desmosterol [Moles/volume] in Serum or Plasma,Test: Desmosterol | System: Ser/Plas | Units: pmol/L | Info: 
74908-5,3-ketoacyl-CoA thiolase [Enzymatic activity/mass] in Fibroblast,Test: 3-ketoacyl-CoA thiolase | System: Fibroblasts | Units: nmol/min/mg protein | Info: 
74917-6,CXCL13 Ag [Mass/volume] in Cerebral spinal fluid,Test: CXCL13 Ag | System: CSF | Units: pg/mL | Info: 
74922-6,N-acetyl-L-aspartate [Moles/volume] in Cerebral spinal fluid,Test: N-acetyl-L-aspartate | System: CSF | Units: nmol/L | Info: 
74930-9,3-Hydroxykynurenin [Moles/volume] in Cerebral spinal fluid,Test: 3-Hydroxykynurenin | System: CSF | Units: umol/L | Info: 
74935-8,Palmitoyl protein thioesterase [Enzymatic activity/mass] in Leukocytes,Test: Palmitoyl protein thioesterase | System: WBC | Units: nmol/h/mg protein | Info: 
74942-4,Kynurenin [Moles/volume] in Cerebral spinal fluid,Test: Kynurenin | System: CSF | Units: umol/L | Info: 
74954-9,Isomaltase [Enzymatic activity/mass] in Small intestine Tissue,Test: Isomaltase | System: Tsmi | Units: umol/min/g | Info: 
74957-2,Succinylacetone [Moles/volume] in Plasma,Test: Succinylacetone | System: Plas | Units: nmol/L | Info: 
74979-6,Urate [Moles/volume] in Bronchoalveolar lavage,Test: Urate | System: BAL | Units: umol/L | Info: 
74984-6,"5,10-Methylenetetrahydrofolate reductase [Enzymatic activity/mass] in Lymphoblasts","Test: 5,10-Methylenetetrahydrofolate reductase | System: Lymphoblasts | Units: nmol/h/mg protein | Info: "
74988-7,Hexacarboxylporphyrin [Moles/volume] in Red Blood Cells,Test: Hexacarboxylporphyrin | System: RBC | Units: nmol/L | Info: 
74989-5,Pentacarboxylporphyrins [Moles/volume] in Serum or Plasma,Test: Pentacarboxylporphyrins | System: Ser/Plas | Units: nmol/L | Info: 
74992-9,Amylase [Enzymatic activity/volume] in Saliva (oral fluid),Test: Amylase | System: Saliva | Units: arb U/L | Info: 
74997-8,Alpha 1 antitrypsin [Mass/mass] in Stool.dried,Test: Alpha 1 antitrypsin | System: Stool.dried | Units: mg/g | Info: 
74998-6,"5,10-Methylenetetrahydrofolate reductase [Enzymatic activity/mass] in Fibroblast","Test: 5,10-Methylenetetrahydrofolate reductase | System: Fibroblasts | Units: nmol/H/mg protein | Info: "
74999-4,"5,10-Methylenetetrahydrofolate reductase [Enzymatic activity/mass] in Leukocytes","Test: 5,10-Methylenetetrahydrofolate reductase | System: WBC | Units: nmol/H/mg protein | Info: "
75000-0,Coproporphyrin 3/Coproporphyrin.total in 24 hour Urine,Test: Coproporphyrin 3/Coproporphyrin.total | System: Urine | Units: % | Info: 
75001-8,Coproporphyrin 3/Coproporphyrin.total in Stool,Test: Coproporphyrin 3/Coproporphyrin.total | System: Stool | Units: % | Info: 
75024-0,Coproporphyrin 1/Porphyrins.total in Stool,Test: Coproporphyrin 1/Porphyrins.total | System: Stool | Units: % | Info: 
75026-5,Deuteroporphyrin/Porphyrins.total in Stool,Test: Deuteroporphyrin/Porphyrins.total | System: Stool | Units: % | Info: 
75027-3,Mesoporphyrin/Porphyrins.total in Stool,Test: Mesoporphyrin/Porphyrins.total | System: Stool | Units: % | Info: 
75028-1,Protoporphyrin/Porphyrins.total in Stool,Test: Protoporphyrin/Porphyrins.total | System: Stool | Units: % | Info: 
75036-4,2-Hydroxyglutarate [Moles/volume] in Amniotic fluid,Test: 2-Hydroxyglutarate | System: Amnio fld | Units: umol/L | Info: 
75037-2,2-Hydroxyglutarate [Moles/volume] in DBS,Test: 2-Hydroxyglutarate | System: Bld.dot | Units: umol/L | Info: 
75039-8,Biopterin [Moles/volume] in Serum or Plasma,Test: Biopterin | System: Ser/Plas | Units: nmol/L | Info: 
75040-6,D-Lactate [Moles/volume] in Cerebral spinal fluid,Test: D-lactate | System: CSF | Units: umol/L | Info: 
75042-2,Pyridoxal [Moles/volume] in Cerebral spinal fluid,Test: Pyridoxal | System: CSF | Units: umol/L | Info: 
75043-0,Pyridoxine [Moles/volume] in Cerebral spinal fluid,Test: Pyridoxine | System: CSF | Units: nmol/L | Info: 
75044-8,Sepiapterin/Creatinine [Molar ratio] in Urine,Test: Sepiapterin/Creatinine | System: Urine | Units: nmol/mmol creatinine | Info: 
75045-5,Sialate [Moles/volume] in Amniotic fluid,Test: Sialate | System: Amnio fld | Units: nmol/L | Info: 
75046-3,Sialate [Moles/volume] in Cerebral spinal fluid,Test: Sialate | System: CSF | Units: nmol/L | Info: 
75047-1,Sialate [Moles/volume] in Serum or Plasma,Test: Sialate | System: Ser/Plas | Units: nmol/L | Info: 
75048-9,Tetrahydrofolate [Moles/volume] in Cerebral spinal fluid,Test: Tetrahydrofolate | System: CSF | Units: umol/L | Info: 
75049-7,Thiosulfate [Moles/volume] in Urine,Test: Thiosulfate | System: Urine | Units: mmol/L | Info: 
75051-3,Xylose/Creatinine [Molar ratio] in Urine,Test: Xylose/Creatinine | System: Urine | Units: umol/mmol creatinine | Info: 
75052-1,Adenosine deaminase [Enzymatic activity/volume] in DBS,Test: Adenosine deaminase | System: Bld.dot | Units: umol/h/L | Info: 
75053-9,Alpha-L-iduronidase [Enzymatic activity/volume] in Serum or Plasma,Test: Alpha-L-iduronidase | System: Ser/Plas | Units: nmol/mL/h | Info: 
75054-7,Glutaryl CoA dehydrogenase [Enzymatic activity/mass] in Leukocytes,Test: Glutaryl CoA dehydrogenase | System: WBC | Units: nmol/H/mg protein | Info: 
75055-4,Glutaryl CoA dehydrogenase [Enzymatic activity/mass] in Fibroblast,Test: Glutaryl CoA dehydrogenase | System: Fibroblasts | Units: nmol/H/mg protein | Info: 
75056-2,Pyridoxal phosphate [Moles/volume] in Cerebral spinal fluid,Test: Pyridoxal phosphate | System: CSF | Units: umol/L | Info: 
75057-0,Sialidase [Enzymatic activity/mass] in Leukocytes,Test: Sialidase | System: WBC | Units: pmol/H/mg protein | Info: 
75058-8,Thymidine phosphorylase [Enzymatic activity/volume] in DBS,Test: Thymidine phosphorylase | System: Bld.dot | Units: nmol/h/mL | Info: 
75059-6,Transaldolase [Enzymatic activity/mass] in Fibroblast,Test: Transaldolase | System: Fibroblasts | Units: nmol/min/mg protein | Info: 
75060-4,Pantothenate/Creatinine [Molar ratio] in Urine,Test: Pantothenate/Creatinine | System: Urine | Units: umol/mmol creatinine | Info: 
75061-2,Malonate [Moles/volume] in Serum or Plasma,Test: Malonate | System: Ser/Plas | Units: umol/L | Info: 
75062-0,Phenylacetate [Moles/volume] in Serum or Plasma,Test: Phenylacetate | System: Ser/Plas | Units: umol/L | Info: 
75063-8,Glycerate [Moles/volume] in Serum or Plasma,Test: Glycerate | System: Ser/Plas | Units: umol/L | Info: 
75065-3,Benzoate [Moles/volume] in Serum or Plasma,Test: Benzoate | System: Ser/Plas | Units: umol/L | Info: 
75066-1,Pantothenate [Moles/volume] in Serum or Plasma,Test: Pantothenate | System: Ser/Plas | Units: umol/L | Info: 
75067-9,Indole-3-Acetate [Moles/volume] in Serum or Plasma,Test: Indole-3-Acetate | System: Ser/Plas | Units: umol/L | Info: 
75068-7,Malate [Moles/volume] in Serum or Plasma,Test: Malate | System: Ser/Plas | Units: umol/L | Info: 
75069-5,Hippurate [Moles/volume] in Serum or Plasma,Test: Hippurate | System: Ser/Plas | Units: umol/L | Info: 
75070-3,Catechol [Moles/volume] in Serum or Plasma,Test: Catechol | System: Ser/Plas | Units: umol/L | Info: 
75071-1,Acetaminophen/Creatinine [Molar ratio] in Urine,Test: Acetaminophen/Creatinine | System: Urine | Units: umol/mmol creatinine | Info: 
75072-9,Mandelate [Moles/volume] in Serum or Plasma,Test: Mandelate | System: Ser/Plas | Units: umol/L | Info: 
75073-7,Suberate [Moles/volume] in Serum or Plasma,Test: Suberate | System: Ser/Plas | Units: umol/L | Info: 
75075-2,4-Hydroxybenzoate [Moles/volume] in Serum or Plasma,Test: 4-Hydroxybenzoate | System: Ser/Plas | Units: umol/L | Info: 
75076-0,Vanillate [Moles/volume] in Serum or Plasma,Test: Vanillate | System: Ser/Plas | Units: umol/L | Info: 
75077-8,Quinolinate [Moles/volume] in Serum or Plasma,Test: Quinolinate | System: Ser/Plas | Units: umol/L | Info: 
75078-6,3-Hydroxydodecanoate (3-OH-C12:0)/Creatinine [Molar ratio] in Urine,Test: 3-Hydroxydodecanoate/Creatinine | System: Urine | Units: umol/mmol creatinine | Info: 
75079-4,Succinylacetone [Moles/volume] in Serum or Plasma,Test: Succinylacetone | System: Ser/Plas | Units: umol/L | Info: 
75080-2,N-acetyl-L-aspartate [Moles/volume] in Serum or Plasma,Test: N-acetyl-L-aspartate | System: Ser/Plas | Units: umol/L | Info: 
75081-0,Fumarate [Moles/volume] in Serum or Plasma,Test: Fumarate | System: Ser/Plas | Units: umol/L | Info: 
75083-6,Aconitate [Moles/volume] in Serum or Plasma,Test: Aconitate | System: Ser/Plas | Units: nmol/L | Info: 
75084-4,Sebacate (C8) [Moles/volume] in Serum or Plasma,Test: Sebacate | System: Ser/Plas | Units: umol/L | Info: 
75087-7,Adipate [Moles/volume] in Serum or Plasma,Test: Adipate | System: Ser/Plas | Units: umol/L | Info: 
75088-5,3-Indolelactate [Moles/volume] in Serum or Plasma,Test: 3-Indolelactate | System: Ser/Plas | Units: umol/L | Info: 
75089-3,5-Oxoproline [Moles/volume] in Serum or Plasma,Test: 5-Oxoproline | System: Ser/Plas | Units: umol/L | Info: 
75090-1,Isocitrate [Moles/volume] in Serum or Plasma,Test: Isocitrate | System: Ser/Plas | Units: umol/L | Info: 
75091-9,Catechol/Creatinine [Molar ratio] in Urine,Test: Catechol/Creatinine | System: Urine | Units: umol/mmol creatinine | Info: 
75095-0,Docosahexaenoate (C22:6w3) [Entitic substance] in Red Blood Cells,Test: Docosahexaenoate | System: RBC | Units: umol/10*6 RBC | Info: 
75096-8,Fatty acids.very long chain C26:0 (Hexacosanoate) [Entitic substance] in Red Blood Cells,Test: Fatty acids.very long chain.C26:0 | System: RBC | Units: umol/10*6 RBC | Info: 
75097-6,Eicosapentaenoate (C20:5w3) [Entitic substance] in Red Blood Cells,Test: Eicosapentaenoate | System: RBC | Units: umol/10*6 RBC | Info: 
75098-4,Nervonate (C24:1) [Entitic substance] in Red Blood Cells,Test: Nervonate | System: RBC | Units: umol/10*6 RBC | Info: 
75099-2,Laurate (C12:0) [Entitic substance] in Red Blood Cells,Test: Laurate | System: RBC | Units: umol/10*6 RBC | Info: 
75100-8,Fatty acids [Entitic substance] in Red Blood Cells,Test: Fatty acids | System: RBC | Units: umol/10*6 RBC | Info: 
75101-6,Fatty acids.very long chain C22:0 (Docosanoate) [Entitic substance] in Red Blood Cells,Test: Fatty acids.very long chain.C22:0 | System: RBC | Units: umol/10*6 RBC | Info: 
75102-4,Oleate (C18:1w9) [Entitic substance] in Red Blood Cells,Test: Oleate | System: RBC | Units: umol/10*6 RBC | Info: 
75103-2,Myristate (C14:0) [Entitic substance] in Red Blood Cells,Test: Myristate | System: RBC | Units: umol/10*6 RBC | Info: 
75104-0,Fatty acids.very long chain C24:0 (Tetracosanoate) [Entitic substance] in Red Blood Cells,Test: Fatty acids.very long chain.C24:0 | System: RBC | Units: umol/10*6 RBC | Info: 
75105-7,Fatty acids.very long chain C26:1 (Hexacosenoate) [Entitic substance] in Red Blood Cells,Test: Fatty acids.very long chain.C26:1 | System: RBC | Units: umol/10*6 RBC | Info: 
75106-5,Mead acid (C20:3w9) [Entitic substance] in Red Blood Cells,Test: Mead acid | System: RBC | Units: umol/10*6 RBC | Info: 
75107-3,Pentadecanoate [Entitic substance] in Red Blood Cells,Test: Pentadecanoate | System: RBC | Units: umol/10*6 RBC | Info: 
75108-1,Arachidate (C20:0) [Entitic substance] in Red Blood Cells,Test: Arachidate | System: RBC | Units: umol/10*6 RBC | Info: 
75109-9,Fatty acids.very long chain.C22:1n9 (Erucate) [Entitic substance] in Red Blood Cells,Test: Fatty acids.very long chain.C22:1n9 | System: RBC | Units: umol/10*6 RBC | Info: 
75110-7,Arachidonate (C20:4w6) [Entitic substance] in Red Blood Cells,Test: Arachidonate | System: RBC | Units: umol/10*6 RBC | Info: 
75111-5,Palmitoleate (C16:1w7) [Entitic substance] in Red Blood Cells,Test: Palmitoleate | System: RBC | Units: umol/10*6 RBC | Info: 
75112-3,Docosatetraenoate (C22:4w6) [Entitic substance] in Red Blood Cells,Test: Docosatetraenoate | System: RBC | Units: umol/10*6 RBC | Info: 
75113-1,Alpha linolenate (C18:3w3) [Entitic substance] in Red Blood Cells,Test: Alpha linolenate | System: RBC | Units: umol/10*6 RBC | Info: 
75115-6,Palmitate (C16:0) [Entitic substance] in Red Blood Cells,Test: Palmitate | System: RBC | Units: umol/10*6 RBC | Info: 
75116-4,Decanoate (C10:0) [Entitic substance] in Red Blood Cells,Test: Decanoate | System: RBC | Units: umol/10*6 RBC | Info: 
75117-2,Linoleate (C18:2w6) [Entitic substance] in Red Blood Cells,Test: Linoleate | System: RBC | Units: umol/10*6 RBC | Info: 
75118-0,Octadecanoate (C18:0) [Entitic substance] in Red Blood Cells,Test: Octadecanoate | System: RBC | Units: umol/10*6 RBC | Info: 
75119-8,Gamma Linolenate (C18:3w6) [Entitic substance] in Red Blood Cells,Test: Gamma linolenate | System: RBC | Units: umol/10*6 RBC | Info: 
75120-6,Octanoate (C8:0) [Entitic substance] in Red Blood Cells,Test: Octanoate | System: RBC | Units: umol/10*6 RBC | Info: 
75121-4,Thymine [Moles/volume] in Serum or Plasma,Test: Thymine | System: Ser/Plas | Units: nmol/L | Info: 
75122-2,Deoxyadenosine [Moles/volume] in Serum or Plasma,Test: Deoxyadenosine | System: Ser/Plas | Units: nmol/L | Info: 
75123-0,Hypoxanthine [Moles/volume] in Cerebral spinal fluid,Test: Hypoxanthine | System: CSF | Units: nmol/L | Info: 
75124-8,Deoxyadenosine [Moles/volume] in Cerebral spinal fluid,Test: Deoxyadenosine | System: CSF | Units: nmol/L | Info: 
75125-5,Orotidine [Moles/volume] in Serum or Plasma,Test: Orotidine | System: Ser/Plas | Units: nmol/L | Info: 
75126-3,Orotate [Moles/volume] in Cerebral spinal fluid,Test: Orotate | System: CSF | Units: nmol/L | Info: 
75127-1,Deoxyinosine [Moles/volume] in Serum or Plasma,Test: Deoxyinosine | System: Ser/Plas | Units: nmol/L | Info: 
75128-9,Uracil [Moles/volume] in Cerebral spinal fluid,Test: Uracil | System: CSF | Units: nmol/L | Info: 
75129-7,Xanthine [Moles/volume] in Cerebral spinal fluid,Test: Xanthine | System: CSF | Units: nmol/L | Info: 
75130-5,Uridine [Moles/volume] in Cerebral spinal fluid,Test: Uridine | System: CSF | Units: nmol/L | Info: 
75131-3,Adenine [Moles/volume] in Serum or Plasma,Test: Adenine | System: Ser/Plas | Units: nmol/L | Info: 
75132-1,Oxipurinol/Creatinine [Molar ratio] in Urine,Test: Oxipurinol/Creatinine | System: Urine | Units: umol/mmol creatinine | Info: 
75133-9,Adenine [Moles/volume] in Cerebral spinal fluid,Test: Adenine | System: CSF | Units: nmol/L | Info: 
75134-7,Deoxyguanosine [Moles/volume] in Serum or Plasma,Test: Deoxyguanosine | System: Ser/Plas | Units: nmol/L | Info: 
75135-4,Hypoxanthine [Moles/volume] in Serum or Plasma,Test: Hypoxanthine | System: Ser/Plas | Units: nmol/L | Info: 
75136-2,Adenosine [Moles/volume] in Cerebral spinal fluid,Test: Adenosine | System: CSF | Units: umol/L | Info: 
75137-0,Acadesine [Moles/volume] in Serum or Plasma,Test: Acadesine | System: Ser/Plas | Units: umol/L | Info: 
75138-8,Succinylaminoimidazole carboxamide riboside/Creatinine [Molar ratio] in Urine,Test: Succinylaminoimidazole carboxamide riboside/Creatinine | System: Urine | Units: nmol/mol creatinine | Info: 
75140-4,Allantoine [Moles/volume] in Cerebral spinal fluid,Test: Allantoine | System: CSF | Units: umol/L | Info: 
75141-2,Acadesine [Moles/volume] in Cerebral spinal fluid,Test: Acadesine | System: CSF | Units: umol/L | Info: 
75142-0,Adenosine [Moles/volume] in Serum or Plasma,Test: Adenosine | System: Ser/Plas | Units: umol/L | Info: 
75143-8,Deoxyuridine [Moles/volume] in Cerebral spinal fluid,Test: Deoxyuridine | System: CSF | Units: umol/L | Info: 
75144-6,Xanthine [Moles/volume] in Serum or Plasma,Test: Xanthine | System: Ser/Plas | Units: nmol/L | Info: 
75145-3,Succinyladenosine [Moles/volume] in Serum or Plasma,Test: Succinyladenosine | System: Ser/Plas | Units: nmol/L | Info: 
75146-1,Succinylaminoimidazole carboxamide riboside [Moles/volume] in Serum or Plasma,Test: Succinylaminoimidazole carboxamide riboside | System: Ser/Plas | Units: nmol/L | Info: 
75147-9,Succinylaminoimidazole carboxamide riboside [Moles/volume] in Cerebral spinal fluid,Test: Succinylaminoimidazole carboxamide riboside | System: CSF | Units: nmol/L | Info: 
75148-7,Orotidine [Moles/volume] in Cerebral spinal fluid,Test: Orotidine | System: CSF | Units: nmol/L | Info: 
75149-5,Deoxyguanosine [Moles/volume] in Cerebral spinal fluid,Test: Deoxyguanosine | System: CSF | Units: nmol/L | Info: 
75150-3,Inosine [Moles/volume] in Serum or Plasma,Test: Inosine | System: Ser/Plas | Units: umol/L | Info: 
75151-1,Acadesine/Creatinine [Molar ratio] in Urine,Test: Acadesine/Creatinine | System: Urine | Units: umol/mol creatinine | Info: 
75152-9,Uracil [Moles/volume] in Serum or Plasma,Test: Uracil | System: Ser/Plas | Units: nmol/L | Info: 
75153-7,Thymine [Moles/volume] in Cerebral spinal fluid,Test: Thymine | System: CSF | Units: nmol/L | Info: 
75154-5,Inosine [Moles/volume] in Cerebral spinal fluid,Test: Inosine | System: CSF | Units: umol/L | Info: 
75155-2,Allantoine/Creatinine [Molar ratio] in Urine,Test: Allantoine/Creatinine | System: Urine | Units: umol/mmol creatinine | Info: 
75156-0,Thymidine [Moles/volume] in Cerebral spinal fluid,Test: Thymidine | System: CSF | Units: nmol/L | Info: 
75157-8,Deoxyinosine [Moles/volume] in Cerebral spinal fluid,Test: Deoxyinosine | System: CSF | Units: nmol/L | Info: 
75158-6,Allantoine [Moles/volume] in Serum or Plasma,Test: Allantoine | System: Ser/Plas | Units: umol/L | Info: 
75159-4,Uridine [Moles/volume] in Serum or Plasma,Test: Uridine | System: Ser/Plas | Units: nmol/L | Info: 
75160-2,Adenosine/Creatinine [Molar ratio] in Urine,Test: Adenosine/Creatinine | System: Urine | Units: umol/mmol creatinine | Info: 
75211-3,Propionylcarnitine (C3)+Palmitoylcarnitine (C16) [Moles/volume] in DBS,Test: Propionylcarnitine (C3)+Palmitoylcarnitine (C16) | System: Bld.dot | Units: umol/L | Info: 
10553-6,Prostatic acid phosphatase [Enzymatic activity/volume] in Genital fluid,Test: Acid phosphatase.prostatic | System: Genital fld | Units: ukat/L | Info: 
10557-7,Adenosine triphosphate [Moles/volume] in Semen,Test: Adenosine triphosphate | System: Semen | Units: umol/L | Info: 
75225-3,Glutarylcarnitine (C5-DC)/Carnitine (C0) [Molar ratio] in DBS,Test: Glutarylcarnitine (C5-DC)/Carnitine (C0) | System: Bld.dot | Units: Ratio | Info: 
105752-0,Reduction in clot strength [Length fraction] in Blood,Test: Reduction in clot strength^30M after maximum clot amplitude | System: Bld | Units: % | Info: 
10577-5,Glucosidase [Enzymatic activity/volume] in Seminal plasma,Test: Glucosidase | System: Semin plas | Units: ukat/L | Info: 
10578-3,Glycerophosphocholine [Moles/volume] in Seminal plasma,Test: Glycerophosphocholine | System: Semin plas | Units: mol/L | Info: 
10583-3,Prostaglandin F1 alpha [Moles/volume] in Semen,Test: Prostaglandin F1 alpha | System: Semen | Units: mol/L | Info: 
75513-2,dRVVT with 1:1 PNP (LA mix),Test: DRVVT | System: PPP | Units: s | Info: 
75627-0,Vascular adhesion protein 1 [Mass/volume] in Serum or Plasma,Test: Vascular adhesion protein 1 | System: Ser/Plas | Units: ug/mL | Info: 
75628-8,Vascular endothelial growth factor A [Mass/volume] in Serum or Plasma,Test: Vascular endothelial growth factor A | System: Ser/Plas | Units: pg/mL | Info: 
75629-6,Tumor necrosis factor receptor superfamily member 1A [Mass/volume] in Serum or Plasma,Test: Tumor necrosis factor receptor superfamily member 1A | System: Ser/Plas | Units: ng/mL | Info: 
75630-4,Interstitial collagenase [Mass/volume] in Serum or Plasma,Test: Interstitial collagenase | System: Ser/Plas | Units: ng/mL | Info: 
75631-2,Stromelysin-1 [Mass/volume] in Serum or Plasma,Test: Stromelysin-1 | System: Ser/Plas | Units: ng/mL | Info: 
75632-0,Resistin [Mass/volume] in Serum or Plasma,Test: Resistin | System: Ser/Plas | Units: ng/mL | Info: 
75638-7,Homocarnosine [Moles/volume] in Cerebral spinal fluid,Test: Homocarnosine | System: CSF | Units: umol/L | Info: 
75740-1,Lathosterol [Mass/volume] in Serum or Plasma,Test: Lathosterol | System: Ser/Plas | Units: mg/L | Info: 
75741-9,Beta sitosterol [Mass/volume] in Serum or Plasma,Test: Beta sitosterol | System: Ser/Plas | Units: mg/L | Info: 
75883-9,dRVVT W excess hexagonal phospholipid (STA-StaClot confirm),Test: dRVVT | System: PPP | Units: s | Info: 
76020-7,Delta dRVVT [Time] in Platelet poor plasma by Coagulation assay,Test: Delta dRVVT | System: PPP | Units: s | Info: 
76021-5,Delta aPTT [Time] in Platelet poor plasma by Coagulation assay,Test: Delta aPTT | System: PPP | Units: s | Info: 
76022-3,8(9)-Cholestenol [Moles/volume] in Serum or Plasma,Test: 8(9)-Cholestenol | System: Ser/Plas | Units: umol/L | Info: 
76025-6,Arylsulfatase C [Enzymatic activity/mass] in Fibroblast,Test: Arylsulfatase C | System: Fibroblasts | Units: nmol/H/mg protein | Info: 
76026-4,Phosphomannomutase 2 [Enzymatic activity/mass] in Fibroblast,Test: Phosphomannomutase 2 | System: Fibroblasts | Units: nmol/min/mg protein | Info: 
106733-9,"Troponin I.cardiac [Mass/volume] in Serum, Plasma or Blood by Rapid immunoassay",Test: Troponin I.cardiac | System: Ser/Plas/Bld | Units: ug/L | Info: 
76038-9,Tripeptidyl peptidase I [Enzymatic activity/mass] in Leukocytes,Test: Tripeptidyl peptidase I | System: WBC | Units: nmol/H/mg protein | Info: 
76039-7,Interleukin 2 Receptor Soluble [Mass/volume] in Serum or Plasma,Test: Interleukin 2 receptor.soluble | System: Ser/Plas | Units: pg/mL | Info: 
76132-0,Sucrose/Creatinine [Molar ratio] in Urine,Test: Sucrose/Creatinine | System: Urine | Units: mmol/mol creatinine | Info: 
106734-7,"Troponin T.cardiac [Mass/volume] in Serum, Plasma or Blood by Rapid immunoassay",Test: Troponin T.cardiac | System: Ser/Plas/Bld | Units: ug/L | Info: 
106735-4,"Natriuretic peptide.B prohormone N-Terminal [Mass/volume] in Serum, Plasma or Blood by Rapid immunoassay",Test: Natriuretic peptide.B prohormone N-Terminal | System: Ser/Plas/Bld | Units: ng/L | Info: 
106737-0,"Choriogonadotropin.intact+Beta subunit [Mass/volume] in Serum, Plasma or Blood by Rapid immunoassay","Test: Choriogonadotropin.intact+Beta subunit | System: Ser/Plas/Bld | Units: IU/L, mIU/mL | Info: "
106774-3,"24,25-dihydroxyvitamin D3+24,25-dihydroxyvitamin D2 [Moles/volume] in Serum or Plasma",Test: 24r-Hydroxycalcidiol+24r-Hydroxyercalcidiol | System: Ser/Plas | Units: nmol/L | Info: 
106796-6,CXCL13 Ag [Mass/volume] in Serum,Test: CXCL13 Ag | System: Ser | Units: pg/mL | Info: 
106806-3,IgG subclass 4 [Mass/volume] in Cord blood by Nephelometry,Test: IgG subclass 4 | System: BldCo | Units: g/L | Info: 
76474-6,Ghrelin [Mass/volume] in Serum or Plasma,Test: Ghrelin | System: Ser/Plas | Units: ng/L | Info: 
106807-1,IgG subclass 3 [Mass/volume] in Cord blood by Nephelometry,Test: IgG subclass 3 | System: BldCo | Units: g/L | Info: 
106808-9,IgG subclass 2 [Mass/volume] in Cord blood by Nephelometry,Test: IgG subclass 2 | System: BldCo | Units: g/L | Info: 
106809-7,IgG subclass 1 [Mass/volume] in Cord blood by Nephelometry,Test: IgG subclass 1 | System: BldCo | Units: g/L | Info: 
106813-9,IgA [Mass/volume] in Cord blood by Immunoassay,Test: IgA | System: BldCo | Units: g/L | Info: 
106842-8,Coagulation factor XIII inhibitor [Units/volume] in Platelet poor plasma by Chromogenic method,Test: Coagulation factor XIII inhibitor | System: PPP | Units: [arb'U]/mL | Info: 
106940-0,Tau protein.phosphorylated 217/Tau protein.unphosphorylated 217 [Mass Ratio] in Plasma by LC/MS/MS,Test: Tau protein.phosphorylated 217/Tau protein.unphosphorylated 217 | System: Plas | Units: % | Info: 
106941-8,Amyloid beta 42 peptide/Amyloid beta 40 peptide [Mass Ratio] in Plasma by LC/MS/MS,Test: Amyloid beta 42 peptide/Amyloid beta 40 peptide | System: Plas | Units: ratio | Info: 
106984-8,Extracellular Matrix Protein 1) [Mass/volume] in Semen by Immunoassay,Test: Extracellular Matrix Protein 1 | System: Semen | Units: ug/mL | Info: 
76524-8,Acetone [Moles/volume] in Blood,Test: Acetone | System: Bld | Units: mmol/L | Info: 
76613-9,Transferrin.carbohydrate deficient.pentasialo+hexasialo/Transferrin.total in Serum or Plasma,Test: Transferrin.carbohydrate deficient.pentasialo+hexasialo/Transferrin.total | System: Ser/Plas | Units: % | Info: 
76614-7,Lysosomal acid lipase [Enzymatic activity/mass] in Fibroblast by 4-MU-oleate substrate,Test: Lysosomal acid lipase | System: Fibroblasts | Units: nmol/H/mg protein | Info: 
76616-2,Mitochondrial respiratory chain enzymes [Enzymatic activity/mass] in Fibroblast by 1-14C-pyruvate substrate,Test: Mitochondrial respiratory chain enzymes | System: Fibroblasts | Units: nmol/H/mg protein | Info: 
76625-3,Alanine aminotransferase [Enzymatic activity/volume] in Blood,Test: Alanine aminotransferase | System: Bld | Units: arb U/L | Info: 
76629-5,Fasting glucose [Moles/volume] in Blood,Test: Glucose^post CFst | System: Bld | Units: mmol/L | Info: 
76630-3,Amylase [Enzymatic activity/volume] in Blood,Test: Amylase | System: Bld | Units: arb U/L | Info: 
76631-1,Albumin [Mass/volume] in Blood by Bromocresol purple (BCP) dye binding method,Test: Albumin | System: Bld | Units: g/L | Info: 
107170-3,Tubular cells [#/volume] in Urine sediment,Test: Tubular cells | System: Urine sed | Units: /uL | Info: 
76652-7,Thorium [Mass/mass] in Hair,Test: Thorium | System: Hair | Units: ug/g | Info: 
76653-5,Barium [Mass/mass] in Hair,Test: Barium | System: Hair | Units: ug/g | Info: 
76654-3,Beryllium [Mass/mass] in Hair,Test: Beryllium | System: Hair | Units: ug/g | Info: 
76655-0,Tungsten [Mass/mass] in Hair,Test: Tungsten | System: Hair | Units: ug/g | Info: 
76658-4,Zirconium [Mass/mass] in Hair,Test: Zirconium | System: Hair | Units: ug/g | Info: 
107221-4,Calciferol binding protein [Mass/volume] in Serum or Plasma,Test: Calciferol binding protein | System: Ser/Plas | Units: mg/L | Info: 
107231-3,Natriuretic peptide B [Mass/volume] adjusted for eGFR in Serum or Plasma,Test: Natriuretic peptide.B^^adjusted for eGFR | System: Ser/Plas | Units: ng/L | Info: 
107378-2,von Willebrand factor activity.ristocetin cofactor (GPIbR) actual/normal in Platelet poor plasma by Turbidimetry,Test: von Willebrand factor activity.ristocetin cofactor (GPIbR) actual/Normal | System: PPP | Units: % | Info: 
107446-7,Creatine kinase.MM [Enzymatic activity/volume] in DBS,Test: Creatine kinase.MM | System: Bld.dot | Units: U/L | Info: 
107481-4,Chemokine (C-X3-C motif) ligand 1 [Mass/volume] in Cerebral spinal fluid,Test: Chemokine (C-X3-C motif) ligand 1 | System: CSF | Units: ug/mL | Info: 
76773-1,Heptacarboxylporphyrin [Moles/volume] in Serum or Plasma,Test: Heptacarboxylporphyrin | System: Ser/Plas | Units: nmol/L | Info: 
77136-0,"Urea [Moles/volume] in Serum, Plasma or Blood",Test: Urea | System: Ser/Plas/Bld | Units: mmol/L | Info: 
77137-8,"Bilirubin.total [Moles/volume] in Serum, Plasma or Blood",Test: Bilirubin | System: Ser/Plas/Bld | Units: umol/L | Info: 
77138-6,"Chloride [Moles/volume] in Serum, Plasma or Blood",Test: Chloride | System: Ser/Plas/Bld | Units: mmol/L | Info: 
77139-4,"Sodium [Moles/volume] in Serum, Plasma or Blood",Test: Sodium | System: Ser/Plas/Bld | Units: mmol/L | Info: 
77140-2,"Creatinine [Moles/volume] in Serum, Plasma or Blood",Test: Creatinine | System: Ser/Plas/Bld | Units: umol/L | Info: 
77141-0,"Alkaline phosphatase [Enzymatic activity/volume] in Serum, Plasma or Blood",Test: Alkaline phosphatase | System: Ser/Plas/Bld | Units: arb U/L | Info: 
77142-8,"Potassium [Moles/volume] in Serum, Plasma or Blood",Test: Potassium | System: Ser/Plas/Bld | Units: mmol/L | Info: 
77143-6,"Carbon dioxide, total [Moles/volume] in Serum, Plasma or Blood",Test: Carbon dioxide | System: Ser/Plas/Bld | Units: mmol/L | Info: 
77144-4,"Alanine aminotransferase [Enzymatic activity/volume] in Serum, Plasma or Blood",Test: Alanine aminotransferase | System: Ser/Plas/Bld | Units: arb U/L | Info: 
77145-1,"Fasting glucose [Moles/volume] in Serum, Plasma or Blood",Test: Glucose^post CFst | System: Ser/Plas/Bld | Units: mmol/L | Info: 
77146-9,"Amylase [Enzymatic activity/volume] in Serum, Plasma or Blood",Test: Amylase | System: Ser/Plas/Bld | Units: arb U/L | Info: 
77148-5,"Albumin [Mass/volume] in Serum, Plasma or Blood by Bromocresol purple (BCP) dye binding method",Test: Albumin | System: Ser/Plas/Bld | Units: g/L | Info: 
107499-6,Calcitonin [Mass/volume] in Serum or Plasma --20 minutes post XXX challenge,Test: Calcitonin^20M post XXX challenge | System: Ser/Plas | Units: pg/mL | Info: 
107500-1,Testosterone [Mass/volume] in Serum or Plasma by LC/MS/MS --3 hours post XXX challenge,Test: Testosterone^3H post XXX challenge | System: Ser/Plas | Units: ug/dL | Info: 
107501-9,Testosterone [Mass/volume] in Serum or Plasma by LC/MS/MS --4 hours post XXX challenge,Test: Testosterone^4H post XXX challenge | System: Ser/Plas | Units: ug/dL | Info: 
107506-8,Guanidinoacetate/Creatine [Molar ratio] in DBS,Test: Guanidinoacetate/Creatine | System: Bld.dot | Units: umol/mmol | Info: 
77341-6,"Anion gap in Serum, Plasma or Blood by Calculated.4Ions",Test: Anion gap | System: Ser/Plas/Bld | Units: mmol/L | Info: 
77362-2,N-tau methylimidazoleacetate/Creatinine [Molar ratio] in 24 hour Urine,Test: N-tau methylimidazoleacetate/Creatinine | System: Urine | Units: mmol/mol creatinine | Info: 
107558-9,Carcinoembryonic Ag [Mass/volume] in Drain,Test: Carcinoembryonic Ag | System: Drain | Units: ug/uL | Info: 
107559-7,Lipase [Enzymatic activity/volume] in Drain,Test: Triacylglycerol lipase | System: Drain | Units: U/L | Info: 
77372-1,3-Methoxytyramine.free [Moles/volume] in Serum or Plasma,Test: 3-Methoxytyramine.free | System: Ser/Plas | Units: nmol/L | Info: 
107560-5,Tetrahydroaldosterone-3-glucuronide [Moles/time] in 24 hour Urine,Test: Tetrahydroaldosterone-3-glucuronide | System: Urine | Units: nmol/24 H | Info: 
107616-5,von Willebrand factor activity.glycoprotein Ib gain of function (GPIbM)von Willebrand factor activity.glycoprotein Ib gain of function (GPIbM) actual/normal in Platelet poor plasma by Immunoassay,Test: von Willebrand factor activity.glycoprotein Ib gain of function (GPIbM) actual/normal | System: PPP | Units: % | Info: 
107641-3,von Willebrand factor activity.GPIbM/von Willebrand factor (vWf) Ag [Ratio] in Platelet poor plasma by Turbidimetry,Test: von Willebrand factor activity.GPIbM/von Willebrand factor Ag | System: PPP | Units: Ratio | Info: 
77623-7,Thyrotropin [Units/volume] in Serum or Plasma --2.5 hours post XXX challenge,Test: Thyrotropin^2.5H post XXX challenge | System: Ser/Plas | Units: mIU/L | Info: 
107643-9,Density [Mass/volume] in Urine,Test: Density | System: Urine | Units: mg/mL | Info: 
107946-6,Lipase [Enzymatic activity/volume] in Pericardial fluid,Test: Triacylglycerol lipase | System: Pericard fld | Units: U/L | Info: 
7800-6,Phospholipid Ab [Units/volume] in Serum,Test: Phospholipid Ab | System: Ser | Units: GPL U | Info: 
108140-5,Pro-adrenomedullin [Moles/volume] in Serum,Test: proADM | System: Ser | Units: umol/dL | Info: 
7801-4,Phospholipid IgG Ab [Units/volume] in Serum,Test: Phospholipid Ab.IgG | System: Ser | Units: GPL U | Info: 
7802-2,Phospholipid IgM Ab [Units/volume] in Serum,Test: Phospholipid Ab.IgM | System: Ser | Units: MPL U | Info: 
78345-6,Docosenoate (C22:1) [Entitic substance] in Red Blood Cells,Test: Docosenoate | System: RBC | Units: umol/10*6 RBC | Info: 
78346-4,Hexadecenoate (C16:1w9) [Entitic substance] in Red Blood Cells,Test: Hexadecenoate | System: RBC | Units: umol/10*6 RBC | Info: 
78347-2,Docosapentaenate (C22:5w3) [Entitic substance] in Red Blood Cells,Test: Docosapentaenate w3 | System: RBC | Units: umol/10*6 RBC | Info: 
78348-0,Docosapentaenate (C22:5w6) [Entitic substance] in Red Blood Cells,Test: Docosapentaenate w6 | System: RBC | Units: umol/10*6 RBC | Info: 
78349-8,Lauroleate (C12:1) [Entitic substance] in Red Blood Cells,Test: Lauroleate | System: RBC | Units: umol/10*6 RBC | Info: 
78350-6,Decenoate (C10:1) [Entitic substance] in Red Blood Cells,Test: Decenoate | System: RBC | Units: umol/10*6 RBC | Info: 
78351-4,Tetradecadienoate (C14:2) [Entitic substance] in Red Blood Cells,Test: Tetradecadienoate | System: RBC | Units: umol/10*6 RBC | Info: 
78352-2,Vaccenate (C18:1w7) [Entitic substance] in Red Blood Cells,Test: Vaccenate | System: RBC | Units: umol/10*6 RBC | Info: 
78353-0,Hexadecadienoate (C16:2) [Entitic substance] in Red Blood Cells,Test: Hexadecadienoate | System: RBC | Units: umol/10*6 RBC | Info: 
108141-3,C peptide [Mass/volume] in Serum or Plasma --5th specimen,Test: C peptide^5th specimen | System: Ser/Plas | Units: mg/dL | Info: 
108142-1,C peptide [Mass/volume] in Serum or Plasma --4th specimen,Test: C peptide^4th specimen | System: Ser/Plas | Units: mg/dL | Info: 
108143-9,C peptide [Mass/volume] in Serum or Plasma --3rd specimen,Test: C peptide^3rd specimen | System: Ser/Plas | Units: mg/dL | Info: 
78376-1,Epipregnanolone [Moles/time] in 24 hour Urine,Test: Epipregnanolone | System: Urine | Units: umol/24 H | Info: 
108144-7,C peptide [Mass/volume] in Serum or Plasma --1st specimen,Test: C peptide^1st specimen | System: Ser/Plas | Units: mg/dL | Info: 
108145-4,Cortisol [Moles/volume] in Serum or Plasma --5th specimen,Test: Cortisol^5th specimen | System: Ser/Plas | Units: nmol/L | Info: 
108146-2,Cortisol [Moles/volume] in Serum or Plasma --4th specimen,Test: Cortisol^4th specimen | System: Ser/Plas | Units: nmol/L | Info: 
108147-0,Cortisol [Moles/volume] in Serum or Plasma --3rd specimen,Test: Cortisol^3rd specimen | System: Ser/Plas | Units: nmol/L | Info: 
108148-8,Cortisol [Moles/volume] in Serum or Plasma --2nd specimen,Test: Cortisol^2nd specimen | System: Ser/Plas | Units: nmol/L | Info: 
108149-6,Cortisol [Moles/volume] in Serum or Plasma --1st specimen,Test: Cortisol^1st specimen | System: Ser/Plas | Units: nmol/L | Info: 
108285-8,Pyruvate kinase M2 [Units/volume] in Serum,Test: Pyruvate kinase M2 | System: Ser | Units: U/mL | Info: 
10836-5,Niacin [Mass/volume] in Blood,Test: Niacin | System: Bld | Units: ng/mL | Info: 
10874-6,Bombesin [Mass/volume] in Plasma,Test: Bombesin | System: Plas | Units: pg/mL | Info: 
78689-7,Adenylosuccinate/Creatinine [Molar ratio] in Urine,Test: Adenylosuccinate/Creatinine | System: Urine | Units: mmol/mol creatinine | Info: 
78690-5,5-Hydroxymethyluracil/Creatinine [Molar ratio] in Urine,Test: 5-hydroxymethyluracil/Creatinine | System: Urine | Units: mmol/mol creatinine | Info: 
78691-3,Guanosine/Creatinine [Molar ratio] in Urine,Test: Guanosine/Creatinine | System: Urine | Units: mmol/mol creatinine | Info: 
78692-1,Pseudouridine/Creatinine [Molar ratio] in Urine,Test: Pseudouridine/Creatinine | System: Urine | Units: mmol/mol creatinine | Info: 
78693-9,Dihydrothymine/Creatinine [Molar ratio] in Urine,Test: Dihydrothymine/Creatinine | System: Urine | Units: mmol/mol creatinine | Info: 
78694-7,Dihydroorotate/Creatinine [Molar ratio] in Urine,Test: Dihydroorotate/Creatinine | System: Urine | Units: mmol/mol creatinine | Info: 
78695-4,Guanine/Creatinine [Molar ratio] in Urine,Test: Guanine/Creatinine | System: Urine | Units: mmol/mol creatinine | Info: 
78696-2,Selenium [Moles/volume] in Blood,Test: Selenium | System: Bld | Units: umol/L | Info: 
10878-7,Iodine.protein bound [Mass/volume] in Serum or Plasma,Test: Iodine.protein bound | System: Ser/Plas | Units: ug/dL | Info: 
78740-8,Pathologic casts [#/area] in Urine by Automated count,Test: Pathologic casts | System: Urine | Units: /HPF | Info: 
10881-1,Pentacarboxylporphyrins [Mass/volume] in Red Blood Cells,Test: Pentacarboxylporphyrins | System: RBC | Units: ug/dL | Info: 
78959-4,Hyocholate [Moles/volume] in Serum or Plasma,Test: Hyocholate | System: Ser/Plas | Units: umol/L | Info: 
78964-4,N-acetylaspartylglutamate [Moles/volume] in Cerebral spinal fluid,Test: N-acetylaspartylglutamate | System: CSF | Units: nmol/L | Info: 
78965-1,Neurofilament medium chain Ab [Mass/volume] in Cerebral spinal fluid,Test: Neurofilament medium chain Ab | System: CSF | Units: ng/L | Info: 
78966-9,S-adenosylmethionine [Moles/volume] in Serum or Plasma,Test: S-adenosylmethionine | System: Ser/Plas | Units: nmol/L | Info: 
78967-7,Sedoheptulose/Creatinine [Molar ratio] in Urine,Test: Sedoheptulose/Creatinine | System: Urine | Units: mmol/mol creatinine | Info: 
78969-3,Neurofilament heavy chain Ab [Mass/volume] in Cerebral spinal fluid,Test: Neurofilament heavy chain Ab | System: CSF | Units: ng/L | Info: 
78970-1,Phosphomannomutase 1 [Enzymatic activity/mass] in Leukocytes,Test: Phosphomannomutase 1 | System: WBC | Units: mU/g protein | Info: 
78971-9,Phosphomannomutase 1 [Enzymatic activity/mass] in Fibroblast,Test: Phosphomannomutase 1 | System: Fibroblasts | Units: mU/mg protein | Info: 
78982-6,D-3-phosphoglycerate dehydrogenase [Enzymatic activity/mass] in Fibroblast,Test: D-3-phosphoglycerate dehydrogenase | System: Fibroblasts | Units: nmol/min/mg protein | Info: 
78983-4,4-Hydroxy-3-Methoxyphenyllactate [Moles/volume] in Cerebral spinal fluid,Test: 4-Hydroxy-3-Methoxyphenyllactate | System: CSF | Units: umol/L | Info: 
78985-9,Prolactin.dimeric [Units/volume] in Serum or Plasma,Test: Prolactin.dimeric | System: Ser/Plas | Units: arb U/L | Info: 
78986-7,Prolactin.dimeric/Prolactin in Serum or Plasma,Test: Prolactin.dimeric/Prolactin | System: Ser/Plas | Units: % | Info: 
78987-5,Provasopressin.C-terminal [Moles/volume] in Serum or Plasma by Immunoassay,Test: Provasopressin.C-terminal | System: Ser/Plas | Units: pmol/L | Info: 
78990-9,Flavin adenine dinucleotide [Moles/volume] in Serum or Plasma,Test: Flavin adenine dinucleotide | System: Ser/Plas | Units: nmol/L | Info: 
78995-8,Prolactin monomeric/Prolactin in Serum or Plasma,Test: Prolactin.monomeric/Prolactin | System: Ser/Plas | Units: % | Info: 
79125-1,Hawkinsin [Moles/volume] in Serum or Plasma,Test: Hawkinsin | System: Ser/Plas | Units: umol/L | Info: 
10970-2,Galactose 1 phosphate uridyl transferase [Enzymatic activity/volume] in Blood,Test: Galactose 1 phosphate uridyl transferase | System: Bld | Units: U/g Hb | Info: 
79178-0,4-Hydroxycyclohexylacetate/Creatinine [Molar ratio] in Urine,Test: 4-Hydroxycyclohexylacetate/Creatinine | System: Urine | Units: mmol/mol creatinine | Info: 
79268-9,3-Hydroxytrimethyl-L-lysine [Moles/volume] in Serum or Plasma,Test: 3-Hydroxytrimethyl-L-lysine | System: Ser/Plas | Units: umol/L | Info: 
79269-7,3-Hydroxytrimethyl-L-lysine [Moles/volume] in Cerebral spinal fluid,Test: 3-Hydroxytrimethyl-L-lysine | System: CSF | Units: umol/L | Info: 
79270-5,3-Hydroxytrimethyl-L-lysine [Moles/volume] in DBS,Test: 3-Hydroxytrimethyl-L-lysine | System: Bld.dot | Units: umol/L | Info: 
79271-3,3-Hydroxytrimethyl-L-lysine/Creatinine [Molar ratio] in Urine,Test: 3-Hydroxytrimethyl-L-lysine/Creatinine | System: Urine | Units: umol/mmol creatinine | Info: 
79272-1,3-Hydroxytrimethyl-L-lysine/Trimethyllysine [Molar ratio] in Cerebral spinal fluid,Test: 3-Hydroxytrimethyl-L-lysine/Trimethyllysine | System: CSF | Units: ratio | Info: 
79273-9,3-Hydroxytrimethyl-L-lysine/Trimethyllysine [Molar ratio] in DBS,Test: 3-Hydroxytrimethyl-L-lysine/Trimethyllysine | System: Bld.dot | Units: ratio | Info: 
79274-7,3-Hydroxytrimethyl-L-lysine/Trimethyllysine [Molar ratio] in Serum or Plasma,Test: 3-Hydroxytrimethyl-L-lysine/Trimethyllysine | System: Ser/Plas | Units: ratio | Info: 
79275-4,3-Hydroxytrimethyl-L-lysine/Trimethyllysine [Molar ratio] in Urine,Test: 3-Hydroxytrimethyl-L-lysine/Trimethyllysine | System: Urine | Units: ratio | Info: 
79276-2,"7,8-Dihydrobiopterin [Moles/volume] in Cerebral spinal fluid","Test: 7,8-Dihydrobiopterin | System: CSF | Units: nmol/L | Info: "
79277-0,7-lathosterol [Moles/volume] in Serum or Plasma,Test: 7-lathosterol | System: Ser/Plas | Units: umol/L | Info: 
79278-8,8-lathosterol [Moles/volume] in Serum or Plasma,Test: 8-lathosterol | System: Ser/Plas | Units: umol/L | Info: 
79279-6,Alpha-aminoadipic semialdehyde [Moles/volume] in Serum or Plasma,Test: Alpha-aminoadipic semialdehyde | System: Ser/Plas | Units: umol/L | Info: 
79280-4,Alpha-aminoadipic semialdehyde [Moles/volume] in Cerebral spinal fluid,Test: Alpha-aminoadipic semialdehyde | System: CSF | Units: umol/L | Info: 
79281-2,Arabinose/Creatinine [Molar ratio] in Urine,Test: Arabinose/Creatinine | System: Urine | Units: umol/mmol creatinine | Info: 
79282-0,Biopterin/Biopterin+Neopterin [Molar ratio] in Urine,Test: Biopterin/Biopterin+Neopterin | System: Urine | Units: ratio | Info: 
79283-8,C29 dicarboxylate [Moles/volume] in Serum or Plasma,Test: C29 dicarboxylate | System: Ser/Plas | Units: nmol/L | Info: 
79304-2,D-2-hydroxyglutarate [Moles/volume] in Cerebral spinal fluid,Test: D-2-hydroxyglutarate | System: CSF | Units: umol/L | Info: 
79305-9,D-2-hydroxyglutarate [Moles/volume] in Serum or Plasma,Test: D-2-hydroxyglutarate | System: Ser/Plas | Units: umol/L | Info: 
79306-7,D-2-hydroxyglutarate [Moles/volume] in DBS,Test: D-2-hydroxyglutarate | System: Bld.dot | Units: umol/L | Info: 
79307-5,D-2-hydroxyglutarate [Moles/volume] in Amniotic fluid,Test: D-2-hydroxyglutarate | System: Amnio fld | Units: umol/L | Info: 
79308-3,Gamma butyrobetaine [Moles/volume] in Serum or Plasma,Test: Gamma butyrobetaine | System: Ser/Plas | Units: umol/L | Info: 
79309-1,Gamma butyrobetaine [Moles/volume] in Cerebral spinal fluid,Test: Gamma butyrobetaine | System: CSF | Units: umol/L | Info: 
79310-9,Gamma butyrobetaine [Moles/volume] in DBS,Test: Gamma butyrobetaine | System: Bld.dot | Units: umol/L | Info: 
79311-7,Gamma butyrobetaine/Creatinine [Molar ratio] in Urine,Test: Gamma butyrobetaine/Creatinine | System: Urine | Units: umol/mmol creatinine | Info: 
79312-5,Gamma butyrobetaine/Trimethyllysine [Molar ratio] in Serum or Plasma,Test: Gamma butyrobetaine/Trimethyllysine | System: Ser/Plas | Units: ratio | Info: 
79313-3,Gamma butyrobetaine/Trimethyllysine [Molar ratio] in Urine,Test: Gamma butyrobetaine/Trimethyllysine | System: Urine | Units: ratio | Info: 
79314-1,Gamma butyrobetaine/Trimethyllysine [Molar ratio] in DBS,Test: Gamma butyrobetaine/Trimethyllysine | System: Bld.dot | Units: ratio | Info: 
79315-8,Gamma butyrobetaine/Trimethyllysine [Molar ratio] in Cerebral spinal fluid,Test: Gamma butyrobetaine/Trimethyllysine | System: CSF | Units: ratio | Info: 
79316-6,Isoxanthopterin [Moles/volume] in Serum or Plasma,Test: Isoxanthopterin | System: Ser/Plas | Units: nmol/L | Info: 
79317-4,L-2-hydroxyglutarate [Moles/volume] in Cerebral spinal fluid,Test: L-2-hydroxyglutarate | System: CSF | Units: umol/L | Info: 
79318-2,L-2-hydroxyglutarate [Moles/volume] in Serum or Plasma,Test: L-2-hydroxyglutarate | System: Ser/Plas | Units: umol/L | Info: 
79319-0,L-2-hydroxyglutarate [Moles/volume] in Amniotic fluid,Test: L-2-hydroxyglutarate | System: Amnio fld | Units: umol/L | Info: 
79320-8,Lysophosphatidylcholine(26:0) [Moles/volume] in Cerebral spinal fluid,Test: Lysophosphatidylcholine(26:0) | System: CSF | Units: nmol/L | Info: 
79322-4,Lysophosphatidylcholine(26:0) [Moles/volume] in Serum or Plasma,Test: Lysophosphatidylcholine(26:0) | System: Ser/Plas | Units: umol/L | Info: 
79323-2,7-Isobiopterin/Creatinine [Molar ratio] in Urine,Test: 7-Isobiopterin/Creatinine | System: Urine | Units: nmol/mmol creatinine | Info: 
79326-5,Squalene [Moles/volume] in Serum or Plasma,Test: Squalene | System: Ser/Plas | Units: umol/L | Info: 
79328-1,Trimethyllysine [Moles/volume] in Serum or Plasma,Test: Trimethyllysine | System: Ser/Plas | Units: umol/L | Info: 
79329-9,Trimethyllysine [Moles/volume] in Cerebral spinal fluid,Test: Trimethyllysine | System: CSF | Units: umol/L | Info: 
79330-7,Trimethyllysine [Moles/volume] in DBS,Test: Trimethyllysine | System: Bld.dot | Units: umol/L | Info: 
79331-5,Trimethyllysine/Creatinine [Molar ratio] in Urine,Test: Trimethyllysine/Creatinine | System: Urine | Units: umol/mmol creatinine | Info: 
79332-3,L-2-hydroxyglutarate [Moles/volume] in DBS,Test: L-2-hydroxyglutarate | System: Bld.dot | Units: umol/L | Info: 
79346-3,Alpha-aminoadipic semialdehyde/Creatinine [Molar ratio] in Urine,Test: Alpha-aminoadipic semialdehyde/Creatinine | System: Urine | Units: umol/mol creatinine | Info: 
79393-5,Flavin mononucleotide [Moles/volume] in Serum or Plasma,Test: Flavin mononucleotide | System: Ser/Plas | Units: nmol/L | Info: 
79394-3,Hepatocyte growth factor [Mass/volume] in Serum or Plasma,Test: Hepatocyte growth factor | System: Ser/Plas | Units: pg/mL | Info: 
79395-0,NADH:ubiquinone reductase [Enzymatic activity/mass] in Fibroblast,Test: NADH:ubiquinone reductase | System: Fibroblasts | Units: nmol/H/mg protein | Info: 
79396-8,NADH:ubiquinone reductase [Enzymatic activity/mass] in Tissue,Test: NADH:ubiquinone reductase | System: Tiss | Units: nmol/H/mg protein | Info: 
79400-8,Vanillylmandelate [Moles/volume] in Cerebral spinal fluid,Test: Vanillylmandelate | System: CSF | Units: umol/L | Info: 
79405-7,"1,4-Alpha glucan branching enzyme [Enzymatic activity/mass] in Fibroblast","Test: 1,4-Alpha glucan branching enzyme | System: Fibroblasts | Units: nmol/min/mg protein | Info: "
11037-9,Alpha-N-acetylgalactosaminidase [Enzymatic activity/volume] in Serum or Plasma,Test: Alpha-N-acetylgalactosaminidase | System: Ser/Plas | Units: nmol/h/mL | Info: 
11038-7,Beta+gamma tocopherol [Mass/volume] in Serum or Plasma,Test: Beta+gamma tocopherol | System: Ser/Plas | Units: mcg/mL; mg/dL | Info: 
79452-9,Adenylosuccinate lyase [Enzymatic activity/substance] in Red Blood Cells,Test: Adenylosuccinate lyase | System: RBC | Units: mol/H/mol Hb | Info: 
79453-7,Alcohol dehydrogenase [Enzymatic activity/mass] in Liver,Test: Alcohol dehydrogenase | System: Liver | Units: nmol/H/mg protein | Info: 
79454-5,Alpha fucosidase [Enzymatic activity/volume] in DBS,Test: Alpha fucosidase | System: Bld.dot | Units: nmol/h/mL | Info: 
79455-2,Alpha-N-acetylgalactosaminidase [Enzymatic activity/volume] in DBS,Test: Alpha-N-acetylgalactosaminidase | System: Bld.dot | Units: nmol/h/mL | Info: 
79457-8,Beta glucuronidase [Enzymatic activity/volume] in DBS,Test: Beta glucuronidase | System: Bld.dot | Units: nmol/h/mL | Info: 
79458-6,Beta-N-acetylhexosaminidase [Enzymatic activity/volume] in DBS,Test: Beta-N-acetylhexosaminidase | System: Bld.dot | Units: nmol/h/mL | Info: 
79459-4,Dihydropteridine reductase [Enzymatic activity/mass] in Red Blood Cells,Test: Dihydropteridine reductase | System: RBC | Units: umol/min/g Hb | Info: 
79462-8,Iduronate-2-Sulfatase [Enzymatic activity/volume] in DBS,Test: Iduronate-2-Sulfatase | System: Bld.dot | Units: nmol/h/mL | Info: 
79463-6,N-Acetylgalactosamine-4-Sulfatase [Enzymatic activity/volume] in DBS,Test: N-Acetylgalactosamine-4-Sulfatase | System: Bld.dot | Units: nmol/h/mL | Info: 
79464-4,Phosphorylase [Enzymatic activity/mass] in Red Blood Cells,Test: Phosphorylase | System: RBC | Units: umol/H/g Hb | Info: 
79467-7,Purine nucleoside phosphorylase [Enzymatic activity/volume] in DBS,Test: Purine nucleoside phosphorylase | System: Bld.dot | Units: nmol/h/mL | Info: 
79469-3,Uridine diphosphate glucose-4-Epimerase [Enzymatic activity/mass] in Red Blood Cells,Test: Uridine diphosphate glucose-4-Epimerase | System: RBC | Units: U/g Hb | Info: 
79470-1,Uridine monophosphate synthetase [Enzymatic activity/mass] in Red Blood Cells,Test: Uridine monophosphate synthetase | System: RBC | Units: nmol/h/g Hb | Info: 
79471-9,"1,4-Cyclohexanediol/Creatinine [Molar ratio] in Urine","Test: 1,4-Cyclohexanediol/Creatinine | System: Urine | Units: umol/mmol creatinine | Info: "
79472-7,Phenylpropionylglycine [Moles/volume] in Serum or Plasma,Test: Phenylpropionylglycine | System: Ser/Plas | Units: umol/L | Info: 
79473-5,Hexanoylglycine [Moles/volume] in Serum or Plasma,Test: Hexanoylglycine | System: Ser/Plas | Units: umol/L | Info: 
79474-3,"3,4-Dihydroxybutyrate/Creatinine [Molar ratio] in Urine","Test: 3,4-Dihydroxybutyrate/Creatinine | System: Urine | Units: umol/mmol creatinine | Info: "
79475-0,"2,5-Furandicarboxylate [Moles/volume] in Serum or Plasma","Test: 2,5-Furandicarboxylate | System: Ser/Plas | Units: umol/L | Info: "
79476-8,Ethylmalonate [Moles/volume] in Serum or Plasma,Test: Ethylmalonate | System: Ser/Plas | Units: umol/L | Info: 
79477-6,5-Hydroxymethyl-2-Furoate/Creatinine [Molar ratio] in Urine,Test: 5-Hydroxymethyl-2-Furoate/Creatinine | System: Urine | Units: umol/mmol creatinine | Info: 
79478-4,Salicylurate/Creatinine [Molar ratio] in Urine,Test: Salicylurate/Creatinine | System: Urine | Units: umol/mmol creatinine | Info: 
79479-2,"3-Hydroxyadipate 3,6-lactone [Moles/volume] in Serum or Plasma","Test: 3-Hydroxyadipate 3,6-lactone | System: Ser/Plas | Units: umol/L | Info: "
79480-0,"3,4-Dihydroxyhydrocinnamate [Moles/volume] in Serum or Plasma","Test: 3,4-Dihydroxyhydrocinnamate | System: Ser/Plas | Units: umol/L | Info: "
79481-8,Hydantoin-5-propionate/Creatinine [Molar ratio] in Urine,Test: Hydantoin-5-propionate/Creatinine | System: Urine | Units: umol/mmol creatinine | Info: 
79482-6,3-(3-Hydroxyphenyl)propanoate/Creatinine [Molar ratio] in Urine,Test: 3-(3-Hydroxyphenyl)propanoate/Creatinine | System: Urine | Units: umol/mmol creatinine | Info: 
79483-4,Vanilloylglycine/Creatinine [Molar ratio] in Urine,Test: Vanilloylglycine/Creatinine | System: Urine | Units: umol/mmol creatinine | Info: 
79484-2,Levulinate [Moles/volume] in Serum or Plasma,Test: Levulinate | System: Ser/Plas | Units: umol/L | Info: 
79485-9,4-Hydroxyvalerate/Creatinine [Molar ratio] in Urine,Test: 4-Hydroxyvalerate/Creatinine | System: Urine | Units: umol/mmol creatinine | Info: 
79486-7,"3,5-Dihydroxybenzoate/Creatinine [Molar ratio] in Urine","Test: 3,5-Dihydroxybenzoate/Creatinine | System: Urine | Units: umol/mmol creatinine | Info: "
79487-5,Lactyl lactate/Creatinine [Molar ratio] in Urine,Test: Lactyl lactate/Creatinine | System: Urine | Units: umol/mmol creatinine | Info: 
79488-3,"3,4-Dihydroxybutyrate [Moles/volume] in Serum or Plasma","Test: 3,4-Dihydroxybutyrate | System: Ser/Plas | Units: umol/L | Info: "
79489-1,Salicylurate [Moles/volume] in Serum or Plasma,Test: Salicylurate | System: Ser/Plas | Units: umol/L | Info: 
79490-9,"3,4-Dihydroxyhydrocinnamate/Creatinine [Molar ratio] in Urine","Test: 3,4-Dihydroxyhydrocinnamate/Creatinine | System: Urine | Units: umol/mmol creatinine | Info: "
79491-7,3-Hydroxyphenylacetate [Moles/volume] in Serum or Plasma,Test: 3-Hydroxyphenylacetate | System: Ser/Plas | Units: umol/L | Info: 
79492-5,Furoylglycine [Moles/volume] in Serum or Plasma,Test: Furoylglycine | System: Ser/Plas | Units: umol/L | Info: 
79494-1,Pimelate/Creatinine [Molar ratio] in Urine,Test: Pimelate/Creatinine | System: Urine | Units: umol/mmol creatinine | Info: 
79495-8,Azelate [Moles/volume] in Serum or Plasma,Test: Azelate | System: Ser/Plas | Units: umol/L | Info: 
79496-6,Hydantoin-5-propionate [Moles/volume] in Serum or Plasma,Test: Hydantoin-5-propionate | System: Ser/Plas | Units: umol/L | Info: 
79497-4,3-Hydroxybenzoate [Moles/volume] in Serum or Plasma,Test: 3-Hydroxybenzoate | System: Ser/Plas | Units: umol/L | Info: 
79498-2,4-Hydroxyhippurate/Creatinine [Molar ratio] in Urine,Test: 4-Hydroxyhippurate/Creatinine | System: Urine | Units: umol/mmol creatinine | Info: 
79500-5,Furoylglycine/Creatinine [Molar ratio] in Urine,Test: Furoylglycine/Creatinine | System: Urine | Units: umol/mmol creatinine | Info: 
79501-3,3-Hydroxyhippurate/Creatinine [Molar ratio] in Urine,Test: 3-Hydroxyhippurate/Creatinine | System: Urine | Units: umol/mmol creatinine | Info: 
79502-1,4-Hydroxyvalerate [Moles/volume] in Serum or Plasma,Test: 4-Hydroxyvalerate | System: Ser/Plas | Units: umol/L | Info: 
79503-9,4-Hydroxyhippurate [Moles/volume] in Serum or Plasma,Test: 4-Hydroxyhippurate | System: Ser/Plas | Units: umol/L | Info: 
79504-7,Levulinate/Creatinine [Molar ratio] in Urine,Test: Levulinate/Creatinine | System: Urine | Units: umol/mmol creatinine | Info: 
79505-4,4-Hydroxy-3-Methoxyphenyllactate [Moles/volume] in Serum or Plasma,Test: 4-Hydroxy-3-Methoxyphenyllactate | System: Ser/Plas | Units: umol/L | Info: 
79506-2,Desaminotyrosine [Moles/volume] in Serum or Plasma,Test: Desaminotyrosine | System: Ser/Plas | Units: umol/L | Info: 
79507-0,P-cresol/Creatinine [Molar ratio] in Urine,Test: P-cresol/Creatinine | System: Urine | Units: umol/mmol creatinine | Info: 
79508-8,4-Hydroxymandelate [Moles/volume] in Serum or Plasma,Test: 4-Hydroxymandelate | System: Ser/Plas | Units: umol/L | Info: 
79509-6,Decenedioate [Moles/volume] in Serum or Plasma,Test: Decenedioate | System: Ser/Plas | Units: nmol/L | Info: 
79510-4,3-Hydroxyhippurate [Moles/volume] in Serum or Plasma,Test: 3-Hydroxyhippurate | System: Ser/Plas | Units: umol/L | Info: 
79511-2,Suberylglycine [Moles/volume] in Serum or Plasma,Test: Suberylglycine | System: Ser/Plas | Units: umol/L | Info: 
79512-0,Vanilloylglycine [Moles/volume] in Serum or Plasma,Test: Vanilloylglycine | System: Ser/Plas | Units: umol/L | Info: 
79513-8,"1,4-Cyclohexanediol [Moles/volume] in Serum or Plasma","Test: 1,4-Cyclohexanediol | System: Ser/Plas | Units: umol/L | Info: "
79514-6,N-acetyltyrosine [Moles/volume] in Serum or Plasma,Test: N-acetyltyrosine | System: Ser/Plas | Units: umol/L | Info: 
79515-3,Gentisate [Moles/volume] in Serum or Plasma,Test: Gentisate | System: Ser/Plas | Units: umol/L | Info: 
79516-1,Octenedioate (C8:1) [Moles/volume] in Serum or Plasma,Test: Octenedioate | System: Ser/Plas | Units: nmol/L | Info: 
79517-9,Desaminotyrosine/Creatinine [Molar ratio] in Urine,Test: Desaminotyrosine/Creatinine | System: Urine | Units: umol/mmol creatinine | Info: 
79518-7,3-Hydroxybenzoate/Creatinine [Molar ratio] in Urine,Test: 3-Hydroxybenzoate/Creatinine | System: Urine | Units: umol/mmol creatinine | Info: 
79519-5,Pimelate [Moles/volume] in Serum or Plasma,Test: Pimelate | System: Ser/Plas | Units: umol/L | Info: 
79520-3,4-Deoxythreonate [Moles/volume] in Serum or Plasma,Test: 4-Deoxythreonate | System: Ser/Plas | Units: umol/L | Info: 
79521-1,Lactyl lactate [Moles/volume] in Serum or Plasma,Test: Lactyl lactate | System: Ser/Plas | Units: umol/L | Info: 
79522-9,"2,5-Furandicarboxylate/Creatinine [Molar ratio] in Urine","Test: 2,5-Furandicarboxylate/Creatinine | System: Urine | Units: umol/mmol creatinine | Info: "
79523-7,3-(3-Hydroxyphenyl)propanoate [Moles/volume] in Serum or Plasma,Test: 3-(3-Hydroxyphenyl)propanoate | System: Ser/Plas | Units: umol/L | Info: 
79524-5,P-cresol [Moles/volume] in Serum or Plasma,Test: P-cresol | System: Ser/Plas | Units: umol/L | Info: 
79526-0,"3,5-Dihydroxybenzoate [Moles/volume] in Serum or Plasma","Test: 3,5-Dihydroxybenzoate | System: Ser/Plas | Units: umol/L | Info: "
79527-8,4-Deoxythreonate/Creatinine [Molar ratio] in Urine,Test: 4-Deoxythreonate/Creatinine | System: Urine | Units: mmol/mol creatinine | Info: 
79528-6,5-Hydroxymethyl-2-Furoate [Moles/volume] in Serum or Plasma,Test: 5-Hydroxymethyl-2-Furoate | System: Ser/Plas | Units: umol/L | Info: 
79576-5,Allocystathionine [Moles/volume] in Serum or Plasma,Test: Allocystathionine | System: Ser/Plas | Units: umol/L | Info: 
79577-3,Levodopa/Creatinine [Molar ratio] in Urine,Test: Levodopa/Creatinine | System: Urine | Units: umol/mmol creatinine | Info: 
79578-1,N6-Acetyl-L-lysine [Moles/volume] in Serum or Plasma,Test: N6-Acetyl-L-lysine | System: Ser/Plas | Units: umol/L | Info: 
79579-9,Alanylproline/Creatinine [Molar ratio] in Urine,Test: Alanylproline/Creatinine | System: Urine | Units: umol/mmol creatinine | Info: 
79581-5,Alanylproline [Moles/volume] in Serum or Plasma,Test: Alanylproline | System: Ser/Plas | Units: umol/L | Info: 
79582-3,Beta-ureidoisobutyrate [Moles/volume] in Serum or Plasma,Test: Beta-ureidoisobutyrate | System: Ser/Plas | Units: umol/L | Info: 
79585-6,Aspartylglycine [Moles/volume] in Serum or Plasma,Test: Aspartylglycine | System: Ser/Plas | Units: umol/L | Info: 
79587-2,L-homoarginine/Creatinine [Molar ratio] in Urine,Test: L-homoarginine/Creatinine | System: Urine | Units: umol/mmol creatinine | Info: 
79588-0,Prolylhydroxyproline [Moles/volume] in Serum or Plasma,Test: Prolylhydroxyproline | System: Ser/Plas | Units: umol/L | Info: 
79589-8,Aspartylglycosamine [Moles/volume] in Serum or Plasma,Test: Aspartylglycosamine | System: Ser/Plas | Units: umol/L | Info: 
79590-6,Alpha aminoisobutyrate [Moles/volume] in Serum or Plasma,Test: Alpha aminoisobutyrate | System: Ser/Plas | Units: umol/L | Info: 
79591-4,N-alpha acetyllysine [Moles/volume] in Serum or Plasma,Test: N-alpha acetyllysine | System: Ser/Plas | Units: umol/L | Info: 
79593-0,Allocystathionine/Creatinine [Molar ratio] in Urine,Test: Allocystathionine/Creatinine | System: Urine | Units: umol/mmol creatinine | Info: 
79594-8,Glycylproline/Creatinine [Molar ratio] in Urine,Test: Glycylproline/Creatinine | System: Urine | Units: umol/mmol creatinine | Info: 
79595-5,"N,N'-dimethylarginine [Moles/volume] in Serum or Plasma","Test: N,N'-dimethylarginine | System: Ser/Plas | Units: umol/L | Info: "
79596-3,D-serine/Creatinine [Molar ratio] in Urine,Test: D-serine/Creatinine | System: Urine | Units: umol/mmol creatinine | Info: 
79597-1,N-monomethylarginine/Creatinine [Molar ratio] in Urine,Test: N-monomethylarginine/Creatinine | System: Urine | Units: umol/mmol creatinine | Info: 
79600-3,Glutathione.reduced [Moles/volume] in Serum or Plasma,Test: Glutathione.reduced | System: Ser/Plas | Units: umol/L | Info: 
79601-1,L-serine [Moles/volume] in Cerebral spinal fluid,Test: L-serine | System: CSF | Units: umol/L | Info: 
79602-9,Homocarnosine [Moles/volume] in Serum or Plasma,Test: Homocarnosine | System: Ser/Plas | Units: umol/L | Info: 
79604-5,S-beta aminoisobutyrate [Moles/volume] in Serum or Plasma,Test: S-beta aminoisobutyrate | System: Ser/Plas | Units: umol/L | Info: 
79606-0,Cysteate [Moles/volume] in Serum or Plasma,Test: Cysteate | System: Ser/Plas | Units: umol/L | Info: 
79607-8,Saccharopine [Moles/volume] in Serum or Plasma,Test: Saccharopine | System: Ser/Plas | Units: umol/L | Info: 
79608-6,2-Methyltyrosine [Moles/volume] in Serum or Plasma,Test: 2-Methyltyrosine | System: Ser/Plas | Units: umol/L | Info: 
79609-4,Glutathione.oxidized [Moles/volume] in Serum or Plasma,Test: Glutathione.oxidized | System: Ser/Plas | Units: umol/L | Info: 
79610-2,D-serine [Moles/volume] in Serum or Plasma,Test: D-serine | System: Ser/Plas | Units: umol/L | Info: 
79611-0,Prolylhydroxyproline/Creatinine [Molar ratio] in Urine,Test: Prolylhydroxyproline/Creatinine | System: Urine | Units: umol/mmol creatinine | Info: 
79612-8,L-homoarginine [Moles/volume] in Serum or Plasma,Test: L-homoarginine | System: Ser/Plas | Units: umol/L | Info: 
79614-4,N-monomethylarginine [Moles/volume] in Serum or Plasma,Test: N-monomethylarginine | System: Ser/Plas | Units: umol/L | Info: 
79615-1,R-beta aminoisobutyrate [Moles/volume] in Serum or Plasma,Test: R-beta aminoisobutyrate | System: Ser/Plas | Units: umol/L | Info: 
79616-9,S-beta aminoisobutyrate [Moles/volume] in Cerebral spinal fluid,Test: S-beta aminoisobutyrate | System: CSF | Units: umol/L | Info: 
79617-7,Glycylproline [Moles/volume] in Serum or Plasma,Test: Glycylproline | System: Ser/Plas | Units: umol/L | Info: 
79618-5,L-serine [Moles/volume] in Serum or Plasma,Test: L-serine | System: Ser/Plas | Units: umol/L | Info: 
79619-3,S-beta aminoisobutyrate/Creatinine [Molar ratio] in Urine,Test: S-beta aminoisobutyrate/Creatinine | System: Urine | Units: umol/mmol creatinine | Info: 
79620-1,Formiminoglutamate/Creatinine [Molar ratio] in Urine,Test: Formiminoglutamate/Creatinine | System: Urine | Units: umol/mmol creatinine | Info: 
79622-7,R-beta aminoisobutyrate/Creatinine [Molar ratio] in Urine,Test: R-beta aminoisobutyrate/Creatinine | System: Urine | Units: umol/mmol creatinine | Info: 
79623-5,Alpha aminoisobutyrate/Creatinine [Molar ratio] in Urine,Test: Alpha aminoisobutyrate/Creatinine | System: Urine | Units: umol/mmol creatinine | Info: 
79624-3,5-S-cysteinyldopa [Moles/volume] in Serum or Plasma,Test: 5-S-cysteinyldopa | System: Ser/Plas | Units: umol/L | Info: 
79625-0,Aspartylglycine/Creatinine [Molar ratio] in Urine,Test: Aspartylglycine/Creatinine | System: Urine | Units: umol/mmol creatinine | Info: 
79626-8,L-leucyl-L-proline/Creatinine [Molar ratio] in Urine,Test: L-leucyl-L-proline/Creatinine | System: Urine | Units: umol/mmol creatinine | Info: 
79627-6,N-alpha acetyllysine/Creatinine [Molar ratio] in Urine,Test: N-alpha acetyllysine/Creatinine | System: Urine | Units: umol/mmol creatinine | Info: 
79628-4,Formiminoglutamate [Moles/volume] in Serum or Plasma,Test: Formiminoglutamate | System: Ser/Plas | Units: umol/L | Info: 
79629-2,R-beta aminoisobutyrate [Moles/volume] in Cerebral spinal fluid,Test: R-beta aminoisobutyrate | System: CSF | Units: umol/L | Info: 
79631-8,L-homoserine [Moles/volume] in Serum or Plasma,Test: L-homoserine | System: Ser/Plas | Units: umol/L | Info: 
79632-6,Homocarnosine/Creatinine [Molar ratio] in Urine,Test: Homocarnosine/Creatinine | System: Urine | Units: umol/mmol creatinine | Info: 
79633-4,L-leucyl-L-proline [Moles/volume] in Serum or Plasma,Test: L-leucyl-L-proline | System: Ser/Plas | Units: umol/L | Info: 
79634-2,N6-Acetyl-L-lysine/Creatinine [Molar ratio] in Urine,Test: N6-Acetyl-L-lysine/Creatinine | System: Urine | Units: umol/mmol creatinine | Info: 
79635-9,"N,N-dimethylarginine/Creatinine [Molar ratio] in Urine","Test: N,N-dimethylarginine/Creatinine | System: Urine | Units: umol/mmol creatinine | Info: "
79636-7,Aspartylglycosamine/Creatinine [Molar ratio] in Urine,Test: Aspartylglycosamine/Creatinine | System: Urine | Units: umol/mmol creatinine | Info: 
79637-5,Glutathione.oxidized/Creatinine [Molar ratio] in Urine,Test: Glutathione.oxidized/Creatinine | System: Urine | Units: umol/mmol creatinine | Info: 
79639-1,"N,N'-dimethylarginine/Creatinine [Molar ratio] in Urine","Test: N,N'-dimethylarginine/Creatinine | System: Urine | Units: umol/mmol creatinine | Info: "
79640-9,Saccharopine/Creatinine [Molar ratio] in Urine,Test: Saccharopine/Creatinine | System: Urine | Units: umol/mmol creatinine | Info: 
79641-7,Glutathione.reduced/Creatinine [Molar ratio] in Urine,Test: Glutathione.reduced/Creatinine | System: Urine | Units: umol/mmol creatinine | Info: 
79643-3,5-S-cysteinyldopa/Creatinine [Molar ratio] in Urine,Test: 5-S-cysteinyldopa/Creatinine | System: Urine | Units: umol/mmol creatinine | Info: 
79644-1,L-homoserine/Creatinine [Molar ratio] in Urine,Test: L-homoserine/Creatinine | System: Urine | Units: umol/mmol creatinine | Info: 
79645-8,L-serine/Creatinine [Molar ratio] in Urine,Test: L-serine/Creatinine | System: Urine | Units: umol/mmol creatinine | Info: 
79646-6,Delta aminolevulinate [Moles/volume] in Serum or Plasma,Test: Delta aminolevulinate | System: Ser/Plas | Units: umol/L | Info: 
79647-4,Beta-ureidoisobutyrate/Creatinine [Molar ratio] in Urine,Test: Beta-ureidoisobutyrate/Creatinine | System: Urine | Units: umol/mmol creatinine | Info: 
79648-2,D-serine [Moles/volume] in Cerebral spinal fluid,Test: D-serine | System: CSF | Units: umol/L | Info: 
79651-6,Dihydrothymine [Moles/volume] in Cerebral spinal fluid,Test: Dihydrothymine | System: CSF | Units: umol/L | Info: 
79652-4,5-Aminoimidazole-4-carboxamide [Moles/volume] in Cerebral spinal fluid,Test: 5-Aminoimidazole-4-carboxamide | System: CSF | Units: umol/L | Info: 
79653-2,Dihydroorotate [Moles/volume] in Urine,Test: Dihydroorotate | System: Urine | Units: umol/L | Info: 
79654-0,Dihydroorotate [Moles/volume] in Serum or Plasma,Test: Dihydroorotate | System: Ser/Plas | Units: umol/L | Info: 
79655-7,Cytosine [Moles/volume] in Serum or Plasma,Test: Cytosine | System: Ser/Plas | Units: umol/L | Info: 
79656-5,N-carbamoyl beta alanine [Moles/volume] in Serum or Plasma,Test: N-carbamoyl beta alanine | System: Ser/Plas | Units: umol/L | Info: 
79657-3,Pseudouridine [Moles/volume] in Serum or Plasma,Test: Pseudouridine | System: Ser/Plas | Units: nmol/L | Info: 
79658-1,Cytosine/Creatinine [Molar ratio] in Urine,Test: Cytosine/Creatinine | System: Urine | Units: umol/mmol creatinine | Info: 
79660-7,Guanosine [Moles/volume] in Cerebral spinal fluid,Test: Guanosine | System: CSF | Units: umol/L | Info: 
79661-5,Dihydroorotate [Moles/volume] in Cerebral spinal fluid,Test: Dihydroorotate | System: CSF | Units: umol/L | Info: 
79663-1,Guanine [Moles/volume] in Cerebral spinal fluid,Test: Guanine | System: CSF | Units: umol/L | Info: 
79664-9,N-carbamoyl beta alanine [Moles/volume] in Cerebral spinal fluid,Test: N-carbamoyl beta alanine | System: CSF | Units: umol/L | Info: 
79667-2,"5,6-Dihydrouridine [Moles/volume] in Serum or Plasma","Test: 5,6-Dihydrouridine | System: Ser/Plas | Units: umol/L | Info: "
79669-8,Dihydrothymine [Moles/volume] in Serum or Plasma,Test: Dihydrothymine | System: Ser/Plas | Units: umol/L | Info: 
79670-6,Guanosine [Moles/volume] in Serum or Plasma,Test: Guanosine | System: Ser/Plas | Units: umol/L | Info: 
79671-4,Cytidine [Moles/volume] in Cerebral spinal fluid,Test: Cytidine | System: CSF | Units: umol/L | Info: 
79672-2,5-Aminoimidazole-4-carboxamide/Creatinine [Molar ratio] in Urine,Test: 5-Aminoimidazole-4-carboxamide/Creatinine | System: Urine | Units: umol/mol creatinine | Info: 
79674-8,Pseudouridine [Moles/volume] in Cerebral spinal fluid,Test: Pseudouridine | System: CSF | Units: nmol/L | Info: 
79675-5,Cytidine [Moles/volume] in Serum or Plasma,Test: Cytidine | System: Ser/Plas | Units: umol/L | Info: 
79676-3,"5,6-Dihydrouridine [Moles/volume] in Cerebral spinal fluid","Test: 5,6-Dihydrouridine | System: CSF | Units: umol/L | Info: "
79678-9,"5,6-Dihydrouridine/Creatinine [Molar ratio] in Urine","Test: 5,6-Dihydrouridine/Creatinine | System: Urine | Units: umol/mol creatinine | Info: "
79679-7,5-Aminoimidazole-4-carboxamide [Moles/volume] in Serum or Plasma,Test: 5-Aminoimidazole-4-carboxamide | System: Ser/Plas | Units: umol/L | Info: 
79680-5,"2,8-dihydroxyadenine [Moles/volume] in Cerebral spinal fluid","Test: 2,8-Dihydroxyadenine | System: CSF | Units: umol/L | Info: "
79682-1,"5,6-Dihydrouracil [Moles/volume] in Serum or Plasma","Test: 5,6-Dihydrouracil | System: Ser/Plas | Units: umol/L | Info: "
79683-9,Cytosine [Moles/volume] in Cerebral spinal fluid,Test: Cytosine | System: CSF | Units: umol/L | Info: 
79684-7,Cytidine/Creatinine [Molar ratio] in Urine,Test: Cytidine/Creatinine | System: Urine | Units: umol/mmol creatinine | Info: 
79685-4,"5,6-Dihydrouracil/Creatinine [Molar ratio] in Urine","Test: 5,6-Dihydrouracil/Creatinine | System: Urine | Units: umol/mmol creatinine | Info: "
79686-2,5-Hydroxymethyluracil [Moles/volume] in Cerebral spinal fluid,Test: 5-hydroxymethyluracil | System: CSF | Units: umol/L | Info: 
79687-0,"2,8-dihydroxyadenine/Creatinine [Molar ratio] in Urine","Test: 2,8-Dihydroxyadenine/Creatinine | System: Urine | Units: umol/mmol creatinine | Info: "
79688-8,5-Hydroxymethyluracil [Moles/volume] in Serum or Plasma,Test: 5-hydroxymethyluracil | System: Ser/Plas | Units: umol/L | Info: 
79690-4,Guanine [Moles/volume] in Serum or Plasma,Test: Guanine | System: Ser/Plas | Units: umol/L | Info: 
79692-0,"2,8-dihydroxyadenine [Moles/volume] in Serum or Plasma","Test: 2,8-Dihydroxyadenine | System: Ser/Plas | Units: umol/L | Info: "
79693-8,"5,6-Dihydrouracil [Moles/volume] in Cerebral spinal fluid","Test: 5,6-Dihydrouracil | System: CSF | Units: umol/L | Info: "
79694-6,Eicosadienoate (C20:2w6) [Moles/volume] in Serum or Plasma,Test: Eicosadienoate | System: Ser/Plas | Units: umol/L | Info: 
79695-3,Octadecatetraenoate (C18:4w3) [Moles/volume] in Serum or Plasma,Test: Octadecatetraenoate | System: Ser/Plas | Units: umol/L | Info: 
79696-1,cis-11-Eicosenoate (cis 11 C20:1w9) [Entitic substance] in Red Blood Cells,Test: cis-11-Eicosenoate | System: RBC | Units: nmol/10^6 RBC | Info: 
79697-9,Docosadienoate (C22:2w6) [Entitic substance] in Red Blood Cells,Test: Docosadienoate | System: RBC | Units: umol/10*6 RBC | Info: 
79698-7,Docosadienoate (C22:2w6) [Moles/volume] in Serum or Plasma,Test: Docosadienoate | System: Ser/Plas | Units: umol/L | Info: 
79699-5,cis-11-Eicosenoate (cis 11 C20:1w9) [Moles/volume] in Serum or Plasma,Test: cis-11-Eicosenoate | System: Ser/Plas | Units: nmol/L | Info: 
79700-1,"cis-11,14-Eicosadienoate (cis 11,14 C20:2w6) [Moles/volume] in Serum or Plasma","Test: cis-11,14-Eicosadienoate | System: Ser/Plas | Units: nmol/L | Info: "
79702-7,cis-13-Eicosenoate (cis 13 C20:1w7) [Entitic substance] in Red Blood Cells,Test: cis-13-Eicosenoate | System: RBC | Units: umol/10*6 RBC | Info: 
79703-5,cis-13-Eicosenoate (cis 13 C20:1w7) [Moles/volume] in Serum or Plasma,Test: cis-13-Eicosenoate | System: Ser/Plas | Units: umol/L | Info: 
79704-3,Homo-gamma Linolenate (C20:3w6) [Entitic substance] in Red Blood Cells,Test: Homo-gamma linolenate | System: RBC | Units: umol/10*6 RBC | Info: 
79705-0,Eicosadienoate (C20:2w6) [Entitic substance] in Red Blood Cells,Test: Eicosadienoate | System: RBC | Units: umol/10*6 RBC | Info: 
79706-8,Octadecatetraenoate (C18:4w3) [Entitic substance] in Red Blood Cells,Test: Octadecatetraenoate | System: RBC | Units: umol/10*6 RBC | Info: 
79707-6,Fatty acids.very long chain C26:1 (Hexacosenoate)/C22:0 (Docosanoate) [Molar ratio] in Serum or Plasma,Test: Fatty acids.very long chain.C26:1/C22:0 | System: Ser/Plas | Units: ratio | Info: 
11044-5,Diphosphoglycerate mutase [Enzymatic activity/volume] in Red Blood Cells,Test: Diphosphoglycerate mutase | System: RBC | Units: U/mL RBC | Info: 
80092-0,Glycyl-4-hydroxyproline/Creatinine [Molar ratio] in Urine,Test: Glycyl-4-hydroxyproline/Creatinine | System: Urine | Units: umol/mmol creatinine | Info: 
80093-8,Glucosamine [Moles/volume] in Serum or Plasma,Test: Glucosamine | System: Ser/Plas | Units: umol/L | Info: 
80094-6,Glutamylphenylalanine/Creatinine [Molar ratio] in Urine,Test: Glutamylphenylalanine/Creatinine | System: Urine | Units: umol/mmol creatinine | Info: 
80095-3,Galactosamine/Creatinine [Molar ratio] in Urine,Test: Galactosamine/Creatinine | System: Urine | Units: umol/mmol creatinine | Info: 
80096-1,Glutamylphenylalanine [Moles/volume] in Serum or Plasma,Test: Glutamylphenylalanine | System: Ser/Plas | Units: umol/L | Info: 
80097-9,Glycyl-4-hydroxyproline [Moles/volume] in Serum or Plasma,Test: Glycyl-4-hydroxyproline | System: Ser/Plas | Units: umol/L | Info: 
80098-7,Glucosamine/Creatinine [Molar ratio] in Urine,Test: Glucosamine/Creatinine | System: Urine | Units: umol/mmol creatinine | Info: 
80099-5,L-2-hydroxyglutarate/Creatinine [Molar ratio] in Urine,Test: L-2-hydroxyglutarate/Creatinine | System: Urine | Units: mmol/mol creatinine | Info: 
80100-1,D-2-hydroxyglutarate/Creatinine [Molar ratio] in Urine,Test: D-2-hydroxyglutarate/Creatinine | System: Urine | Units: mmol/mol creatinine | Info: 
80153-0,Soluble CD27 [Units/volume] in Cerebral spinal fluid,Test: Soluble CD27 | System: CSF | Units: arb U/mL | Info: 
11045-2,Enolase [Enzymatic activity/volume] in Red Blood Cells,Test: Enolase | System: RBC | Units: U/mL RBC | Info: 
80155-5,Soluble CD27 [Units/volume] in Serum or Plasma,Test: Soluble CD27 | System: Ser/Plas | Units: arb U/mL | Info: 
80158-9,Galactosylhydroxylysine/Creatinine [Molar ratio] in Urine,Test: Galactosylhydroxylysine/Creatinine | System: Urine | Units: umol/mol creatinine | Info: 
80159-7,27-Norcholestanehexol/Creatinine [Ratio] in Urine,Test: 27-Norcholestanehexol/Creatinine | System: Urine | Units: mg/mmol creatinine | Info: 
80160-5,"5-beta-cholestane-3-alpha,7-alpha,12-alpha,23-tetrol/Creatinine [Ratio] in Urine","Test: 5-beta-cholestane-3-alpha,7-alpha,12-alpha,23-tetrol/Creatinine | System: Urine | Units: mg/mmol creatinine | Info: "
80161-3,"5-beta-cholestane-3-alpha,7-alpha,12-alpha,24,25-pentol/Creatinine [Ratio] in Urine","Test: 5-beta-cholestane-3-alpha,7-alpha,12-alpha,24,25-pentol/Creatinine | System: Urine | Units: mg/mmol creatinine | Info: "
80165-4,2-Amino-4-hydroxypteridine [Moles/volume] in Cerebral spinal fluid,Test: 2-Amino-4-hydroxypteridine | System: CSF | Units: nmol/L | Info: 
80166-2,2-Amino-4-hydroxypteridine [Moles/volume] in Serum or Plasma,Test: 2-Amino-4-hydroxypteridine | System: Ser/Plas | Units: nmol/L | Info: 
80167-0,2-Amino-4-hydroxypteridine/Creatinine [Molar ratio] in Serum or Plasma,Test: 2-Amino-4-hydroxypteridine/Creatinine | System: Ser/Plas | Units: nmol/mmol creatinine | Info: 
80174-6,S-adenosylhomocysteine [Moles/volume] in Cerebral spinal fluid,Test: S-adenosylhomocysteine | System: CSF | Units: nmol/L | Info: 
80175-3,S-adenosylhomocysteine [Moles/volume] in Serum or Plasma,Test: S-adenosylhomocysteine | System: Ser/Plas | Units: nmol/L | Info: 
80176-1,S-adenosylhomocysteine/Creatinine [Molar ratio] in Urine,Test: S-adenosylhomocysteine/Creatinine | System: Urine | Units: nmol/mmol creatinine | Info: 
80177-9,S-adenosylmethionine [Moles/volume] in Cerebral spinal fluid,Test: S-adenosylmethionine | System: CSF | Units: nmol/L | Info: 
80182-9,S-adenosylmethionine/Creatinine [Molar ratio] in Urine,Test: S-adenosylmethionine/Creatinine | System: Urine | Units: nmol/mmol creatinine | Info: 
80183-7,Xanthopterin [Moles/volume] in Serum or Plasma,Test: Xanthopterin | System: Ser/Plas | Units: nmol/L | Info: 
80184-5,Xanthopterin [Moles/volume] in Cerebral spinal fluid,Test: Xanthopterin | System: CSF | Units: nmol/L | Info: 
80185-2,Xanthopterin/Creatinine [Molar ratio] in Urine,Test: Xanthopterin/Creatinine | System: Urine | Units: nmol/mmol creatinine | Info: 
80189-4,Galactosamine [Moles/volume] in Serum or Plasma,Test: Galactosamine | System: Ser/Plas | Units: umol/L | Info: 
80424-5,Inosine triphosphate pyrophosphatase [Enzymatic activity/substance] in Red Blood Cells,Test: Inosine triphosphate pyrophosphatase | System: RBC | Units: mol/H/mol Hb | Info: 
80425-2,Beta-N-acetylhexosaminidase.A [Enzymatic activity/volume] in DBS,Test: Beta-N-acetylhexosaminidase.A | System: Bld.dot | Units: nmol/h/mL | Info: 
11048-6,Glyceraldehyde 3 phosphate dehydrogenase [Enzymatic activity/volume] in Red Blood Cells,Test: Glyceraldehyde 3 phosphate dehydrogenase | System: RBC | Units: U/mL RBC | Info: 
11050-2,Kappa light chains [Mass/volume] in Serum or Plasma,Test: Immunoglobulin light chains.kappa | System: Ser/Plas | Units: g/L;mcg/mL; mg/dL | Info: 
11051-0,Lambda light chains [Mass/volume] in Serum or Plasma,Test: Immunoglobulin light chains.lambda | System: Ser/Plas | Units: g/L;mcg/mL; mg/dL | Info: 
11053-6,Lactate dehydrogenase [Enzymatic activity/volume] in Red Blood Cells,Test: Lactate dehydrogenase | System: RBC | Units: U/mL RBC | Info: 
11054-4,Cholesterol in LDL/Cholesterol in HDL [Mass Ratio] in Serum or Plasma,Test: Cholesterol.in LDL/Cholesterol.in HDL | System: Ser/Plas | Units: ratio | Info: 
8063-0,Cardiolipin IgA Ab [Units/volume] in Serum or Plasma,Test: Cardiolipin Ab.IgA | System: Ser/Plas | Units: APL U | Info: 
8065-5,Cardiolipin IgG Ab [Units/volume] in Serum or Plasma,Test: Cardiolipin Ab.IgG | System: Ser/Plas | Units: arb U/mL;GPL units | Info: 
11055-1,Melatonin [Mass/volume] in Serum or Plasma,Test: Melatonin | System: Ser/Plas | Units: pg/mL | Info: 
8067-1,Cardiolipin IgM Ab [Units/volume] in Serum or Plasma,Test: Cardiolipin Ab.IgM | System: Ser/Plas | Units: arb U/mL;MPL units | Info: 
11057-7,Monophosphoglyceromutase [Enzymatic activity/volume] in Red Blood Cells,Test: Monophosphoglyceromutase | System: RBC | Units: U/mL RBC | Info: 
80832-9,Protein [Mass/volume] in Lower respiratory specimen,Test: Protein | System: Respiratory system specimen.lower | Units: mg/mL | Info: 
80894-9,2-Methyltyrosine/Creatinine [Molar ratio] in Urine,Test: 2-Methyltyrosine/Creatinine | System: Urine | Units: umol/mmol creatinine | Info: 
80958-2,Fractional excretion of magnesium [Ratio] in Urine and Serum or Plasma,Test: Fractional excretion of magnesium | System: Urine+Ser/Plas | Units: % | Info: 
80979-8,Frataxin [Mass/volume] in Blood,Test: Frataxin | System: Bld | Units: ng/mL | Info: 
80980-6,Frataxin [Mass/volume] in DBS,Test: Frataxin | System: Bld.dot | Units: ng/mL | Info: 
80982-2,Phytanoyl CoA hydroxlase [Enzymatic activity/mass] in Fibroblast,Test: Phytanoyl CoA hydroxlase | System: Fibroblasts | Units: nmol/H/mg protein | Info: 
81156-2,Coenzyme Q10.reduced/Coenzyme Q10 in Serum or Plasma,Test: Ubiquinone 10.reduced/Ubiquinone 10 | System: Ser/Plas | Units: % | Info: 
81157-0,Coenzyme Q10.reduced [Mass/volume] in Serum or Plasma,Test: Ubiquinone 10.reduced | System: Ser/Plas | Units: ug/L | Info: 
81199-2,Beta-ureidopropionase [Enzymatic activity/mass] in Liver,Test: Beta-ureidopropionase | System: Liver | Units: nmol/H/mg protein | Info: 
81314-7,Palatinase [Enzymatic activity/mass] in Small intestine Tissue,Test: Palatinase | System: Tsmi | Units: umol/min/g protein | Info: 
81315-4,Lactase [Enzymatic activity/mass] in Small intestine Tissue,Test: Lactase | System: Tsmi | Units: umol/min/g protein | Info: 
81322-0,"Glucan 1,4 alpha glucosidase [Enzymatic activity/mass] in Small intestine Tissue","Test: Glucan 1,4 alpha glucosidase | System: Tsmi | Units: umol/min/g protein | Info: "
11062-7,Thyroxine (T4).albumin bound [Mass/volume] in Serum or Plasma,Test: Thyroxine.albumin bound | System: Ser/Plas | Units: ug/dL | Info: 
11064-3,Urea nitrogen [Mass/volume] in Serum or Plasma --post dialysis,Test: Urea nitrogen^post dialysis | System: Ser/Plas | Units: mg/dL | Info: 
11065-0,Urea nitrogen [Mass/volume] in Serum or Plasma --pre dialysis,Test: Urea nitrogen^pre dialysis | System: Ser/Plas | Units: mg/dL | Info: 
11066-8,Uroporphyrinogen III synthase [Enzymatic activity/volume] in Red Blood Cells,Test: Uroporphyrinogen III synthase | System: RBC | Units: U/mL RBC | Info: 
81764-3,Docosatrienoate (C22:3w9) [Moles/volume] in Serum or Plasma,Test: Docosatrienoate | System: Ser/Plas | Units: umol/L | Info: 
81765-0,Docosatrienoate (C22:3w9) [Entitic substance] in Red Blood Cells,Test: Docosatrienoate | System: RBC | Units: pmol/10*6 RBC | Info: 
81766-8,Eicosatrienoate (C20:3w3) [Entitic substance] in Serum or Plasma,Test: Eicosatrienoate | System: Ser/Plas | Units: pmol/10*6 RBC | Info: 
81768-4,U1 small nuclear ribonucleoprotein 70kD IgG Ab [Units/volume] in Serum by Immunoassay,Test: U1 small nuclear ribonucleoprotein 70kD Ab.IgG | System: Ser | Units: IU/mL | Info: 
81769-2,Adipoylcarnitine (C6-DC)/Creatinine [Molar ratio] in Urine,Test: Adipoylcarnitine (C6-DC)/Creatinine | System: Urine | Units: umol/mmol creatinine | Info: 
81770-0,Tiglylcarnitine (C5:1)/Creatinine [Molar ratio] in Urine,Test: Tiglylcarnitine (C5:1)/Creatinine | System: Urine | Units: umol/mmol creatinine | Info: 
81773-4,Amyloid A [Mass/mass] in Tissue,Test: Amyloid A | System: Tiss | Units: ng/mg | Info: 
81775-9,Epipregnanolone/Creatinine [Molar ratio] in Urine,Test: Epipregnanolone/Creatinine | System: Urine | Units: umol/mol creatinine | Info: 
81776-7,Ureidopropionate/Creatinine [Molar ratio] in Urine,Test: Ureidopropionate/Creatinine | System: Urine | Units: mmol/mmol creatinine | Info: 
81777-5,Nonanoylcarnitine (C9)/Creatinine [Molar ratio] in Urine,Test: Nonanoylcarnitine (C9)/Creatinine | System: Urine | Units: umol/mmol creatinine | Info: 
81778-3,Methylmalonylcarnitine (C4-DC)+3-Hydroxyisovalerylcarnitine (C5-OH)/Creatinine [Molar ratio] in Urine,Test: Methylmalonylcarnitine (C4-DC)+3-Hydroxyisovalerylcarnitine (C5-OH)/Creatinine | System: Urine | Units: umol/mmol creatinine | Info: 
81779-1,Malonylcarnitine (C3-DC)+3-Hydroxybutyrylcarnitine (C4-OH)/Creatinine [Molar ratio] in Urine,Test: Malonylcarnitine (C3-DC)+3-Hydroxybutyrylcarnitine (C4-OH)/Creatinine | System: Urine | Units: umol/mmol creatinine | Info: 
81780-9,Tetradecenoylcarnitine (C14:1)/Creatinine [Molar ratio] in Urine,Test: Tetradecenoylcarnitine (C14:1)/Creatinine | System: Urine | Units: umol/mmol creatinine | Info: 
81781-7,Saccharopine [Moles/volume] in Cerebral spinal fluid,Test: Saccharopine | System: CSF | Units: umol/L | Info: 
81786-6,Chemokine (C-C motif) ligand 17 [Mass/volume] in Serum by Immunoassay,Test: Chemokine (C-C motif) ligand 17 | System: Ser | Units: pg/mL | Info: 
81795-7,Tetrahydrocortisone/Creatinine [Molar ratio] in Urine,Test: Tetrahydrocortisone/Creatinine | System: Urine | Units: umol/mmol creatinine | Info: 
81797-3,11-Dehydrotetrahydrocorticosterone/Creatinine [Molar ratio] in Urine,Test: 11-Dehydrotetrahydrocorticosterone/Creatinine | System: Urine | Units: umol/mol creatinine | Info: 
81798-1,Pregnanediolone/Creatinine [Molar ratio] in Urine,Test: Pregnanediolone/Creatinine | System: Urine | Units: umol/mmol creatinine | Info: 
81800-5,16-Ketoandrostenediol/Creatinine [Molar ratio] in Urine,Test: 16-Ketoandrostenediol/Creatinine | System: Urine | Units: umol/mol creatinine | Info: 
81802-1,"16-Beta,18-dihydroxydehydroepiandrosterone/Creatinine [Molar ratio] in Urine","Test: 16-Beta,18-dihydroxydehydroepiandrosterone/Creatinine | System: Urine | Units: umol/mol creatinine | Info: "
81804-7,5-Alpha tetrahydrocortisol/Creatinine [Molar ratio] in Urine,Test: 5-Alpha tetrahydrocortisol/Creatinine | System: Urine | Units: umol/mol creatinine | Info: 
81805-4,Allo-tetrahydrocorticosterone/Creatinine [Molar ratio] in Urine,Test: Allo-tetrahydrocorticosterone/Creatinine | System: Urine | Units: umol/mol creatinine | Info: 
81808-8,Androstenetriol/Creatinine [Molar ratio] in Urine,Test: Androstenetriol/Creatinine | System: Urine | Units: umol/mol creatinine | Info: 
81809-6,3-Hydroxydodecanoylcarnitine (C12-OH)/Creatinine [Molar ratio] in Urine,Test: 3-Hydroxydodecanoylcarnitine (C12-OH)/Creatinine | System: Urine | Units: mmol/mol | Info: 
81810-4,3-Hydroxydecanoylcarnitine (C10-OH)/Creatinine [Molar ratio] in Urine,Test: 3-Hydroxydecanoylcarnitine (C10-OH)/Creatinine | System: Urine | Units: mmol/mol | Info: 
81811-2,3-Hydroxydecanoylcarnitine (C10-OH) [Moles/volume] in DBS,Test: 3-Hydroxydecanoylcarnitine (C10-OH) | System: Bld.dot | Units: umol/L | Info: 
82216-3,3-Hydroxyisobutyrate dehydrogenase [Enzymatic activity/mass] in Fibroblast,Test: 3-Hydroxyisobutyrate dehydrogenase | System: Fibroblasts | Units: nmol/H/mg protein | Info: 
82217-1,3-Hydroxyisobutyryl-CoA hydrolase [Enzymatic activity/mass] in Fibroblast,Test: 3-Hydroxyisobutyryl-CoA hydrolase | System: Fibroblasts | Units: nmol/H/mg protein | Info: 
82218-9,3-Methylcrotonyl-CoA carboxylase [Enzymatic activity/mass] in Fibroblast,Test: 3-Methylcrotonyl-CoA carboxylase | System: Fibroblasts | Units: nmol/H/mg protein | Info: 
82219-7,3-Methylglutaconyl-CoA hydratase [Enzymatic activity/mass] in Fibroblast,Test: 3-Methylglutaconyl-CoA hydratase | System: Fibroblasts | Units: pmol/min/mg protein | Info: 
82220-5,Alkyl-dihydroxyacetonephosphate synthase [Enzymatic activity/mass] in Fibroblast,Test: Alkyl-dihydroxyacetonephosphate synthase | System: Fibroblasts | Units: pmol/min/mg protein | Info: 
82221-3,Alpha-methylacyl CoA racemase [Enzymatic activity/mass] in Fibroblast,Test: Alpha-methylacyl CoA racemase | System: Fibroblasts | Units: pmol/H/mg protein | Info: 
82222-1,"Amylo-alpha-1,6-glucosidase [Enzymatic activity/mass] in Leukocytes","Test: Amylo-alpha-1,6-glucosidase | System: WBC | Units: nmol/min/mg protein | Info: "
82223-9,Cystathionine beta synthase [Enzymatic activity/mass] in Fibroblast,Test: Cystathionine beta synthase | System: Fibroblasts | Units: nmol/H/mg protein | Info: 
82224-7,Ribose-5-phosphate isomerase [Enzymatic activity/mass] in Lymphoblasts,Test: Ribose-5-phosphate isomerase | System: Lymphoblasts | Units: nmol/min/mg protein | Info: 
82225-4,Ribose-5-phosphate isomerase [Enzymatic activity/mass] in Fibroblast,Test: Ribose-5-phosphate isomerase | System: Fibroblasts | Units: nmol/min/mg protein | Info: 
82334-4,Interleukin 17A [Mass/volume] in Serum or Plasma,Test: Interleukin 17A | System: Ser/Plas | Units: pg/mL | Info: 
82385-6,Methylmalonate [Moles/volume] in DBS,Test: Methylmalonate | System: Bld.dot | Units: nmol/mL | Info: 
82386-4,2-Methylcitrate [Moles/volume] in DBS,Test: 2-Methylcitrate | System: Bld.dot | Units: nmol/mL | Info: 
82478-9,3-Hydroxydecenoylcarnitine (C10:1-OH) [Moles/volume] in Serum or Plasma,Test: 3-Hydroxydecenoylcarnitine (C10:1-OH) | System: Ser/Plas | Units: nmol/mL | Info: 
82502-6,Ethylmalonate [Moles/volume] in DBS,Test: Ethylmalonate | System: Bld.dot | Units: nmol/mL | Info: 
82503-4,Methylsuccinate [Moles/volume] in DBS,Test: Methylsuccinate | System: Bld.dot | Units: nmol/mL | Info: 
82504-2,Glutarate [Moles/volume] in DBS,Test: Glutarate | System: Bld.dot | Units: nmol/mL | Info: 
82505-9,3-Hydroxyglutarate [Moles/volume] in DBS,Test: 3-Hydroxyglutarate | System: Bld.dot | Units: nmol/mL | Info: 
82584-4,Dicarboxyhexenoylcarnitine (C6:1-DC)/Creatinine [Molar ratio] in Urine,Test: Dicarboxyhexenoylcarnitine (C6:1-DC)/Creatinine | System: Urine | Units: mmol/mol | Info: 
82585-1,Dicarboxyhexenoylcarnitine (C6:1-DC) [Moles/volume] in DBS,Test: Dicarboxyhexenoylcarnitine (C6:1-DC) | System: Bld.dot | Units: umol/L | Info: 
82721-2,Intravenous lipid emulsion [Mass/volume] in Serum by Nephelometry,Test: Intravenous lipid emulsion | System: Ser | Units: g/L | Info: 
82730-3,GlycA [Moles/volume] in Serum or Plasma,Test: GlycA | System: Ser/Plas | Units: umol/L | Info: 
82736-0,Calcium-calmodulin-dependent protein kinase II activity actual/normal in Serum,Test: Calcium-calmodulin-dependent protein kinase II activity actual/Normal | System: Ser | Units: % | Info: 
82792-3,Clot density in Platelet poor plasma,Test: Clot density | System: PPP | Units: AU | Info: 
82793-1,Clot size [Length] in Platelet poor plasma --30 minutes post incubation,Test: Clot size^30M post incubation | System: PPP | Units: um | Info: 
82794-9,Spontaneous clot formation [Time] in Platelet poor plasma,Test: Clot formation.spontaneous | System: PPP | Units: min | Info: 
82795-6,Clot growth mean [Velocity] Platelet poor plasma,Test: Clot growth | System: PPP | Units: um/s | Info: 
82796-4,Stationary clot growth mean [Velocity] Platelet poor plasma,Test: Clot growth.stationary | System: PPP | Units: U/s | Info: 
82797-2,Initial clot growth [Velocity] in Platelet poor plasma,Test: Clot growth.initial | System: PPP | Units: U/s | Info: 
82798-0,Clot formation lag time in Platelet poor plasma,Test: Clot formation lag time | System: PPP | Units: min | Info: 
82846-7,11-Dehydrocorticosterone+tetrahydrocorticosterone+allo-tetrahydrocorticosterone/Androsterone+etiocholanolone [Molar ratio] in 24 hour Urine,Test: 11-Dehydrocorticosterone+tetrahydrocorticosterone+Allo-tetrahydrocorticosterone/Androsterone+etiocholanolone | System: Urine | Units: ratio | Info: 
82848-3,11-Dehydrocorticosterone+tetrahydrocorticosterone+allo-tetrahydrocorticosterone/Tetrahydrocortisone+tetrahydrocortisol+5-alpha tetrahydrocortisol [Molar ratio] in Urine,Test: 11-Dehydrocorticosterone+tetrahydrocorticosterone+Allo-tetrahydrocorticosterone/Tetrahydrocortisone+tetrahydrocortisol+5-alpha tetrahydrocortisol | System: Urine | Units: ratio | Info: 
82850-9,Androsterone+etiocholanolone/Tetrahydrocortisone+tetrahydrocortisol+5-alpha tetrahydrocortisol [Molar ratio] in 24 hour Urine,Test: Androsterone+etiocholanolone/Tetrahydrocortisone+tetrahydrocortisol+5-alpha tetrahydrocortisol | System: Urine | Units: ratio | Info: 
82852-5,Prenanediolone+pregnanetriol/Androsterone+etiocholanolone [Molar ratio] in 24 hour Urine,Test: Pregnanediolone+pregnanetriol/Androsterone+etiocholanolone | System: Urine | Units: ratio | Info: 
82854-1,Prenanediolone+pregnanetriol/Tetrahydrocortisone+tetrahydrocortisol+5-alpha tetrahydrocortisol [Molar ratio] in Urine,Test: Pregnanediolone+pregnanetriol/Tetrahydrocortisone+tetrahydrocortisol+5-alpha tetrahydrocortisol | System: Urine | Units: ratio | Info: 
82856-6,Tetrahydrocortisol+5-alpha tetrahydrocortisol/Tetrahydrocortisone [Molar ratio] in Urine,Test: Tetrahydrocortisol+5-alpha tetrahydrocortisol/Tetrahydrocortisone | System: Urine | Units: ratio | Info: 
82858-2,11-Deoxytetrahydrocorticosterone [Moles/volume] in Urine,Test: 11-Deoxytetrahydrocorticosterone | System: Urine | Units: umol/L | Info: 
82861-6,11-Deoxytetrahydrocortisol/Tetrahydrocortisone+tetrahydrocortisol+5-alpha tetrahydrocortisol [Molar ratio] in 24 hour Urine,Test: 11-Deoxytetrahydrocortisol/Tetrahydrocortisone+tetrahydrocortisol+5-alpha tetrahydrocortisol | System: Urine | Units: ratio | Info: 
82863-2,"3 alpha, 15 beta, 17 alpha-Trihydroxypregnanediolone [Moles/volume] in Urine","Test: 3 alpha, 15 beta, 17 alpha-Trihydroxypregnanediolone | System: Urine | Units: umol/L | Info: "
82866-5,Allo-pregnanediolone [Moles/time] in 24 hour Urine,Test: Allo-pregnanediolone | System: Urine | Units: umol/24 H | Info: 
82877-2,Cytochrome C oxidase [Enzymatic activity/mass] in Leukocytes,Test: Cytochrome C oxidase | System: WBC | Units: nmol/min/mg protein | Info: 
82878-0,Dehydroepiandrosterone (DHEA)/Tetrahydrocortisone+tetrahydrocortisol+5-alpha tetrahydrocortisol [Molar ratio] in 24 hour Urine,Test: Dehydroepiandrosterone/Tetrahydrocortisone+tetrahydrocortisol+5-alpha tetrahydrocortisol | System: Urine | Units: ratio | Info: 
82881-4,Etiocholanolone/Androsterone [Molar ratio] in Urine,Test: Etiocholanolone/Androsterone | System: Urine | Units: ratio | Info: 
82883-0,Lysosomal acid lipase [Enzymatic activity/mass] in Leukocytes by 4-MU-palmitate substrate,Test: Lysosomal acid lipase | System: WBC | Units: nmol/H/mg protein | Info: 
82894-7,Pregnanediol/Tetrahydrocortisone+tetrahydrocortisol+5-alpha tetrahydrocortisol [Molar ratio] in Urine,Test: Pregnanediol/Tetrahydrocortisone+tetrahydrocortisol+5-alpha tetrahydrocortisol | System: Urine | Units: ratio | Info: 
82896-2,Pregnanediolone/Tetrahydrocortisone+tetrahydrocortisol+5-alpha tetrahydrocortisol [Molar ratio] in Urine,Test: Pregnanediolone/Tetrahydrocortisone+tetrahydrocortisol+5-alpha tetrahydrocortisol | System: Urine | Units: ratio | Info: 
82898-8,Pregnanetriol/Tetrahydrocortisone+tetrahydrocortisol+5-alpha tetrahydrocortisol [Molar ratio] in 24 hour Urine,Test: Pregnanetriol/Tetrahydrocortisone+tetrahydrocortisol+5-alpha tetrahydrocortisol | System: Urine | Units: ratio | Info: 
82899-6,Pregnanetriol/Tetrahydrocortisone+tetrahydrocortisol+5-alpha tetrahydrocortisol [Molar ratio] in Urine,Test: Pregnanetriol/Tetrahydrocortisone+tetrahydrocortisol+5-Alpha tetrahydrocortisol | System: Urine | Units: ratio | Info: 
82900-2,Pregnanetriolone/Tetrahydrocortisone+tetrahydrocortisol+5-alpha tetrahydrocortisol [Molar ratio] in Urine,Test: Pregnanetriolone/Tetrahydrocortisone+tetrahydrocortisol+5-alpha tetrahydrocortisol | System: Urine | Units: ratio | Info: 
82906-9,Tetrahydrocorticosterone/Allo-tetrahydrocorticosterone [Molar ratio] in Urine,Test: Tetrahydrocorticosterone/Allo-tetrahydrocorticosterone | System: Urine | Units: ratio | Info: 
82908-5,Tetrahydrocortisol/5-Alpha tetrahydrocortisol [Molar ratio] in 24 hour Urine,Test: Tetrahydrocortisol/5-alpha tetrahydrocortisol | System: Urine | Units: ratio | Info: 
82911-9,Vascular endothelial growth factor D [Mass/volume] in Serum or Plasma,Test: Vascular endothelial growth factor D | System: Ser/Plas | Units: ng/L | Info: 
11147-6,Myoglobin/Creatinine [Mass Ratio] in Urine,Test: Myoglobin/Creatinine | System: Urine | Units: ug/g creatinine | Info: 
111517-9,Tau protein.phosphorylated 217/Amyloid beta 42 peptide [Ratio] in Serum or Plasma,Test: Tau protein.phosphorylated 217/Amyloid beta 42 peptide | System: Ser/Plas | Units: {ratio} | Info: 
11154-2,Cholinesterase [Enzymatic activity/volume] in Blood,Test: Cholinesterase | System: Bld | Units: arb U/L | Info: 
111765-4,"Procalcitonin [Mass/volume] in Serum, Plasma or Blood by Immunoassay",Test: Procalcitonin | System: Ser/Plas/Bld | Units: ng/mL | Info: 
111766-2,"Fibrin D-dimer [Mass/volume] in Serum, Plasma or Blood by Immunoassay.FEU",Test: Fibrin D-dimer | System: Ser/Plas/Bld | Units: mg/L | Info: 
111824-9,Cerebroside sulfatase [Enzymatic activity/volume] in DBS,Test: Cerebroside sulfatase | System: Bld.dot | Units: U/L | Info: 
11209-4,Beta glucuronidase [Enzymatic activity/volume] in Cerebral spinal fluid,Test: Beta glucuronidase | System: CSF | Units: mU/L | Info: 
11226-8,Prorenin [Units/volume] in Plasma,Test: Prorenin | System: Plas | Units: arb U/L | Info: 
11555-0,Base excess in Blood by calculation,Test: Base excess | System: Bld | Units: mmol/L | Info: 
11556-8,Oxygen [Partial pressure] in Blood,Test: Oxygen | System: Bld | Units: mm Hg | Info: 
11559-2,Fractional oxyhemoglobin in Blood,Test: Oxyhemoglobin/Hemoglobin.total | System: Bld | Units: % | Info: 
12173-1,Non prostatic acid phosphatase [Enzymatic activity/volume] in Serum or Plasma,Test: Acid phosphatase.non-prostatic | System: Ser/Plas | Units: arb U/L | Info: 
12174-9,Albumin/Globulin [Mass Ratio] in Body fluid,Test: Albumin/Globulin | System: Body fld | Units: ratio | Info: 
12176-4,Amino acids [Moles/volume] in Serum or Plasma,Test: Amino acids | System: Ser/Plas | Units: umol/L | Info: 
12177-2,Amino acids/Creatinine [Ratio] in Urine,Test: Amino acids/Creatinine | System: Urine | Units: umol/g creatinine | Info: 
12186-3,Colloid oncotic pressure [Partial pressure] in Plasma,Test: Colloid oncotic pressure | System: Plas | Units: mm Hg | Info: 
12192-1,Creatinine [Mass/volume] in Peritoneal fluid --2 hours post peritoneal dialysis,Test: Creatinine^2H post peritoneal dialysis | System: Periton fld | Units: mg/dL | Info: 
12193-9,Creatinine [Mass/volume] in Peritoneal fluid --4 hours post peritoneal dialysis,Test: Creatinine^4H post peritoneal dialysis | System: Periton fld | Units: mg/dL | Info: 
12194-7,Creatinine [Mass/volume] in Peritoneal fluid --12 hours post peritoneal dialysis,Test: Creatinine^12H post peritoneal dialysis | System: Periton fld | Units: mg/dL | Info: 
83130-5,11-Deoxytetrahydrocorticosterone/Creatinine [Molar ratio] in Urine,Test: 11-Deoxytetrahydrocorticosterone/Creatinine | System: Urine | Units: umol/mol creatinine | Info: 
83131-3,Pregnanolone [Moles/time] in 24 hour Urine,Test: Pregnanolone | System: Urine | Units: umol/24 H | Info: 
83133-9,Pregnanolone/Creatinine [Molar ratio] in Urine,Test: Pregnanolone/Creatinine | System: Urine | Units: umol/mol creatinine | Info: 
83134-7,"3 alpha, 15 beta, 17 alpha-Trihydroxypregnanediolone/Creatinine [Molar ratio] in Urine","Test: 3 alpha, 15 beta, 17 alpha-Trihydroxypregnanediolone/Creatinine | System: Urine | Units: umol/mol creatinine | Info: "
83135-4,Allo-pregnanediolone/Creatinine [Molar ratio] in Urine,Test: Allo-pregnanediolone/Creatinine | System: Urine | Units: umol/mol creatinine | Info: 
83136-2,Allo-pregnanediol/Creatinine [Molar ratio] in Urine,Test: Allo-pregnanediol/Creatinine | System: Urine | Units: umol/mol creatinine | Info: 
83138-8,17-Hydroxypregnenetriol [Moles/time] in 24 hour Urine,Test: 17-Hydroxypregnenetriol | System: Urine | Units: umol/24 H | Info: 
83139-6,17-Hydroxypregnenetriol/Creatinine [Molar ratio] in Urine,Test: 17-Hydroxypregnenetriol/Creatinine | System: Urine | Units: umol/mol creatinine | Info: 
85087-5,Hexanoate (C6:0) [Moles/volume] in Serum or Plasma,Test: Hexanoate | System: Ser/Plas | Units: umol/L | Info: 
12217-6,Globulin [Mass/volume] in Body fluid,Test: Globulin | System: Body fld | Units: g/L | Info: 
12218-4,Glucose [Mass/volume] in Peritoneal fluid --2 hours post peritoneal dialysis,Test: Glucose^2H post peritoneal dialysis | System: Periton fld | Units: mg/dL | Info: 
12219-2,Glucose [Mass/volume] in Peritoneal fluid --4 hours post peritoneal dialysis,Test: Glucose^4H post peritoneal dialysis | System: Periton fld | Units: mg/dL | Info: 
12220-0,Glucose [Mass/volume] in Peritoneal fluid --12 hours post peritoneal dialysis,Test: Glucose^12H post peritoneal dialysis | System: Periton fld | Units: mg/dL | Info: 
12240-8,Orotidine [Moles/volume] in Urine,Test: Orotidine | System: Urine | Units: mmol/L | Info: 
85818-3,Clot formation+Clotting time of Blood by Thromboelastography,Test: Clot formation+Clotting time | System: Bld | Units: min | Info: 
86222-7,Lipoprotein.alpha 3 [Moles/volume] in Serum,Test: Lipoprotein.alpha 3 | System: Ser | Units: nmol/L | Info: 
86271-4,Transferrin.gastrointestinal [Mass/volume] in Stool by Immunoassay,Test: Transferrin.gastrointestinal | System: Stool | Units: ng/mL | Info: 
86465-2,AST to platelet ratio index in Serum and Blood by calculation,Test: AST to platelet ratio index | System: Ser+Bld | Units: % | Info: 
12265-5,Urea nitrogen [Mass/volume] in Peritoneal fluid,Test: Urea nitrogen | System: Periton fld | Units: mg/dL | Info: 
12266-3,Urea nitrogen [Mass/volume] in Peritoneal fluid --2 hours post peritoneal dialysis,Test: Urea nitrogen^2H post peritoneal dialysis | System: Periton fld | Units: mg/L | Info: 
12267-1,Urea nitrogen [Mass/volume] in Peritoneal fluid --4 hours post peritoneal dialysis,Test: Urea nitrogen^4H post peritoneal dialysis | System: Periton fld | Units: mg/L | Info: 
12268-9,Urea nitrogen [Mass/volume] in Peritoneal fluid --12 hours post peritoneal dialysis,Test: Urea nitrogen^12H post peritoneal dialysis | System: Periton fld | Units: mg/L | Info: 
12466-9,Alpha 1 antitrypsin [Mass/volume] in Amniotic fluid by Nephelometry,Test: Alpha 1 antitrypsin | System: Amnio fld | Units: mg/dL | Info: 
12480-0,Angiotensin converting enzyme [Enzymatic activity/volume] in Cerebral spinal fluid,Test: Angiotensin converting enzyme | System: CSF | Units: arb U/L | Info: 
12482-6,Ascorbate [Mass/volume] in Leukocytes,Test: Ascorbate | System: WBC | Units: mg/dL | Info: 
12513-8,Bicarbonate [Moles/volume] in Water,Test: Bicarbonate | System: Water | Units: mmol/L | Info: 
12514-6,Bicarbonate [Moles/volume] in Dialysis fluid,Test: Bicarbonate | System: Dial fld | Units: mmol/L | Info: 
12515-3,Carcinoembryonic Ag [Mass/volume] in Body fluid,Test: Carcinoembryonic Ag | System: Body fld | Units: ug/L;ng/mL | Info: 
12574-0,Creatinine [Mass/volume] in Peritoneal dialysis fluid --24 hour specimen,Test: Creatinine^24H specimen | System: Dial fld prt | Units: mg/dL | Info: 
12576-5,Creatinine [Mass/volume] in Peritoneal dialysis fluid --1st specimen,Test: Creatinine^1st specimen | System: Dial fld prt | Units: mg/dL | Info: 
12577-3,Creatinine [Mass/volume] in Peritoneal dialysis fluid --2nd specimen,Test: Creatinine^2nd specimen | System: Dial fld prt | Units: mg/dL | Info: 
87671-4,Cholecalciferol (Vit D3) [Mass/mass] in Specimen,Test: Cholecalciferol | System: XXX | Units: ug/kg | Info: 
87672-2,Tocopherol+tocotrienol [Mass/mass] in Specimen,Test: Tocopherol+tocotrienol | System: XXX | Units: mg/kg | Info: 
87673-0,Retinal+retinol+retinoic acid [Mass/mass] in Specimen,Test: Retinal+retinol+retinoic acid | System: XXX | Units: mg/kg | Info: 
87708-4,Beta-2-Microglobulin [Mass/volume] in Serum or Plasma --post dialysis,Test: Beta-2-Microglobulin^post dialysis | System: Ser/Plas | Units: mg/L | Info: 
87832-2,Fibroblast growth factor 21.intact [Mass/volume] in Serum or Plasma,Test: Fibroblast growth factor 21.intact | System: Ser/Plas | Units: pg/mL | Info: 
88004-7,Trisomy 18 risk based on maternal age + Pregnancy associated plasma protein A + Choriogonadotropin + Nuchal translucency [Likelihood] in Fetus,Test: Trisomy 18 risk based on maternal age + Pregnancy associated plasma protein A + Choriogonadotropin + Nuchal translucency | System: ^Fetus | Units: risk | Info: 
88005-4,Glutarylcarnitine (C5-DC)/Acetylcarnitine (C2) [Molar ratio] in Serum or Plasma,Test: Glutarylcarnitine (C5-DC)/Acetylcarnitine (C2) | System: Ser/Plas | Units: umol/umol | Info: 
88006-2,Octanoylcarnitine (C8)/Carnitine.free (C0) [Molar ratio] in Serum or Plasma,Test: Octanoylcarnitine (C8)/Carnitine.free (C0) | System: Ser/Plas | Units: umol/umol | Info: 
88007-0,Isovalerylcarnitine+Methylbutyrylcarnitine (C5)/Carnitine.free (C0) [Molar ratio] in Serum or Plasma,Test: Isovalerylcarnitine+Methylbutyrylcarnitine (C5)/Carnitine.free (C0) | System: Ser/Plas | Units: umol/umol | Info: 
88008-8,Palmitoylcarnitine (C16)/Carnitine.free (C0) [Molar ratio] in Serum or Plasma,Test: Palmitoylcarnitine (C16)/Carnitine.free (C0) | System: Ser/Plas | Units: umol/umol | Info: 
88009-6,Palmitoylcarnitine (C16)/Acetylcarnitine (C2) [Molar ratio] in Serum or Plasma,Test: Palmitoylcarnitine (C16)/Acetylcarnitine (C2) | System: Ser/Plas | Units: umol/umol | Info: 
88010-4,Tetradecenoylcarnitine (C14:1)/Acetylcarnitine (C2) [Molar ratio] in Serum or Plasma,Test: Tetradecenoylcarnitine (C14:1)/Acetylcarnitine (C2) | System: Ser/Plas | Units: umol/umol | Info: 
88011-2,Tetradecenoylcarnitine (C14:1)/Carnitine.free (C0) [Molar ratio] in Serum or Plasma,Test: Tetradecenoylcarnitine (C14:1)/Carnitine.free (C0) | System: Ser/Plas | Units: umol/umol | Info: 
88012-0,Sialate.lipid bound/Creatinine [Molar ratio] in Urine,Test: Sialate.lipid bound/Creatinine | System: Urine | Units: mmol/mol creatinine | Info: 
88013-8,Glutarylcarnitine (C5-DC)/Palmitoylcarnitine (C16) [Molar ratio] in Serum or Plasma,Test: Glutarylcarnitine (C5-DC)/Palmitoylcarnitine (C16) | System: Ser/Plas | Units: umol/umol | Info: 
88014-6,Octanoylcarnitine (C8)/Carnitine.free (C0) [Molar ratio] in DBS,Test: Octanoylcarnitine (C8)/Carnitine.free (C0) | System: Bld.dot | Units: ratio | Info: 
88015-3,Palmitoylcarnitine (C16)/Acetylcarnitine (C2) [Molar ratio] in DBS,Test: Palmitoylcarnitine (C16)/Acetylcarnitine (C2) | System: Bld.dot | Units: ratio | Info: 
88016-1,Glutarylcarnitine (C5-DC)/Acetylcarnitine (C2) [Molar ratio] in DBS,Test: Glutarylcarnitine (C5-DC)/Acetylcarnitine (C2) | System: Bld.dot | Units: ratio | Info: 
88017-9,Glutarylcarnitine (C5-DC)/Propionylcarnitine (C3) [Molar ratio] in DBS,Test: Glutarylcarnitine (C5-DC)/Propionylcarnitine (C3) | System: Bld.dot | Units: ratio | Info: 
12578-1,Creatinine [Mass/volume] in Peritoneal dialysis fluid --3rd specimen,Test: Creatinine^3rd specimen | System: Dial fld prt | Units: mg/dL | Info: 
88019-5,N-Acetylgalactosamine-6-Sulfatase [Enzymatic activity/volume] in DBS,Test: N-acetylgalactosamine-6-sulfatase | System: Bld.dot | Units: nmol/h/mL | Info: 
88024-5,Palmitoylcarnitine (C16)/Carnitine.free (C0) [Molar ratio] in DBS,Test: Palmitoylcarnitine (C16)/Carnitine.free (C0) | System: Bld.dot | Units: ratio | Info: 
88025-2,Tetradecenoylcarnitine (C14:1)/Carnitine.free (C0) [Molar ratio] in DBS,Test: Tetradecenoylcarnitine (C14:1)/Carnitine.free (C0) | System: Bld.dot | Units: ratio | Info: 
88026-0,Glutarylcarnitine (C5-DC)/Propionylcarnitine (C3) [Molar ratio] in Serum or Plasma,Test: Glutarylcarnitine (C5-DC)/Propionylcarnitine (C3) | System: Ser/Plas | Units: umol/umol | Info: 
88054-2,Lipopolysaccharide binding protein [Mass/volume] in Serum or Plasma by Immunoassay,Test: Lipopolysaccharide binding protein | System: Ser/Plas | Units: ug/mL | Info: 
12579-9,Creatinine [Mass/volume] in Peritoneal dialysis fluid --4th specimen,Test: Creatinine^4th specimen | System: Dial fld prt | Units: mg/dL | Info: 
12580-7,Creatinine [Mass/volume] in Peritoneal dialysis fluid --5th specimen,Test: Creatinine^5th specimen | System: Dial fld prt | Units: mg/dL | Info: 
88710-9,Amylase.pancreatic [Enzymatic activity/volume] in Peritoneal dialysis fluid,Test: Amylase.pancreatic | System: Dial fld prt | Units: arb U/L | Info: 
88711-7,Beta-2-Microglobulin [Mass/volume] in Peritoneal dialysis fluid,Test: Beta-2-Microglobulin | System: Dial fld prt | Units: mg/L | Info: 
88712-5,Lipase [Enzymatic activity/volume] in Peritoneal dialysis fluid,Test: Triacylglycerol lipase | System: Dial fld prt | Units: arb U/L | Info: 
12581-5,Creatinine [Mass/volume] in Peritoneal dialysis fluid --6th specimen,Test: Creatinine^6th specimen | System: Dial fld prt | Units: mg/dL | Info: 
12582-3,Creatinine [Mass/volume] in Peritoneal dialysis fluid --7th specimen,Test: Creatinine^7th specimen | System: Dial fld prt | Units: mg/dL | Info: 
12583-1,Creatinine [Mass/volume] in Peritoneal dialysis fluid --8th specimen,Test: Creatinine^8th specimen | System: Dial fld prt | Units: mg/dL | Info: 
88994-9,Arachidonate (C20:4w6)/Fatty acids.C14-C24 in Serum or Plasma,Test: Arachidonate/Fatty acids.C14-C24 | System: Ser/Plas | Units: % | Info: 
88995-6,Docosahexaenoate (C22:6w3)/Fatty acids.C14-C24 in Serum or Plasma,Test: Docosahexaenoate/Fatty acids.C14-C24 | System: Ser/Plas | Units: % | Info: 
88997-2,Eicosapentaenoate (C20:5w3)/Fatty acids.C14-C24 in Serum or Plasma,Test: Eicosapentaenoate/Fatty acids.C14-C24 | System: Ser/Plas | Units: % | Info: 
89276-0,Oxygen saturation in Arterial blood by Pulse oximetry --W exercise,Test: Oxygen saturation^W exercise | System: BldA | Units: % | Info: 
89277-8,Oxygen saturation in Arterial blood by Pulse oximetry --during anesthesia,Test: Oxygen saturation^during anesthesia | System: BldA | Units: % | Info: 
89367-7,von Willebrand factor.ristocetin cofactor inhibitor [Units/volume] in Platelet poor plasma by Coagulation assay,Test: von Willebrand factor.ristocetin cofactor inhibitor | System: PPP | Units: Bethesda units/mL | Info: 
89691-0,Pseudocasts [#/area] in Urine by Computer assisted method,Test: Pseudocasts | System: Urine | Units: /HPF | Info: 
90233-8,Dermatan sulfate [Moles/volume] in DBS,Test: Dermatan sulfate | System: Bld.dot | Units: nmol/L | Info: 
90234-6,Globotriaosylsphingosine [Mass/volume] in Serum or Plasma,Test: Globotriaosylsphingosine | System: Ser/Plas | Units: ng/mL | Info: 
90235-3,Heparan sulfate [Moles/volume] in DBS,Test: Heparan sulfate | System: Bld.dot | Units: nmol/L | Info: 
90236-1,Keratan sulfate [Moles/volume] in DBS,Test: Keratan sulfate | System: Bld.dot | Units: nmol/L | Info: 
90238-7,Salicylcarnitine [Moles/volume] in Serum or Plasma,Test: Salicylcarnitine | System: Ser/Plas | Units: nmol/mL | Info: 
90239-5,ST2.soluble [Mass/volume] in Serum by Immunoassay,Test: Suppression of tumorigenicity 2.soluble | System: Ser | Units: ng/mL | Info: 
90360-9,Trimethylamine N-oxide [Moles/volume] in Serum or Plasma by LC/MS/MS,Test: Trimethylamine N-oxide | System: Ser/Plas | Units: umol/L | Info: 
90364-1,Cholesterol.in LDL.small dense [Mass/volume] in Serum or Plasma,Test: Cholesterol.in LDL.small dense | System: Ser/Plas | Units: mg/dl | Info: 
90419-3,Apolipoprotein CIII-0/Apolipoprotein CIII-2 [Mass Ratio] in Serum or Plasma,Test: Apolipoprotein CIII-0/Apolipoprotein CIII-2 | System: Ser/Plas | Units: ratio | Info: 
90420-1,Transferrin.carbohydrate deficient.trisialo/Transferrin.carbohydrate deficient.tetrasialo [Mass Ratio] in Serum or Plasma,Test: Transferrin.carbohydrate deficient.trisialo/Transferrin.carbohydrate deficient.tetrasialo | System: Ser/Plas | Units: ratio | Info: 
90421-9,Apolipoprotein CIII-1/Apolipoprotein CIII-2 [Mass Ratio] in Serum or Plasma,Test: Apolipoprotein CIII-1/Apolipoprotein CIII-2 | System: Ser/Plas | Units: ratio | Info: 
90740-2,Aggressive prostate cancer risk [Likelihood] in Serum or Plasma by Calculated.4Kscore,Test: Aggressive prostate cancer risk | System: Ser/Plas | Units: % | Info: 
90781-6,"N,N'-dimethylarginine [Mass/volume] in Serum or Plasma","Test: N,N'-Dimethylarginine | System: Ser/Plas | Units: ng/mL | Info: "
90782-4,F2-Isoprostanes [Mass/volume] in Urine,Test: F2-Isoprostanes | System: Urine | Units: ng/mL | Info: 
90783-2,F2-Isoprostanes/Creatinine [Mass Ratio] in Urine,Test: F2-Isoprostanes/Creatinine | System: Urine | Units: ng/mg creatinine | Info: 
90909-3,Arachidonate (C20:4w6)/Eicosapentaenoate (C20:5w3) [Mass Ratio] in Blood,Test: Arachidonate/Eicosapentaenoate | System: Bld | Units: ratio | Info: 
90910-1,Omega 6 fatty acids (w6)/Omega 3 fatty acids (w3) [Mass Ratio] in Blood,Test: Fatty acids.omega 6/Fatty acids.omega 3 | System: Bld | Units: ratio | Info: 
90911-9,Eicosapentaenoate (C20:5w3)+Docosapentaenate (C22:5w3)+Docosahexaenoate (C22:6w3)/Fatty acids.C14-C22 in Blood,Test: Eicosapentaenoate+Docosapentaenate w3+Docosahexaenoate/Fatty acids.C14-C22 | System: Bld | Units: % | Info: 
90912-7,Eicosapentaenoate (C20:5w3)/Fatty acids.C14-C22 in Blood,Test: Eicosapentaenoate/Fatty acids.C14-C22 | System: Bld | Units: % | Info: 
90913-5,Docosapentaenate (C22:5w3)/Fatty acids.C14-C22 in Blood,Test: Docosapentaenate w3/Fatty acids.C14-C22 | System: Bld | Units: % | Info: 
90914-3,Docosahexaenoate (C22:6w3)/Fatty acids.C14-C22 in Blood,Test: Docosahexaenoate/Fatty acids.C14-C22 | System: Bld | Units: % | Info: 
90915-0,Arachidonate (C20:4w6)+Linoleate (C18:2w6)/Fatty acids.C14-C22 in Blood,Test: Arachidonate+Linoleate/Fatty acids.C14-C22 | System: Bld | Units: % | Info: 
90916-8,Arachidonate (C20:4w6)/Fatty acids.C14-C22 in Blood,Test: Arachidonate/Fatty acids.C14-C22 | System: Bld | Units: % | Info: 
90917-6,Linoleate (C18:2w6)/Fatty acids.C14-C22 in Blood,Test: Linoleate/Fatty acids.C14-C22 | System: Bld | Units: % | Info: 
90920-0,Lysophosphatidylcholine(20:0) [Mass/volume] in DBS,Test: Lysophosphatidylcholine(20:0) | System: Bld.dot | Units: ug/dL | Info: 
90921-8,Lysophosphatidylcholine(22:0) [Mass/volume] in DBS,Test: Lysophosphatidylcholine(22:0) | System: Bld.dot | Units: ug/dL | Info: 
90922-6,Lysophosphatidylcholine(24:0) [Mass/volume] in DBS,Test: Lysophosphatidylcholine(24:0) | System: Bld.dot | Units: ug/dL | Info: 
90994-5,Iothalamate renal clearance,Test: Iothalamate clearance | System: Urine+Ser/Plas | Units: mL/min | Info: 
90995-2,Iothalamate renal clearance/Body surface area,Test: Iothalamate clearance/Body surface area | System: Urine+Ser/Plas | Units: mL/min/m2 | Info: 
12606-0,Dolichol [Mass/volume] in Serum or Plasma,Test: Dolichol | System: Ser/Plas | Units: ng/mL | Info: 
91105-7,Cholesterol in LDL 1 [Mass/volume] in Serum or Plasma,Test: Cholesterol.in LDL 1 | System: Ser/Plas | Units: mg/dL | Info: 
91106-5,Cholesterol in LDL 2 [Mass/volume] in Serum or Plasma,Test: Cholesterol.in LDL 2 | System: Ser/Plas | Units: mg/dL | Info: 
91107-3,Cholesterol in LDL 3 [Mass/volume] in Serum or Plasma,Test: Cholesterol.in LDL 3 | System: Ser/Plas | Units: mg/dL | Info: 
91108-1,Cholesterol in LDL 4 [Mass/volume] in Serum or Plasma,Test: Cholesterol.in LDL 4 | System: Ser/Plas | Units: mg/dL | Info: 
91109-9,Cholesterol in LDL 5 [Mass/volume] in Serum or Plasma,Test: Cholesterol.in LDL 5 | System: Ser/Plas | Units: mg/dL | Info: 
91110-7,Cholesterol in LDL 6 [Mass/volume] in Serum or Plasma,Test: Cholesterol.in LDL 6 | System: Ser/Plas | Units: mg/dL | Info: 
91111-5,Cholesterol in LDL 7 [Mass/volume] in Serum or Plasma,Test: Cholesterol.in LDL 7 | System: Ser/Plas | Units: mg/dL | Info: 
12607-8,Glucose [Mass/volume] in Peritoneal dialysis fluid --pre dialysis,Test: Glucose^pre dialysis | System: Dial fld prt | Units: mg/dL | Info: 
12611-0,Glucose [Mass/volume] in Serum or Plasma --4 hour specimen,Test: Glucose^4H specimen | System: Ser/Plas | Units: mg/dL | Info: 
91670-0,Orexin-A [Mass/volume] in Cerebral spinal fluid,Test: Orexin-A | System: CSF | Units: ng/L | Info: 
92665-9,Growth and differentiation factor 15 [Mass/volume] in Serum or Plasma by Immunoassay,Test: Growth and differentiation factor 15 | System: Ser/Plas | Units: pg/mL | Info: 
92711-1,Lipoprotein.alpha.subparticle.small [Moles/volume] in Serum,Test: Lipoprotein.alpha.subparticle.small | System: Ser | Units: nmol/L | Info: 
92712-9,Lipoprotein.beta.subparticle.very small-d [Moles/volume] in Serum,Test: Lipoprotein.beta.subparticle.very small-d | System: Ser | Units: nmol/L | Info: 
92713-7,Lipoprotein.beta.subparticle.very small-c [Moles/volume] in Serum,Test: Lipoprotein.beta.subparticle.very small-c | System: Ser | Units: nmol/L | Info: 
92714-5,Lipoprotein.beta.subparticle.very small-b [Moles/volume] in Serum,Test: Lipoprotein.beta.subparticle.very small-b | System: Ser | Units: nmol/L | Info: 
92715-2,Lipoprotein.beta.subparticle.very small-a [Moles/volume] in Serum,Test: Lipoprotein.beta.subparticle.very small-a | System: Ser | Units: nmol/L | Info: 
92716-0,Lipoprotein.beta.subparticle.large-b [Moles/volume] in Serum,Test: Lipoprotein.beta.subparticle.large-b | System: Ser | Units: nmol/L | Info: 
92717-8,Lipoprotein.beta.subparticle.large-a [Moles/volume] in Serum,Test: Lipoprotein.beta.subparticle.large-a | System: Ser | Units: nmol/L | Info: 
92718-6,Lipoprotein.broad beta.subparticle.small [Moles/volume] in Serum,Test: Lipoprotein.broad beta.subparticle.small | System: Ser | Units: nmol/L | Info: 
92719-4,Lipoprotein.broad beta.subparticle.large [Moles/volume] in Serum,Test: Lipoprotein.broad beta.subparticle.large | System: Ser | Units: nmol/L | Info: 
92720-2,Lipoprotein.pre-beta.subparticle.small [Moles/volume] in Serum,Test: Lipoprotein.pre-beta.subparticle.small | System: Ser | Units: nmol/L | Info: 
92721-0,Lipoprotein.pre-beta.subparticle.medium [Moles/volume] in Serum,Test: Lipoprotein.pre-beta.subparticle.medium | System: Ser | Units: nmol/L | Info: 
92747-5,Lyso-sphingomyelin [Moles/volume] in Serum or Plasma,Test: Lyso-sphingomyelin | System: Ser/Plas | Units: nmol/mL | Info: 
92748-3,Lyso-sphingomyelin [Moles/volume] in Blood,Test: Lyso-sphingomyelin | System: Bld | Units: nmol/mL | Info: 
92749-1,Lyso-sphingomyelin [Moles/volume] in DBS,Test: Lyso-sphingomyelin | System: Bld.dot | Units: nmol/mL | Info: 
92750-9,Glucopsychosine [Moles/volume] in Serum or Plasma,Test: Glucopsychosine | System: Ser/Plas | Units: nmol/mL | Info: 
92751-7,Glucopsychosine [Moles/volume] in Blood,Test: Glucopsychosine | System: Bld | Units: nmol/mL | Info: 
92752-5,Glucopsychosine [Moles/volume] in DBS,Test: Glucopsychosine | System: Bld.dot | Units: nmol/mL | Info: 
92753-3,Globotriaosylsphingosine [Moles/volume] in Blood,Test: Globotriaosylsphingosine | System: Bld | Units: nmol/mL | Info: 
92754-1,Globotriaosylsphingosine [Moles/volume] in DBS,Test: Globotriaosylsphingosine | System: Bld.dot | Units: nmol/mL | Info: 
92755-8,"Cholestane-3-beta, 5-alpha, 6-beta triol [Moles/volume] in Serum or Plasma","Test: Cholestane-3-beta, 5-alpha, 6-beta triol | System: Ser/Plas | Units: nmol/mL | Info: "
92756-6,"Cholestane-3-beta, 5-alpha, 6-beta triol [Moles/volume] in Blood","Test: Cholestane-3-beta, 5-alpha, 6-beta triol | System: Bld | Units: nmol/mL | Info: "
92757-4,"Cholestane-3-beta, 5-alpha, 6-beta triol [Moles/volume] in DBS","Test: Cholestane-3-beta, 5-alpha, 6-beta triol | System: Bld.dot | Units: nmol/mL | Info: "
92758-2,"7-Alpha,12-alpha dihydroxycholest-4-en-3-one [Moles/volume] in Serum or Plasma","Test: 7-Alpha,12-alpha dihydroxycholest-4-en-3-one | System: Ser/Plas | Units: nmol/mL | Info: "
92759-0,"7-Alpha,12-alpha dihydroxycholest-4-en-3-one [Moles/volume] in Blood","Test: 7-Alpha,12-alpha dihydroxycholest-4-en-3-one | System: Bld | Units: nmol/mL | Info: "
92760-8,"7-Alpha,12-alpha dihydroxycholest-4-en-3-one [Moles/volume] in DBS","Test: 7-Alpha,12-alpha dihydroxycholest-4-en-3-one | System: Bld.dot | Units: nmol/mL | Info: "
92761-6,7-Alpha hydroxy-4-cholesten-3-one [Moles/volume] in Serum or Plasma,Test: 7-Alpha hydroxy-4-cholesten-3-one | System: Ser/Plas | Units: nmol/mL | Info: 
92762-4,7-Alpha hydroxy-4-cholesten-3-one [Moles/volume] in Blood,Test: 7-Alpha hydroxy-4-cholesten-3-one | System: Bld | Units: nmol/mL | Info: 
92763-2,7-Alpha hydroxy-4-cholesten-3-one [Moles/volume] in DBS,Test: 7-Alpha hydroxy-4-cholesten-3-one | System: Bld.dot | Units: nmol/mL | Info: 
92764-0,7-Ketocholesterol [Moles/volume] in Serum or Plasma,Test: 7-Ketocholesterol | System: Ser/Plas | Units: nmol/mL | Info: 
92766-5,Alpha-aminoadipic semialdehyde+Delta-1-piperideine-6-carboxylate [Moles/volume] in Serum or Plasma,Test: Alpha-aminoadipic semialdehyde+Delta-1-Piperideine-6-carboxylate | System: Ser/Plas | Units: umol/L | Info: 
92806-9,Keratan sulfate/Creatinine [Ratio] in Urine,Test: Keratan sulfate/Creatinine | System: Urine | Units: mg/mmol creatinine | Info: 
12630-0,Glucose [Mass/volume] in Peritoneal dialysis fluid --1st specimen,Test: Glucose^1st specimen | System: Dial fld prt | Units: mg/dL | Info: 
12631-8,Glucose [Mass/volume] in Peritoneal dialysis fluid --2nd specimen,Test: Glucose^2nd specimen | System: Dial fld prt | Units: mg/dL | Info: 
12632-6,Glucose [Mass/volume] in Peritoneal dialysis fluid --3rd specimen,Test: Glucose^3rd specimen | System: Dial fld prt | Units: mg/dL | Info: 
12633-4,Glucose [Mass/volume] in Peritoneal dialysis fluid --4th specimen,Test: Glucose^4th specimen | System: Dial fld prt | Units: mg/dL | Info: 
12634-2,Glucose [Mass/volume] in Peritoneal dialysis fluid --5th specimen,Test: Glucose^5th specimen | System: Dial fld prt | Units: mg/dL | Info: 
12635-9,Glucose [Mass/volume] in Peritoneal dialysis fluid --6th specimen,Test: Glucose^6th specimen | System: Dial fld prt | Units: mg/dL | Info: 
12636-7,Glucose [Mass/volume] in Peritoneal dialysis fluid --7th specimen,Test: Glucose^7th specimen | System: Dial fld prt | Units: mg/dL | Info: 
12722-5,Insulin-like growth factor binding protein 1 [Mass/volume] in Serum or Plasma,Test: Insulin-like growth factor binding protein 1 | System: Ser/Plas | Units: ug/L | Info: 
12723-3,Insulin-like growth factor binding protein 2 [Mass/volume] in Serum or Plasma,Test: Insulin-like growth factor binding protein 2 | System: Ser/Plas | Units: mg/L | Info: 
93323-4,Tauroursodeoxycholate [Moles/volume] in Serum or Plasma,Test: Tauroursodeoxycholate | System: Ser/Plas | Units: nmol/mL | Info: 
93324-2,Taurolithocholate [Moles/volume] in Serum or Plasma,Test: Taurolithocholate | System: Ser/Plas | Units: nmol/mL | Info: 
93325-9,Taurohyodeoxycholate [Moles/volume] in Serum or Plasma,Test: Taurohyodeoxycholate | System: Ser/Plas | Units: nmol/mL | Info: 
93326-7,Taurodeoxycholate [Moles/volume] in Serum or Plasma,Test: Taurodeoxycholate | System: Ser/Plas | Units: nmol/mL | Info: 
93327-5,Taurocholate [Moles/volume] in Serum or Plasma,Test: Taurocholate | System: Ser/Plas | Units: nmol/mL | Info: 
93328-3,Taurochenodeoxycholate [Moles/volume] in Serum or Plasma,Test: Taurochenodeoxycholate | System: Ser/Plas | Units: nmol/mL | Info: 
93329-1,Hyodeoxycholate [Moles/volume] in Serum or Plasma,Test: Hyodeoxycholate | System: Ser/Plas | Units: nmol/mL | Info: 
93330-9,Glycoursodeoxycholate [Moles/volume] in Serum or Plasma,Test: Glycoursodeoxycholate | System: Ser/Plas | Units: nmol/mL | Info: 
93331-7,Glycolithocholate [Moles/volume] in Serum or Plasma,Test: Glycolithocholate | System: Ser/Plas | Units: nmol/mL | Info: 
93332-5,Glycohyodeoxycholate [Moles/volume] in Serum or Plasma,Test: Glycohyodeoxycholate | System: Ser/Plas | Units: nmol/mL | Info: 
93333-3,Glycodeoxycholate [Moles/volume] in Serum or Plasma,Test: Glycodeoxycholate | System: Ser/Plas | Units: nmol/mL | Info: 
93334-1,Glycocholate [Moles/volume] in Serum or Plasma,Test: Glycocholate | System: Ser/Plas | Units: nmol/mL | Info: 
93335-8,Glycochenodeoxycholate [Moles/volume] in Serum or Plasma,Test: Glycochenodeoxycholate | System: Ser/Plas | Units: nmol/mL | Info: 
9336-9,IgA subclass 1/IgA.total in Serum,Test: IgA subclass 1/IgA.total | System: Ser | Units: % | Info: 
93369-7,Krebs von den Lungen-6 [Units/volume] in Serum or Plasma by Immunoassay,Test: Krebs von den Lungen-6 | System: Ser/Plas | Units: IU/mL | Info: 
93371-3,von Willebrand factor (vWf) cleaving protease activity [Enzymatic activity/volume] in Platelet poor plasma by Chromogenic method,Test: von Willebrand factor cleaving protease activity | System: PPP | Units: arb U/mL | Info: 
9344-3,Coproporphyrin 1/Coproporphyrin.total [Mass Ratio] in 24 hour Urine,Test: Coproporphyrin 1/Coproporphyrin.total | System: Urine | Units: % | Info: 
93488-5,Guanidinoacetate [Moles/volume] in DBS,Test: Guanidinoacetate | System: Bld.dot | Units: umol/L | Info: 
93493-5,3-Hydroxy-3-Methylglutaryl-coenzyme A reductase IgG Ab [Units/volume] in Serum by Immunoassay,Test: 3-Hydroxy-3-Methylglutaryl-Coenzyme A Reductase Ab.IgG | System: Ser | Units: IU/mL | Info: 
93505-6,Heptacarboxylporphyrin I [Moles/time] in 24 hour Urine,Test: Heptacarboxylporphyrin I | System: Urine | Units: nmol/24 H | Info: 
93506-4,Heptacarboxylporphyrin III [Moles/time] in 24 hour Urine,Test: Heptacarboxylporphyrin III | System: Urine | Units: nmol/24 H | Info: 
93507-2,Hexacarboxylporphyrin I [Moles/time] in 24 hour Urine,Test: Hexacarboxylporphyrin I | System: Urine | Units: nmol/24 H | Info: 
93508-0,Hexacarboxylporphyrin III [Moles/time] in 24 hour Urine,Test: Hexacarboxylporphyrin III | System: Urine | Units: nmol/24 H | Info: 
93509-8,Pentacarboxylporphyrin I [Moles/time] in 24 hour Urine,Test: Pentacarboxylporphyrin I | System: Urine | Units: nmol/24 H | Info: 
93510-6,Pentacarboxylporphyrin III [Moles/time] in 24 hour Urine,Test: Pentacarboxylporphyrin III | System: Urine | Units: nmol/24 H | Info: 
93684-9,Ammonia [Moles/volume] in Arterial blood,Test: Ammonia | System: BldA | Units: umol/L | Info: 
93686-4,Psychosine [Moles/volume] in Cerebral spinal fluid,Test: Psychosine | System: CSF | Units: nmol/L | Info: 
93687-2,Psychosine [Moles/mass] in Red Blood Cells,Test: Psychosine | System: RBC | Units: pmol/g Hb | Info: 
93688-0,Psychosine [Moles/volume] in DBS,Test: Psychosine | System: Bld.dot | Units: nmol/L | Info: 
12726-6,Leucine-enkephalin [Units/volume] in Serum or Plasma,Test: Leucine-enkephalin | System: Ser/Plas | Units: pg/mL | Info: 
12730-8,Interferon beta [Units/volume] in Serum or Plasma,Test: Interferon.beta | System: Ser/Plas | Units: IU/mL | Info: 
93708-6,Heptacarboxylporphyrin I/Creatinine [Molar ratio] in Urine,Test: Heptacarboxylporphyrin I/Creatinine | System: Urine | Units: umol/mol creatinine | Info: 
93709-4,Hexacarboxylporphyrin I/Creatinine [Molar ratio] in Urine,Test: Hexacarboxylporphyrin I/Creatinine | System: Urine | Units: umol/mol creatinine | Info: 
93710-2,Pentacarboxylporphyrin I/Creatinine [Molar ratio] in Urine,Test: Pentacarboxylporphyrin I/Creatinine | System: Urine | Units: umol/mol creatinine | Info: 
93724-3,Keratan sulfate [Mass/volume] in Serum or Plasma,Test: Keratan sulfate | System: Ser/Plas | Units: ng/mL | Info: 
93725-0,Heparan sulfate [Mass/volume] in Serum or Plasma,Test: Heparan sulfate | System: Ser/Plas | Units: ng/mL | Info: 
93727-6,Insulin [Moles/volume] in Serum or Plasma --post meal,Test: Insulin^post meal | System: Ser/Plas | Units: pmol/L | Info: 
93728-4,Copper [Moles/volume] in Dialysis fluid,Test: Copper | System: Dial fld | Units: umol/L | Info: 
12776-1,Mucin-like carcinoma associated Ag [Units/volume] in Serum or Plasma,Test: Mucin-like carcinoma associated Ag | System: Ser/Plas | Units: arb U/mL | Info: 
93748-2,Fibrin monomer [Mass/volume] in Platelet poor plasma by Immunoassay,Test: Fibrin monomer | System: PPP | Units: mg/mL | Info: 
93765-6,Trimethylamine N-oxide [Molar amount] in Serum,Test: Trimethylamine N-oxide | System: Ser | Units: umol | Info: 
12804-1,Acid phosphatase [Enzymatic activity/volume] in Body fluid,Test: Acid phosphatase | System: Body fld | Units: arb U/L | Info: 
93770-6,Ceramide trihexoside [Molar ratio] in Urine,Test: Ceramide trihexoside | System: Urine | Units: umol/mol | Info: 
93771-4,Calprotectin [Mass/volume] in Synovial fluid,Test: Calprotectin | System: Synv fld | Units: mg/L | Info: 
12805-8,Alkaline phosphatase isoenzyme [Units/volume] in Serum or Plasma,Test: Alkaline phosphatase isoenzyme | System: Ser/Plas | Units: arb U/L | Info: 
93773-0,11-Deoxycortisol [Moles/volume] in Saliva (oral fluid),Test: 11-Deoxycortisol | System: Saliva | Units: nmol/L | Info: 
93775-5,2-Octenoate/Creatinine [Molar ratio] in Urine,Test: 2-Octenoate/Creatinine | System: Urine | Units: mmol/mol creatinine | Info: 
93792-0,Insulin sensitivity index in Serum or Plasma by calculation,Test: Insulin sensitivity index | System: Ser/Plas | Units: ratio | Info: 
12806-6,Alkaline phosphatase.lung [Enzymatic activity/volume] in Serum or Plasma,Test: Alkaline phosphatase.lung | System: Ser/Plas | Units: arb U/L | Info: 
93853-0,N-Acetylgalactosamine-6-Sulfatase [Enzymatic activity/volume] in Urine,Test: N-Acetylgalactosamine-6-Sulfatase | System: Urine | Units: arb U/L | Info: 
93855-5,Iothalamate [Mass/volume] in Urine,Test: Iothalamate | System: Urine | Units: ug/mL | Info: 
93877-9,N-Nervonoylsphingosine/N-Lignoceroylsphingosine [Molar ratio] in Plasma,Test: N-Nervonoylsphingosine/N-Lignoceroylsphingosine | System: Plas | Units: ratio | Info: 
93878-7,N-Stearoylsphingosine/N-Lignoceroylsphingosine [Molar ratio] in Plasma,Test: N-Stearoylsphingosine/N-Lignoceroylsphingosine | System: Plas | Units: ratio | Info: 
93879-5,N-Palmitoylsphingosine/N-Lignoceroylsphingosine [Molar ratio] in Plasma,Test: N-Palmitoylsphingosine/N-Lignoceroylsphingosine | System: Plas | Units: ratio | Info: 
93880-3,N-Nervonoylsphingosine [Moles/volume] in Plasma,Test: N-Nervonoylsphingosine | System: Plas | Units: umol/L | Info: 
93881-1,N-Stearoylsphingosine [Moles/volume] in Plasma,Test: N-Stearoylsphingosine | System: Plas | Units: umol/L | Info: 
93882-9,N-Palmitoylsphingosine [Moles/volume] in Plasma,Test: N-Palmitoylsphingosine | System: Plas | Units: umol/L | Info: 
93973-6,Iohexol [Mass/volume] in Urine,Test: Iohexol | System: Urine | Units: ug/mL | Info: 
93974-4,Iohexol [Mass/volume] in Serum or Plasma,Test: Iohexol | System: Ser/Plas | Units: ug/mL | Info: 
93975-1,Urea nitrogen [Mass/volume] in Serum or Plasma --1 hour specimen,Test: Urea nitrogen^1H specimen | System: Ser/Plas | Units: mg/dl | Info: 
93980-1,Iothalamate [Mass/volume] in Serum or Plasma,Test: Iothalamate | System: Ser/Plas | Units: ug/mL | Info: 
9404-5,Adenosine deaminase [Enzymatic activity/volume] in Body fluid,Test: Adenosine deaminase | System: Body fld | Units: arb U/L | Info: 
9408-6,Aminobenzoate [Mass/volume] in Serum or Plasma,Test: Aminobenzoate | System: Ser/Plas | Units: ug/mL | Info: 
9411-0,Hydrocorticosterone [Mass/time] in 24 hour Urine,Test: Hydrocorticosterone | System: Urine | Units: mg/24 H | Info: 
9412-8,Leucine [Moles/volume] in Cerebral spinal fluid,Test: Leucine | System: CSF | Units: umol/L | Info: 
94145-0,Crotonylglycine/Creatinine [Molar ratio] in Urine,Test: Crotonylglycine/Creatinine | System: Urine | Units: mmol/mol creatinine | Info: 
94146-8,2-Decenedioate/Creatinine [Molar ratio] in Urine,Test: 2-Decenedioate/Creatinine | System: Urine | Units: mmol/mol creatinine | Info: 
94255-7,Calcium [Mass/volume] in Sweat,Test: Calcium | System: Sweat | Units: mg/dl | Info: 
94256-5,Magnesium [Mass/volume] in Sweat,Test: Magnesium | System: Sweat | Units: mg/dl | Info: 
94270-6,Coenzyme Q10 [Moles/mass] in Leukocytes,Test: Ubiquinone 10 | System: WBC | Units: pmol/mg protein | Info: 
12810-8,Porphobilinogen deaminase [Enzymatic activity/volume] in Blood,Test: Porphobilinogen deaminase | System: Bld | Units: nmol/sec/L RBC | Info: 
9445-8,11-Oxopregnanetriol [Mass/time] in 24 hour Urine,Test: 11-Oxopregnanetriol | System: Urine | Units: ug/24 H | Info: 
9446-6,Heptacarboxylporphyrin [Mass/volume] in Red Blood Cells,Test: Heptacarboxylporphyrin | System: RBC | Units: ug/dL | Info: 
12811-6,Uroporphyrinogen III synthase [Enzymatic activity/volume] in Blood,Test: Uroporphyrinogen III synthase | System: Bld | Units: arb U/L | Info: 
12812-4,Potassium [Moles/volume] in Serum or Plasma --2nd specimen,Test: Potassium^2nd specimen | System: Ser/Plas | Units: mmol/L | Info: 
9453-2,Histidine [Moles/volume] in Cerebral spinal fluid,Test: Histidine | System: CSF | Units: umol/L | Info: 
94549-3,Isoheptacarboxylporphyrin [Mass/time] in 24 hour Stool,Test: Isoheptacarboxylporphyrin | System: Stool | Units: ug/24 H | Info: 
94550-1,Hexacarboxylporphyrin I [Mass/time] in 24 hour Stool,Test: Hexacarboxylporphyrin I | System: Stool | Units: ug/24 H | Info: 
94552-7,Isohexacarboxylporphyrin [Mass/time] in 24 hour Stool,Test: Isohexacarboxylporphyrin | System: Stool | Units: ug/24 H | Info: 
94553-5,Isopentacarboxylporphyrin [Mass/time] in 24 hour Stool,Test: Isopentacarboxylporphyrin | System: Stool | Units: ug/24 H | Info: 
12813-2,Potassium [Moles/volume] in Serum or Plasma --3rd specimen,Test: Potassium^3rd specimen | System: Ser/Plas | Units: mmol/L | Info: 
94555-0,dRVVT/dRVVT.excess phospholipid [Ratio] in Platelet poor plasma by Coagulation assay --post DOAC neutralization,Test: Coagulation dilute Russell viper venom induced/Coagulation dilute Russell viper venom induced.excess phospholipid^post DOAC neutralization | System: PPP | Units: ratio | Info: 
12814-0,Potassium [Moles/volume] in Vitreous fluid,Test: Potassium | System: Vitr fld | Units: mmol/L | Info: 
94572-5,Alloisoleucine [Moles/volume] in DBS,Test: Alloisoleucine | System: Bld.dot | Units: nmol/mL | Info: 
12839-7,Prostaglandin D2 [Mass/volume] in Serum or Plasma,Test: Prostaglandin D2 | System: Ser/Plas | Units: pg/mL | Info: 
12841-3,Prostate Specific Ag Free/Prostate specific Ag.total in Serum or Plasma,Test: Prostate specific Ag.free/Prostate specific Ag.total | System: Ser/Plas | Units: % | Info: 
94673-1,"25-Hydroxyvitamin D3+25-Hydroxyvitamin D2/24,25-dihydroxyvitamin D3+24,25-dihydroxyvitamin D2 [Mass Ratio] in Serum or Plasma",Test: Calcidiol+ercalcidiol/24r-Hydroxycalcidiol+24r-Hydroxyercalcidiol | System: Ser/Plas | Units: ratio | Info: 
94690-5,Chondroitin-6-sulfate/Creatinine [Ratio] in Urine,Test: Chondroitin-6-sulfate/Creatinine | System: Urine | Units: mg/mmol creatinine | Info: 
94692-1,Dermatan sulfate/Creatinine [Ratio] in Urine,Test: Dermatan sulfate/Creatinine | System: Urine | Units: mg/mmol creatinine | Info: 
94693-9,Heparan sulfate/Creatinine [Ratio] in Urine,Test: Heparan sulfate/Creatinine | System: Urine | Units: mg/mmol creatinine | Info: 
94713-5,Aspartylglycosamine [Moles/volume] in Cerebral spinal fluid,Test: Aspartylglycosamine | System: CSF | Units: umol/L | Info: 
9476-3,Hexanoylglycine [Moles/volume] in Urine,Test: Hexanoylglycine | System: Urine | Units: umol/L | Info: 
12843-9,Protein [Mass/volume] in Peritoneal dialysis fluid,Test: Protein | System: Dial fld prt | Units: g/L | Info: 
12844-7,Protein [Mass/volume] in Peritoneal dialysis fluid --2nd specimen,Test: Protein^2nd specimen | System: Dial fld prt | Units: g/dL | Info: 
12845-4,Protein [Mass/volume] in Peritoneal dialysis fluid --3rd specimen,Test: Protein^3rd specimen | System: Dial fld prt | Units: g/dL | Info: 
12846-2,Protein [Mass/volume] in Peritoneal dialysis fluid --4th specimen,Test: Protein^4th specimen | System: Dial fld prt | Units: g/dL | Info: 
12847-0,Protein [Mass/volume] in Peritoneal dialysis fluid --5th specimen,Test: Protein^5th specimen | System: Dial fld prt | Units: g/dL | Info: 
12848-8,Protein [Mass/volume] in Peritoneal dialysis fluid --6th specimen,Test: Protein^6th specimen | System: Dial fld prt | Units: g/dL | Info: 
94843-0,Osmolality of Urine from Fetus,Test: Observation | System: Urine^Fetus | Units: mosm/kg H2O | Info: 
12849-6,Protein [Mass/volume] in Peritoneal dialysis fluid --7th specimen,Test: Protein^7th specimen | System: Dial fld prt | Units: g/dL | Info: 
12850-4,Protein [Mass/volume] in Peritoneal dialysis fluid --8th specimen,Test: Protein^8th specimen | System: Dial fld prt | Units: g/dL | Info: 
12898-3,Chloride [Moles/volume] in Vitreous fluid,Test: Chloride | System: Vitr fld | Units: mmol/L | Info: 
94860-4,Transthyretin [Mass] in Blood,Test: Transthyretin | System: Bld | Units: Da | Info: 
94861-2,Transthyretin - transthyretin peak 2 [Mass difference] in Blood,Test: Transthyretin - transthyretin peak 2 | System: Bld | Units: Da | Info: 
9486-2,Sulfate [Mass/volume] in Water,Test: Sulfate | System: Water | Units: mg/L | Info: 
94862-0,Transthyretin peak 2 [Mass] in Blood,Test: Transthyretin peak 2 | System: Bld | Units: Da | Info: 
94863-8,Transthyretin width at half peak height [Mass] in Blood,Test: Transthyretin width at half peak height | System: Bld | Units: Da | Info: 
95516-1,Angiotensin (1-7) [Mass/volume] in Plasma,Test: Angiotensin (1-7) | System: Plas | Units: pg/mL | Info: 
95565-8,5-Pregnenetriol [Mass/time] in 24 hour Urine,Test: 5-Pregnenetriol | System: Urine | Units: ug/24 H | Info: 
95567-4,5-Pregnenediol [Mass/time] in 24 hour Urine,Test: 5-Pregnenediol | System: Urine | Units: ug/24 H | Info: 
95569-0,Tetrahydro-11-corticosterone [Mass/time] in 24 hour Urine,Test: Tetrahydro-11-corticosterone | System: Urine | Units: ug/24 H | Info: 
12908-0,Sodium [Moles/volume] in Vitreous fluid,Test: Sodium | System: Vitr fld | Units: mmol/L | Info: 
12912-2,Lipids [Mass/volume] in Body fluid,Test: Lipids | System: Body fld | Units: mg/dL | Info: 
95595-5,25-Hydroxyvitamin D3+25-Hydroxyvitamin D2 [Mass/volume] in Capillary blood,Test: Calcidiol+ercalcidiol | System: BldC | Units: ng/mL | Info: 
95847-0,Somatotropin [Mass/volume] in Serum by Immunoassay --90 minutes post dose macimorelin,Test: Somatotropin^90M post dose macimorelin | System: Ser | Units: ng/mL | Info: 
95848-8,Somatotropin [Mass/volume] in Serum by Immunoassay --60 minutes post dose macimorelin,Test: Somatotropin^60M post dose macimorelin | System: Ser | Units: ng/mL | Info: 
95849-6,Somatotropin [Mass/volume] in Serum by Immunoassay --45 minutes post dose macimorelin,Test: Somatotropin^45M post dose macimorelin | System: Ser | Units: ng/mL | Info: 
95850-4,Somatotropin [Mass/volume] in Serum by Immunoassay --30 minutes post dose macimorelin,Test: Somatotropin^30M post dose macimorelin | System: Ser | Units: ng/mL | Info: 
96044-3,Human epididymis protein 4 [Mass/volume] in Serum or Plasma,Test: Human epididymis protein 4 | System: Ser/Plas | Units: pg/mL | Info: 
9617-2,Chylomicrons [Mass/volume] in Pleural fluid,Test: Chylomicrons | System: Plr fld | Units: mg/dL | Info: 
9620-6,Lipoprotein.beta [Mass/volume] in Pleural fluid,Test: Lipoprotein.beta | System: Plr fld | Units: mg/dL | Info: 
9621-4,Lipoprotein.pre-beta [Mass/volume] in Pleural fluid,Test: Lipoprotein.pre-beta | System: Plr fld | Units: mg/dL | Info: 
12914-8,Beta-N-acetylhexosaminidase.A/Beta-n-acetylhexosaminidase.total in Serum or Plasma,Test: Beta-N-acetylhexosaminidase.A/Beta-N-acetylhexosaminidase.total | System: Ser/Plas | Units: % | Info: 
96256-3,Copper free [Moles/volume] in Serum or Plasma,Test: Copper.free | System: Ser/Plas | Units: umol/L | Info: 
12916-3,Porphobilinogen synthase [Enzymatic activity/volume] in Blood,Test: Porphobilinogen synthase | System: Bld | Units: arb U/L | Info: 
12917-1,Porphobilinogen synthase [Enzymatic activity/volume] in Serum or Plasma,Test: Porphobilinogen synthase | System: Ser/Plas | Units: arb U/L | Info: 
12918-9,Monoamine oxidase [Enzymatic activity/volume] in Platelet rich plasma,Test: Monoamine oxidase | System: PRP | Units: arb U/L | Info: 
96291-0,Pregnenolone sulfate [Mass/volume] in Serum or Plasma,Test: Pregnenolone sulfate | System: Ser/Plas | Units: ng/mL | Info: 
96400-7,Retinol binding protein/Creatinine [Mass Ratio] in 24 hour Urine,Test: Retinol binding protein/Creatinine | System: Urine | Units: mcg/g Creat | Info: 
96404-9,Para aminohippurate renal clearance/1.73 sq M in Urine and Serum or Plasma,Test: Para aminohippurate renal clearance/1.73 sq M | System: Urine+Ser/Plas | Units: mL/min/1.73 sq m | Info: 
96405-6,Filtration Fraction in Urine and Serum or Plasma,Test: Filtration Fraction | System: Urine+Ser/Plas | Units: % | Info: 
96407-2,Pancreatic polypeptide [Mass/volume] in Serum or Plasma --30M post sham feeding,Test: Pancreatic polypeptide^30M post sham feeding | System: Ser/Plas | Units: pg/mL | Info: 
96408-0,Pancreatic polypeptide [Mass/volume] in Serum or Plasma --25M post sham feeding,Test: Pancreatic polypeptide^25M post sham feeding | System: Ser/Plas | Units: pg/mL | Info: 
96409-8,Pancreatic polypeptide [Mass/volume] in Serum or Plasma --20M post sham feeding,Test: Pancreatic polypeptide^20M post sham feeding | System: Ser/Plas | Units: pg/mL | Info: 
96410-6,Pancreatic polypeptide [Mass/volume] in Serum or Plasma --15M post sham feeding,Test: Pancreatic polypeptide^15M post sham feeding | System: Ser/Plas | Units: pg/mL | Info: 
96411-4,Pancreatic polypeptide [Mass/volume] in Serum or Plasma --10M post sham feeding,Test: Pancreatic polypeptide^10M post sham feeding | System: Ser/Plas | Units: pg/mL | Info: 
96412-2,Pancreatic polypeptide [Mass/volume] in Serum or Plasma --5M post sham feeding,Test: Pancreatic polypeptide^5M post sham feeding | System: Ser/Plas | Units: pg/mL | Info: 
96413-0,Pancreatic polypeptide [Mass/volume] in Serum or Plasma --fasting,Test: Pancreatic polypeptide^post CFst | System: Ser/Plas | Units: pg/mL | Info: 
96421-3,Testosterone [Mass/volume] in DBS,Test: Testosterone | System: Bld.dot | Units: ng/dL | Info: 
96422-1,Cortisone [Mass/volume] in DBS,Test: Cortisone | System: Bld.dot | Units: ug/dL | Info: 
96423-9,Progesterone [Mass/volume] in DBS,Test: Progesterone | System: Bld.dot | Units: ng/mL | Info: 
96424-7,Testosterone/Cortisol [Mass Ratio] in DBS,Test: Testosterone/Cortisol | System: Bld.dot | Units: ng/ug | Info: 
96425-4,Cortisol/Cortisone [Mass Ratio] in DBS,Test: Cortisol/Cortisone | System: Bld.dot | Units: ug/ug | Info: 
12919-7,Monoamine oxidase [Enzymatic activity/volume] in Blood,Test: Monoamine oxidase | System: Bld | Units: arb U/L | Info: 
96461-9,Gastrin releasing polypeptide prohormone [Mass/volume] in Serum or Plasma by Immunoassay,Test: Gastrin releasing polypeptide prohormone | System: Ser/Plas | Units: pg/mL | Info: 
9647-9,Thiosulfate [Mass/volume] in Blood,Test: Thiosulfate | System: Bld | Units: ug/mL | Info: 
96586-3,Alanine aminotransferase [Enzymatic activity/volume] in DBS,Test: Alanine aminotransferase | System: Bld.dot | Units: U/L | Info: 
96587-1,Aspartate aminotransferase [Enzymatic activity/volume] in DBS,Test: Aspartate aminotransferase | System: Bld.dot | Units: U/mL | Info: 
12961-9,Urea nitrogen [Mass/volume] in Arterial blood,Test: Urea nitrogen | System: BldA | Units: mg/dL | Info: 
96589-7,Cholesterol.total/Cholesterol in HDL [Mass Ratio] in DBS,Test: Cholesterol.total/Cholesterol.in HDL | System: Bld.dot | Units: ratio | Info: 
96590-5,Creatinine [Mass/volume] in DBS,Test: Creatinine | System: Bld.dot | Units: mg/dl | Info: 
96591-3,Glomerular filtration rate [Volume Rate/Area] in DBS by based on 1.73 sq M among black population,Test: Glomerular filtration rate | System: Bld.dot | Units: mL/min/1.73 sq m | Info: 
96593-9,Gamma glutamyl transferase [Enzymatic activity/volume] in DBS,Test: Gamma glutamyl transferase | System: Bld.dot | Units: U/L | Info: 
96594-7,Glucose [Mass/volume] in DBS,Test: Glucose | System: Bld.dot | Units: mg/dl | Info: 
96595-4,Hemoglobin A1c/Hemoglobin.total in DBS,Test: Hemoglobin A1c/Hemoglobin.total | System: Bld.dot | Units: % | Info: 
96596-2,Cholesterol in HDL [Mass/volume] in DBS,Test: Cholesterol.in HDL | System: Bld.dot | Units: mg/dl | Info: 
96597-0,Cholesterol in LDL [Mass/volume] in DBS by Direct assay,Test: Cholesterol.in LDL | System: Bld.dot | Units: mg/dl | Info: 
96598-8,Triglyceride [Mass/volume] in DBS,Test: Triglyceride | System: Bld.dot | Units: mg/dl | Info: 
12962-7,Urea nitrogen [Mass/volume] in Venous blood,Test: Urea nitrogen | System: BldV | Units: mg/dL | Info: 
12963-5,Urea nitrogen [Mass/volume] in Peripheral blood,Test: Urea nitrogen | System: BldP | Units: mg/dL | Info: 
12964-3,Urea nitrogen [Mass/volume] in Blood --baseline,Test: Urea nitrogen^baseline | System: Bld | Units: mg/dL | Info: 
12965-0,Urea nitrogen [Mass/volume] in Serum or Plasma --70 minute specimen,Test: Urea nitrogen^70M specimen | System: Ser/Plas | Units: mg/dL | Info: 
12966-8,Urea nitrogen [Mass/volume] in Serum or Plasma --2 hour specimen,Test: Urea nitrogen^2H specimen | System: Ser/Plas | Units: mg/dL | Info: 
12968-4,Urea nitrogen [Mass/volume] in Dialysis fluid --4 hour specimen,Test: Urea nitrogen^4H specimen | System: Dial fld | Units: mg/L | Info: 
12969-2,Urea nitrogen [Mass/volume] in Peritoneal dialysis fluid --baseline,Test: Urea nitrogen^baseline | System: Dial fld prt | Units: mg/L | Info: 
12972-6,Urea nitrogen [Mass/volume] in Peritoneal dialysis fluid --1st specimen,Test: Urea nitrogen^1st specimen | System: Dial fld prt | Units: mg/L | Info: 
12973-4,Urea nitrogen [Mass/volume] in Peritoneal dialysis fluid --4th specimen,Test: Urea nitrogen^4th specimen | System: Dial fld prt | Units: mg/L | Info: 
12974-2,Urea nitrogen [Mass/volume] in Peritoneal dialysis fluid --3rd specimen,Test: Urea nitrogen^3rd specimen | System: Dial fld prt | Units: mg/L | Info: 
12975-9,Urea nitrogen [Mass/volume] in Peritoneal dialysis fluid --5th specimen,Test: Urea nitrogen^5th specimen | System: Dial fld prt | Units: mg/L | Info: 
96735-6,Lipoprotein.beta.subparticle.medium [Moles/volume] in Serum,Test: Lipoprotein.beta.subparticle.medium | System: Ser | Units: nmol/L | Info: 
96795-0,Hexacarboxylporphyrins [Moles/volume] in Urine,Test: Hexacarboxylporphyrins | System: Urine | Units: nmol/L | Info: 
12976-7,Urea nitrogen [Mass/volume] in Peritoneal dialysis fluid --6th specimen,Test: Urea nitrogen^6th specimen | System: Dial fld prt | Units: mg/L | Info: 
12977-5,Urea nitrogen [Mass/volume] in Peritoneal dialysis fluid --8th specimen,Test: Urea nitrogen^8th specimen | System: Dial fld prt | Units: mg/L | Info: 
12978-3,Urea nitrogen [Mass/volume] in Peritoneal dialysis fluid --7th specimen,Test: Urea nitrogen^7th specimen | System: Dial fld prt | Units: mg/L | Info: 
12979-1,Urea nitrogen [Mass/volume] in Peritoneal dialysis fluid --24 hour specimen,Test: Urea nitrogen^24H specimen | System: Dial fld prt | Units: mg/L | Info: 
13058-3,aPTT in Platelet poor plasma by Coagulation assay --2nd specimen,Test: Coagulation^2nd specimen | System: PPP | Units: s | Info: 
13059-1,aPTT in Platelet poor plasma by Coagulation assay --3rd specimen,Test: Coagulation^3rd specimen | System: PPP | Units: s | Info: 
13060-9,aPTT in Platelet poor plasma by Coagulation assay --4th specimen,Test: Coagulation^4th specimen | System: PPP | Units: s | Info: 
13076-5,Phosphatidylethanolamine IgG Ab [Units/volume] in Serum,Test: Phosphatidylethanolamine Ab.IgG | System: Ser | Units: arb U/mL | Info: 
13077-3,Phosphatidylethanolamine IgM Ab [Units/volume] in Serum,Test: Phosphatidylethanolamine Ab.IgM | System: Ser | Units: arb U/mL | Info: 
13078-1,Phosphatidylethanolamine IgA Ab [Units/volume] in Serum,Test: Phosphatidylethanolamine Ab.IgA | System: Ser | Units: arb U/mL | Info: 
13079-9,Phosphatidylglycerol IgG Ab [Units/volume] in Serum,Test: Phosphatidylglycerol Ab.IgG | System: Ser | Units: arb U/mL | Info: 
13080-7,Phosphatidylglycerol IgM Ab [Units/volume] in Serum,Test: Phosphatidylglycerol Ab.IgM | System: Ser | Units: arb U/mL | Info: 
13081-5,Phosphatidylglycerol IgA Ab [Units/volume] in Serum,Test: Phosphatidylglycerol Ab.IgA | System: Ser | Units: arb U/mL | Info: 
13082-3,Phosphatidylinositol IgG Ab [Units/volume] in Serum,Test: Phosphatidylinositol Ab.IgG | System: Ser | Units: arb U/mL | Info: 
13083-1,Phosphatidylinositol IgM Ab [Units/volume] in Serum,Test: Phosphatidylinositol Ab.IgM | System: Ser | Units: arb U/mL | Info: 
13084-9,Phosphatidylinositol IgA Ab [Units/volume] in Serum,Test: Phosphatidylinositol Ab.IgA | System: Ser | Units: arb U/mL | Info: 
13127-6,Cancer Ag DM/70K [Units/volume] in Serum or Plasma,Test: Cancer Ag DM-70K | System: Ser/Plas | Units: arb U/mL | Info: 
13312-4,IgA IgG Ab [Units/volume] in Serum or Plasma,Test: IgA Ab.IgG | System: Ser/Plas | Units: arb U/mL | Info: 
13313-2,IgM IgM Ab [Units/volume] in Serum or Plasma,Test: IgM Ab.IgM | System: Ser/Plas | Units: arb U/mL | Info: 
97052-5,Chemokine (C-C motif) ligand 2 [Mass/volume] in Serum or Plasma,Test: Chemokine (C-C motif) ligand 2 | System: Ser/Plas | Units: pg/mL | Info: 
97053-3,Macrophage inflammatory protein 1 alpha [Mass/volume] in Serum or Plasma,Test: Macrophage inflammatory protein 1.alpha | System: Ser/Plas | Units: pg/mL | Info: 
97054-1,Granulocyte macrophage colony stimulating factor [Mass/volume] in Serum or Plasma,Test: Granulocyte macrophage colony stimulating factor | System: Ser/Plas | Units: pg/mL | Info: 
97105-1,Chemokine (C-C motif) ligand 2 [Mass/volume] in Urine by Immunoassay,Test: Chemokine (C-C motif) ligand 2 | System: Urine | Units: pg/mL | Info: 
97106-9,Hepatitis A virus cellular receptor 1 [Mass/volume] in Urine by Immunoassay,Test: Hepatitis A virus cellular receptor 1 | System: Urine | Units: ng/mL | Info: 
97107-7,Fibroblast growth factor 19 [Mass/volume] in Serum or Plasma by Immunoassay,Test: Fibroblast growth factor 19 | System: Ser/Plas | Units: pg/mL | Info: 
97148-1,Guanidinoacetate [Moles/volume] in Urine,Test: Guanidinoacetate | System: Urine | Units: nmol/mL | Info: 
97149-9,proPSA isoform 2 [Mass/volume] in Serum or Plasma by Immunoassay,Test: Pro prostate specific Ag isoform 2 | System: Ser/Plas | Units: pg/mL | Info: 
97164-8,Triiodothyronine (T3) [Mass/time] in 24 hour Urine,Test: Triiodothyronine | System: Urine | Units: ug/24h | Info: 
97166-3,Thyroxine (T4) [Mass/time] in 24 hour Urine,Test: Thyroxine | System: Urine | Units: ug/24h | Info: 
97189-5,Alpha-2-Macroglobulin [Mass/volume] in Urine,Test: Alpha-2-Macroglobulin | System: Urine | Units: mg/L | Info: 
9735-2,Uroporphyrin/Porphyrins.total in 24 hour Stool,Test: Uroporphyrin/Porphyrins.total | System: Stool | Units: % | Info: 
97538-3,Carbon dioxide [Partial pressure] in Central venous blood,Test: Carbon dioxide | System: BldCV | Units: mm Hg | Info: 
97539-1,Carbon dioxide [Partial pressure] adjusted to patient's actual temperature in Central venous blood,Test: Carbon dioxide^^adjusted to patient's actual temperature | System: BldCV | Units: mm Hg | Info: 
97540-9,Oxygen [Partial pressure] in Central venous blood,Test: Oxygen | System: BldCV | Units: mm Hg | Info: 
97541-7,Oxygen [Partial pressure] adjusted to patient's actual temperature in Central venous blood,Test: Oxygen^^adjusted to patient's actual temperature | System: BldCV | Units: mm Hg | Info: 
97542-5,Oxygen content in Central venous blood,Test: Oxygen content | System: BldCV | Units: mol/L | Info: 
97543-3,Bicarbonate [Moles/volume] in Central venous blood,Test: Bicarbonate | System: BldCV | Units: mmol/L | Info: 
97544-1,Bicarbonate [Moles/volume] standard in Central venous blood,Test: Bicarbonate^^standard | System: BldCV | Units: mmol/L | Info: 
97547-4,Base excess standard in Central venous blood by calculation,Test: Base excess^^standard | System: BldCV | Units: mmol/L | Info: 
97548-2,Base deficit in Central venous blood,Test: Base deficit | System: BldCV | Units: % | Info: 
97549-0,Oxygen saturation in Central venous blood,Test: Oxygen saturation | System: BldCV | Units: % | Info: 
97551-6,Carboxyhemoglobin/Hemoglobin.total in Central venous blood,Test: Carboxyhemoglobin/Hemoglobin.total | System: BldCV | Units: % | Info: 
97552-4,Fractional oxyhemoglobin in Central venous blood,Test: Oxyhemoglobin/Hemoglobin.total | System: BldCV | Units: % | Info: 
97553-2,Deoxyhemoglobin/Hemoglobin.total in Central venous blood,Test: Deoxyhemoglobin/Hemoglobin.total | System: BldCV | Units: % | Info: 
97554-0,Methemoglobin/Hemoglobin.total in Central venous blood,Test: Methemoglobin/Hemoglobin.total | System: BldCV | Units: % | Info: 
97556-5,Hemoglobin [Mass/volume] in Capillary blood by Oximetry,Test: Hemoglobin | System: BldC | Units: g/L | Info: 
97604-3,Glial fibrillary acidic protein [Mass/volume] in Plasma by Immunoassay,Test: Glial fibrillary acidic protein | System: Plas | Units: pg/mL | Info: 
97605-0,Ubiquitin carboxyl-terminal hydrolase-L1 [Mass/volume] in Plasma by Immunoassay,Test: Ubiquitin carboxyl-terminal hydrolase-L1 | System: Plas | Units: pg/mL | Info: 
97641-5,dRVVT/dRVVT.excess phospholipid [Ratio] normalized in Platelet poor plasma by Coagulation assay --post DOAC neutralization,Test: Coagulation dilute Russell viper venom induced/Coagulation dilute Russell viper venom induced.excess phospholipid^post DOAC neutralization^normalized | System: PPP | Units: ratio | Info: 
97642-3,dRVVT/dRVVT.excess phospholipid [Ratio] normalized in Platelet poor plasma by Coagulation assay,Test: Coagulation dilute Russell viper venom induced/Coagulation dilute Russell viper venom induced.excess phospholipid^^normalized | System: PPP | Units: ratio | Info: 
97741-3,Estradiol (E2) [Moles/volume] in Aspirate,Test: Estradiol | System: Asp | Units: nmol/L | Info: 
97743-9,Cancer Ag 125 [Units/volume] in Aspirate,Test: Cancer Ag 125 | System: Asp | Units: arb U/mL | Info: 
97744-7,Enolase.neuron specific [Mass/volume] in Aspirate,Test: Enolase.neuron specific | System: Asp | Units: ng/mL | Info: 
97745-4,Alpha-1-Fetoprotein [Units/volume] in Aspirate,Test: Alpha-1-Fetoprotein | System: Asp | Units: IU/mL | Info: 
97747-0,Carcinoembryonic Ag [Mass/volume] in Aspirate,Test: Carcinoembryonic Ag | System: Asp | Units: ug/L | Info: 
97748-8,Cytokeratin 19 [Mass/volume] in Aspirate,Test: Cytokeratin 19 | System: Asp | Units: ng/mL | Info: 
97749-6,Cancer Ag 15-3 [Units/volume] in Aspirate,Test: Cancer Ag 15-3 | System: Asp | Units: arb U/mL | Info: 
97750-4,Cancer Ag 19-9 [Units/volume] in Aspirate,Test: Cancer Ag 19-9 | System: Asp | Units: arb U/mL | Info: 
97753-8,Ammonia [Moles/mass] in Stool,Test: Ammonia | System: Stool | Units: mEq/100g | Info: 
97754-6,Oxalate [Moles/volume] in Body fluid,Test: Oxalate | System: Body fld | Units: umol/L | Info: 
97756-1,Androstenedione [Mass/volume] in Body fluid,Test: Androstenedione | System: Body fld | Units: ng/mL | Info: 
97766-0,IgG subclass 2 [Mass/volume] in Body fluid,Test: IgG subclass 2 | System: Body fld | Units: g/L | Info: 
97767-8,IgG subclass 4 [Mass/volume] in Body fluid,Test: IgG subclass 4 | System: Body fld | Units: g/L | Info: 
97770-2,Bilirubin.total [Moles/volume] in Capillary blood,Test: Bilirubin | System: BldC | Units: umol/L | Info: 
97771-0,Protein.monoclonal band 1 [Mass/volume] in 24 hour Urine by Electrophoresis,Test: Protein.monoclonal band 1 | System: Urine | Units: g/L | Info: 
97773-6,Base excess standard in Arterial cord blood by calculation,Test: Base excess^^standard | System: BldCoA | Units: mmol/L | Info: 
97774-4,Base excess standard in Venous cord blood by calculation,Test: Base excess^^standard | System: BldCoV | Units: mmol/L | Info: 
97775-1,Base excess standard in Cord blood by calculation,Test: Base excess^^standard | System: BldCo | Units: mmol/L | Info: 
97776-9,Urea [Moles/volume] in Dialysis fluid --1 hour specimen,Test: Urea^1H specimen | System: Dial fld | Units: mmol/L | Info: 
97777-7,Creatinine [Moles/volume] in Dialysis fluid --1 hour specimen,Test: Creatinine^1H specimen | System: Dial fld | Units: umol/L | Info: 
97778-5,Glucose [Moles/volume] in Dialysis fluid --1 hour specimen,Test: Glucose^1H specimen | System: Dial fld | Units: mmol/L | Info: 
97779-3,Sodium [Moles/volume] in Dialysis fluid --1 hour specimen,Test: Sodium^1H specimen | System: Dial fld | Units: mmol/L | Info: 
97780-1,Sodium [Moles/volume] in Dialysis fluid --2 hour specimen,Test: Sodium^2H specimen | System: Dial fld | Units: mmol/L | Info: 
97781-9,Sodium [Moles/volume] in Dialysis fluid --4 hour specimen,Test: Sodium^4H specimen | System: Dial fld | Units: mmol/L | Info: 
9794-9,Cathepsin D Ag [Moles/mass] in Tissue,Test: Cathepsin D Ag | System: Tiss | Units: pmol/g | Info: 
98016-9,Fat [#/area] in Urine sediment by Microscopy high power field,Test: Fat | System: Urine sed | Units: /[HPF] | Info: 
98096-1,Interleukin 33 [Mass/volume] in Serum or Plasma,Test: Interleukin 33 | System: Ser/Plas | Units: pg/mL | Info: 
98097-9,Thymic stromal lymphopoietin [Mass/volume] in Serum or Plasma,Test: Thymic stromal lymphopoietin | System: Ser/Plas | Units: pg/mL | Info: 
98098-7,Interleukin 17F [Mass/volume] in Serum or Plasma,Test: Interleukin 17F | System: Ser/Plas | Units: pg/mL | Info: 
98099-5,Interleukin 21 [Mass/volume] in Serum or Plasma,Test: Interleukin 21 | System: Ser/Plas | Units: pg/mL | Info: 
98100-1,Interleukin 22 [Mass/volume] in Serum or Plasma,Test: Interleukin 22 | System: Ser/Plas | Units: pg/mL | Info: 
98101-9,Interleukin 23 [Mass/volume] in Serum or Plasma,Test: Interleukin 23 | System: Ser/Plas | Units: pg/mL | Info: 
98102-7,"Chemokine (C-X-C motif) ligand 10 [Mass/volume] in Serum, Plasma or Blood",Test: Chemokine (C-X-C motif) ligand 10 | System: Ser/Plas/Bld | Units: pg/mL | Info: 
98103-5,Interleukin 9 [Mass/volume] in Serum or Plasma,Test: Interleukin 9 | System: Ser/Plas | Units: pg/mL | Info: 
98104-3,Interleukin 15 [Mass/volume] in Serum or Plasma,Test: Interleukin 15 | System: Ser/Plas | Units: pg/mL | Info: 
98105-0,Interleukin 16 [Mass/volume] in Serum or Plasma,Test: Interleukin 16 | System: Ser/Plas | Units: pg/mL | Info: 
98106-8,Brain-derived neurotrophic factor [Mass/volume] in Serum or Plasma,Test: Brain-derived neurotrophic factor | System: Ser/Plas | Units: pg/mL | Info: 
98107-6,Macrophage colony-stimulating factor [Mass/volume] in Serum or Plasma,Test: Macrophage colony-stimulating factor | System: Ser/Plas | Units: pg/mL | Info: 
98108-4,Chemokine (C-C motif) ligand 11 [Mass/volume] in Serum or Plasma,Test: Chemokine (C-C motif) ligand 11 | System: Ser/Plas | Units: pg/mL | Info: 
98109-2,Chemokine (C-C motif) ligand 8 [Mass/volume] in Serum or Plasma,Test: Chemokine (C-C motif) ligand 8 | System: Ser/Plas | Units: pg/mL | Info: 
98110-0,Chemokine (C-C motif) ligand 7 [Mass/volume] in Serum or Plasma,Test: Chemokine (C-C motif) ligand 7 | System: Ser/Plas | Units: pg/mL | Info: 
98111-8,Chemokine (C-C motif) ligand 4 [Mass/volume] in Serum or Plasma,Test: Chemokine (C-C motif) ligand 4 | System: Ser/Plas | Units: pg/mL | Info: 
98112-6,Chemokine (C-C motif) ligand 20 [Mass/volume] in Serum or Plasma,Test: Chemokine (C-C motif) ligand 20 | System: Ser/Plas | Units: pg/mL | Info: 
98113-4,Chemokine (C-C motif) ligand 5 [Mass/volume] in Serum or Plasma,Test: Chemokine (C-C motif) ligand 5 | System: Ser/Plas | Units: pg/mL | Info: 
98114-2,Chemokine (C-X3-C motif) ligand 1 [Mass/volume] in Serum or Plasma,Test: Chemokine (C-X3-C motif) ligand 1 | System: Ser/Plas | Units: pg/mL | Info: 
98115-9,Chemokine (C-X-C motif) ligand 9 [Mass/volume] in Serum or Plasma,Test: Chemokine (C-X-C motif) ligand 9 | System: Ser/Plas | Units: pg/mL | Info: 
98116-7,Chemokine (C-C motif) ligand 27 [Mass/volume] in Serum or Plasma,Test: Chemokine (C-C motif) ligand 27 | System: Ser/Plas | Units: pg/mL | Info: 
98117-5,Fibroblast growth factor 2 [Mass/volume] in Serum or Plasma,Test: Fibroblast growth factor 2 | System: Ser/Plas | Units: pg/mL | Info: 
98118-3,Vascular endothelial growth factor C [Mass/volume] in Serum or Plasma,Test: Vascular endothelial growth factor C | System: Ser/Plas | Units: pg/mL | Info: 
98119-1,Angiopoietin receptor 2 [Mass/volume] in Serum or Plasma,Test: Angiopoietin 2 receptor | System: Ser/Plas | Units: pg/mL | Info: 
98120-9,Intercellular adhesion molecule 1 [Mass/volume] in Serum or Plasma,Test: Intercellular adhesion molecule 1 | System: Ser/Plas | Units: pg/mL | Info: 
98129-0,Thymol turbidity test in Blood,Test: Thymol turbidity test | System: Bld | Units: Arb U | Info: 
98237-1,Chemokine (C-X-C motif) ligand 1 [Mass/volume] in Serum or Plasma,Test: Chemokine (C-X-C motif) ligand 1 | System: Ser/Plas | Units: pg/mL | Info: 
9830-1,Cholesterol.total/Cholesterol in HDL [Mass Ratio] in Serum or Plasma,Test: Cholesterol.total/Cholesterol.in HDL | System: Ser/Plas | Units: ratio | Info: 
98485-6,Amyloid beta 42 peptide/Amyloid beta 40 peptide [Mass Ratio] in Cerebral spinal fluid,Test: Amyloid beta 42 peptide/Amyloid beta 40 peptide | System: CSF | Units: pg/pg | Info: 
98486-4,Apolipoprotein E [Mass/volume] in Cerebral spinal fluid,Test: Apolipoprotein E | System: CSF | Units: ug/mL | Info: 
98860-0,Transforming growth factor beta free [Mass/volume] in Serum or Plasma,Test: Transforming growth factor beta.free | System: Ser/Plas | Units: pg/mL | Info: 
98861-8,Transforming growth factor beta [Mass/volume] in Serum or Plasma,Test: Transforming growth factor beta | System: Ser/Plas | Units: pg/mL | Info: 
98958-2,Periostin [Moles/volume] in Serum or Plasma by Immunoassay,Test: Periostin | System: Ser/Plas | Units: pmol/L | Info: 
98981-4,Urate [Mass/volume] in Blood,Test: Urate | System: Bld | Units: mg/dL | Info: 
98992-1,Alpha-1-acid glycoprotein/Protein.total in Serum or Plasma by Electrophoresis,Test: Alpha-1-Acid glycoprotein/Protein.total | System: Ser/Plas | Units: % | Info: 
98993-9,Alpha 1 antitrypsin/Protein.total in Serum or Plasma by Electrophoresis,Test: Alpha 1 antitrypsin/Protein.total | System: Ser/Plas | Units: % | Info: 
98995-4,Transferrin/Protein.total in Serum or Plasma by Electrophoresis,Test: Transferrin/Protein.total | System: Ser/Plas | Units: % | Info: 
99059-8,N-acetylglycine/Creatinine [Mass Ratio] in Urine,Test: n-Acetylglycine/Creatinine | System: Urine | Units: mg/g creatinine | Info: 
99063-0,Free water Clearance in Urine and Serum or Plasma,Test: Free water clearance | System: Urine+Ser/Plas | Units: mL/min | Info: 
99074-7,Calcium/Creatinine [Mass Ratio] in Urine from Fetus,Test: Calcium/Creatinine | System: Urine^Fetus | Units: mg/mg creatinine | Info: 
99077-0,Alpha-1-Fetoprotein L3 [Mass/volume] in Serum or Plasma by Immunoassay,Test: Alpha-1-Fetoprotein.L3 | System: Ser/Plas | Units: ng/mL | Info: 
99100-0,Norepinephrine [Mass/volume] in Serum or Plasma,Test: Norepinephrine | System: Ser/Plas | Units: μg /l | Info: 
99101-8,Cancer Ag 242 [Units/volume] in Serum or Plasma,Test: Cancer Ag 242 | System: Ser/Plas | Units: IU/mL | Info: 
99382-4,Cancer Ag 50 [Units/volume] in Body fluid,Test: Cancer Ag 50 | System: Body fld | Units: IU/mL | Info: 
99387-3,Carbon monoxide [Moles/volume] in Blood,Test: Carbon monoxide | System: Bld | Units: mmol/L | Info: 
99388-1,Choriogonadotropin.tumor marker [Units/volume] in Aspirate,Test: Choriogonadotropin.tumor marker | System: Asp | Units: [arb'U]/mL | Info: 
99389-9,Choriogonadotropin.tumor marker [Units/volume] in Pleural fluid,Test: Choriogonadotropin.tumor marker | System: Plr fld | Units: [arb'U]/mL | Info: 
99390-7,Progesterone [Moles/volume] in Ovarian aspirate,Test: Progesterone | System: Ovarian asp | Units: nmol/L | Info: 
99392-3,Sulfocysteine [Moles/volume] in Urine,Test: Sulfocysteine | System: Urine | Units: umol/L | Info: 
99399-8,Zonulin [Mass/volume] in Stool,Test: Zonulin | System: Stool | Units: ng/mL | Info: 
99598-5,Erythrocytes.dysmorphic/Erythrocytes in Urine by Automated count,Test: Erythrocytes.dysmorphic/Erythrocytes | System: Urine | Units: % | Info: 
99599-3,Protein.monoclonal band 1/Protein.total in Urine by Electrophoresis,Test: Protein.monoclonal band 1/Protein.total | System: Urine | Units: % | Info: 
99616-5,Trienoate (C20:3w9)/Arachidonate (C20:4w6) [Molar ratio] in RBC.lysate,Test: Trienoate/Arachidonate | System: RBC.lysate | Units: {ratio} | Info: 
99617-3,Saturated fatty acids [Moles/volume] in RBC.lysate,Test: Fatty acids.saturated | System: RBC.lysate | Units: mmol/L | Info: 
99618-1,Monounsaturated fatty acids [Moles/volume] in RBC.lysate,Test: Fatty acids.monounsaturated | System: RBC.lysate | Units: mmol/L | Info: 
99619-9,Polyunsaturated fatty acids [Moles/volume] in RBC.lysate,Test: Fatty acids.polyunsaturated | System: RBC.lysate | Units: mmol/L | Info: 
99620-7,Omega 3 fatty acids (w3) [Moles/volume] in RBC.lysate,Test: Fatty acids.omega 3 | System: RBC.lysate | Units: mmol/L | Info: 
99621-5,Omega 6 fatty acids (w6) [Moles/volume] in RBC.lysate,Test: Fatty acids.omega 6 | System: RBC.lysate | Units: mmol/L | Info: 
99765-0,Interleukin 12 [Mass/volume] in Cerebral spinal fluid,Test: Interleukin 12 | System: CSF | Units: pg/ml | Info: 
99766-8,Interleukin 17 [Mass/volume] in Cerebral spinal fluid,Test: Interleukin 17 | System: CSF | Units: pg/ml | Info: 
99767-6,Interleukin 1 beta [Mass/volume] in Cerebral spinal fluid,Test: Interleukin 1 beta | System: CSF | Units: pg/ml | Info: 
99768-4,Interleukin 2 Receptor Soluble [Mass/volume] in Cerebral spinal fluid,Test: Interleukin 2 receptor.soluble | System: CSF | Units: pg/ml | Info: 
99769-2,Interleukin 8 [Mass/volume] in Cerebral spinal fluid,Test: Interleukin 8 | System: CSF | Units: pg/ml | Info: 
99770-0,Tumor necrosis factor.alpha [Mass/volume] in Cerebral spinal fluid,Test: Tumor necrosis factor.alpha | System: CSF | Units: pg/ml | Info: 
99860-9,Erythrocytes.non-dysmorphic [#/area] in Urine sediment by Computer assisted method,Test: Erythrocytes.non-dysmorphic | System: Urine sed | Units: p/HPF | Info: 
99862-5,Erythrocytes.dysmorphic [#/area] in Urine sediment by Computer assisted method,Test: Erythrocytes.dysmorphic | System: Urine sed | Units: p/HPF | Info: 
99866-6,Acanthocytes/Erythrocytes in Urine sediment by Computer assisted method,Test: Acanthocytes/Erythrocytes | System: Urine sed | Units: % | Info: 
99867-4,Acanthocytes [#/area] in Urine sediment by Computer assisted method,Test: Acanthocytes | System: Urine sed | Units: p/HPF | Info: 
99870-8,Erythrocytes.ghost cells [#/area] in Urine sediment by Computer assisted method,Test: Erythrocytes.ghost cells | System: Urine sed | Units: p/HPF | Info: 
99873-2,Superficial transitional cells [#/area] in Urine sediment by Computer assisted method,Test: Transitional cells.superficial | System: Urine sed | Units: p/HPF | Info: 
99876-5,Deep transitional cells [#/area] in Urine sediment by Computer assisted method,Test: Transitional cells.deep | System: Urine sed | Units: p/HPF | Info: 
100151-0,6-oxo-piperidine-2-carboxylate [Moles/volume] in Plasma,Test: 6-oxo-piperidine-2-carboxylate | System: Plas | Units: umol/L | Info: 
100359-9,Gliadin 33 mer peptide [Mass/volume] in Stool by Immunoassay,Test: Gliadin 33 mer peptide | System: Stool | Units: ng/mL | Info: 
100425-8,DiHydro T-Mas [Mass/volume] in Serum or Plasma,Test: DiHydro T-Mas | System: Ser/Plas | Units: mg/L | Info: 
100716-0,Prostate specific Ag [Mass/volume] in DBS,Test: Prostate Specific Ag | System: Bld.dot | Units: ng/mL | Info: 
100733-5,Cholesterol in LDL [Mass/volume] in Serum by calculation --corrected for Cholesterol.in lipoprotein (little a),Test: Cholesterol.in LDL^corrected for Cholesterol.in lipoprotein (little a) | System: Ser | Units: mg/dL | Info: 
100745-9,Chloride [Moles/volume] in Mixed venous blood,Test: Chloride | System: BldMV | Units: mmol/L | Info: 
100755-8,Oligoclonal bands [#] in Serum or Plasma by Isoelectric focusing,Test: Protein fractions.oligoclonal bands | System: Ser/Plas | Units: # | Info: 
100794-7,Follitropin [Units/volume] in Body fluid,Test: Follitropin | System: Body fld | Units: mUI/mL | Info: 
100153-6,6(R+S)-oxo-propylpiperidine-2-carboxylate/Creatinine [Molar ratio] in Urine,Test: 6(R+S)-oxo-propylpiperidine-2-carboxylate/Creatinine | System: Urine | Units: umol/mmol creatinine | Info: 
99882-3,Free lipid droplets [#/area] in Urine sediment by Computer assisted method,Test: Free lipid droplets | System: Urine sed | Units: p/HPF | Info: 
99886-4,Hyaline-granular casts [#/area] in Urine sediment by Computer assisted method,Test: Hyaline-granular casts | System: Urine sed | Units: p/HPF | Info: 
99889-8,Crystal casts [#/area] in Urine sediment by Computer assisted method,Test: Crystal casts | System: Urine sed | Units: p/HPF | Info: 
99892-2,Microorganism casts [#/area] in Urine sediment by Computer assisted method,Test: Microorganism casts | System: Urine sed | Units: p/HPF | Info: 
99895-5,Calcium oxalate monohydrate crystals [#/area] in Urine sediment by Computer assisted method,Test: Calcium oxalate monohydrate crystals | System: Urine sed | Units: p/HPF | Info: 
99898-9,Calcium oxalate dihydrate crystals [#/area] in Urine sediment by Computer assisted method,Test: Calcium oxalate dihydrate crystals | System: Urine sed | Units: p/HPF | Info: 
100795-4,S100 calcium binding protein B [Mass/volume] in Body fluid,Test: S100 calcium binding protein B | System: Body fld | Units: ug/L | Info: 
