term,definition
-ovarii,petevezeték-
a. carotis,nyaki verőér
a. femoralis,combartéria
a. iliaca externa,külső csípőverőér
a. poplitea,térdartéria
a. subclavia,kulcscsont alatti verőér
a. tibialis posterior,hátsó sípcsonti verőér
a. ulnaris,singcsonti verőere
a.c.,evés előtt
a.d.,jobb fül
a.m.,reggel
AA,abszolút ritmuszavar
"ab-, apo-","-tól, -től, el"
abacterialis,baktériummentes
abarognosis,súlyérzékelés hiánya
abasia,járási képtelenség
abdomen,has
abdomen acutum,akut has
Abdomen inis,has
Abdomin-,Has
abdominalis,hasi
abdominocentesis,hasüregcsapolás
abdominohysterectomia,méh sebészeti eltávolítása hasi metszéssel
abdominohysterotomia,méhmetszés a has megnyitásával
abdominoinguinalis,hasi-ágyéki
abdominoscopia,hasüreg tükrözéses
abdominothoracalis,hashoz és mellkashoz egyaránt tartozó
abdominouterectomia,méhkiirtás hasi metszéssel
abdominovaginalis,hashoz és hüvelyhez tartozó
abducens,"távolító, elvezető"
abductio,távolítás
abductor digiti quinti,kisujjtávolító izom
abductor pollicis brevis,rövid hüvelykujj-távolító izom
abductor pollicis longus,hosszú hüvelykujjtávolító izom
abductorok,távolító izom
aberratio,normálistól eltérő állapot
aberratio mentalis,enyhe elmezavar
aberratio sexualis,fajtalanság
abetalipoproteinaemia,béta-lipoprotein hiány
ablactatio,csecsemő elválasztása
ablatio,leoperálás
ablatio placentae,méhlepényleválás
ablatio retinae,ideghártyaleválás
ablepharia,szemhéjhiány
ablepsia,vakság
abluencium,hashajtó
abnormal protrusion of the eyeball,kidülledt szem
"abnormalis, morbidus, pathologicus",kóros
abomasum,oltógyomor
abominatio,undor
aborticidium,magzatölő
abortifaciens,vetélést okozó
abortifacientia,vetélést okozó szer
abortiva,vetélést kiváltó szerek
abortivum,vetélést kiváltó szer
abortivus,abortuszos
abortus arteficialis,mesterséges terhességmegszakítás
abortus cervicalis,vetélés a nyakcsatornába
abortus completus,befejezett vetélés
abortus complicatus,szövődményes vetélés
abortus criminalis,törvényellenes terhességmegszakítás
abortus febrilis,vetélés lázzal
abortus habitualis,szokványos vetélés
abortus imminens,hamarosan bekövetkező vetélés
abortus imperfectus,részben megtörtént vetélés
abortus incipiens,kezdődő vetélés
abortus incompletus,befejezetlen vetélés
abortus inducatus,előidézett vetélés
abortus infectiosus,vetélés fertőzéssel
abortus perfectus,befejezett vetélés
abortus spontaneus,spontán vetélés
abortus therapeuticus,az anya egészségét védő terhességmegszakítás
abrachia,karhiány
abrachiocephalia,kar- és fejhiány
abrasio,horzsolás (felületes bőrsérülés)
abrasio dentium,fogkopás
abruptio,leszakadás
abruptio placentae,méhlepény repedés
abs.,teljes
abscedens,elgennyesedő
abscessus,tályog
abscessus alveolaris,foggyökércsúcs körüli tályog
abscessus apicalis,csúcstályog
abscessus axillaris,hónalji tályog
abscessus cerebelli,kisagytályog
abscessus cerebri,agytályog
abscessus cervicis uteri,méhnyaktályog
abscessus epididymidis,mellékheretályog
abscessus frigidus,gümőkóros gennygyülem
abscessus frigidus articularis,ízületi hidegtályog
abscessus glandulae mammariae,emlőmirigytályog
abscessus glandulae salivaris,nyálmirigytályog
abscessus glandulae thyreoideae,pajzsmirigytályog
abscessus hepatis,májtályog
abscessus hypophysis,hipofízistályog
abscessus hypostaticus,vándortályog
abscessus iliopsoicus tuberculosus,csípői-ágyéki tályog
abscessus intestini,béltályog
abscessus intramammalis,emlőtályog
abscessus intraspinalis,gerincen belüli tályog
abscessus lienis,léptályog
abscessus linguae,nyelvtályog
abscessus mammae,emlőtályog
abscessus mediastinalis,gátortályog
abscessus oculi,szemtályog
abscessus ovarialis,petefészek-tályog
abscessus palmaris,tenyértályog
abscessus pancreatis,hasnyálmirigy-tályog
abscessus paranephriticus,vese körüli tályog
abscessus paravaginalis,hüvely melletti tályog
abscessus parodontalis,fogágytályog
abscessus periappendicularis,féregnyúlvány körüli tályog
abscessus periarticularis,fülkörüli tályog
abscessus perirectalis,végbél körüli tályog
abscessus perirenalis,vese körüli tályog
abscessus pleurae,mellhártyatályog
abscessus pulmonis,tüdőtályog
abscessus pulpae,fogbéltályog
abscessus pyaemicus,gennyvérű tályog
abscessus radicis linguae,nyelvgyöktályog
abscessus retromammalis,emlő mögötti tályog
abscessus retroperitonealis,hashártya mögötti tályog
abscessus retropharyngealis,garat mögötti tályog
abscessus stercoralis,bélsártályog
abscessus subareolaris,emlőbimbó udvar alatti tályog
abscessus subphrenicus,rekesz alatti tályog
abscessus subungualis,köröm alatti tályog
abscessus sudoriparus,hónalj izzadságmirigyek tályoga
abscessus thoracis,mellkasi tályog
abscessus thymi,csecsemőmirigy-tályog
abscessus tubae uterinae,petevezeték-tályog
abscessus tuberculosis lumbalis,ágyéki gümőkóros tályog
abscessus tuboovarialis,petevezeték- és petefészektályog
abscessus tuboovarialis l.d.,jobb oldali petefészek és petevezeték tályog
abscessus tuboovarialis l.s.,bal oldali petefészek és petevezeték tályog
abscessus vesicae urinariae,húgyhólyag-tályog
absence,rövid ideig tartó öntudathiány
absentia,hiány
absentia cerebelli,kisagy hiánya
absentia cervicis uteri,méhnyak hiánya
absentia epileptica,rövid öntudatvesztés epilepsziánál
absentia menti,állhiány
absentia nasi,orrhiány
absinthium,üröm
absolutus,"csak a feltüntetett anyagot tartalmazó, feltétlen, teljes"
absorbefaciens,felszívódást kiváltó
absorbens,"elnyelő, felszívó"
absorbere,elnyel
"absorbere, resorbere",abszorbeál
absorptio,"abszorpció, felszívódás, megkötés"
absorptiometer,gáznak folyadékban való oldódását mérő műszer
absorptus,elnyelt
abstinentia,önmegtartóztatás
abstractio,elvonás
absurdus,abszurd
abszorpció,felszívódás
abulia,akarathiány
abulomania,kóros akaratgyengeség
abundo,túlcsordulás
abusus,"mértéktelenség, visszaélés"
acalcerosis,kalciumhiány
acalcinosis,étrendhiba okozta kalciumhiány
acalculia,számolási képtelenség
Acanth-,"Tövis, fog"
acanthoma,hámdaganat
acanthosis,tüskésedés
acanthosis nigricans,megvastagodott sötét bőr
acapnia,vér szén-dioxid tartalmának hiánya
acardiacus,szívnélküli
acariasis,orsóférgesség
acaridiasis,atkafertőzés
acarophobia,irtózás rühösségtől
acatalepsia,megértés hiánya
acatamathesia,beszédmegértés képességének hiánya
acataphasia,beszédzavar
accelerans,gyorsító
acceleratio,serkentés
accelerator,serkentő
accentuatio,hangsúlyozás
acceptor,"befogadó, elfogadó"
Accessio,roham
accessoricus,"járulékos, kiegészítő"
accessorius,adalékos
accidentalis,véletlen
accipio,fogadja el
acclimatisatio,alkalmazkodás az idegen környezethez
accomodatio,alkalmazkodás (közel- és távollátáshoz)
accretio,összenövés
accumulatio,felhalmozódás
ACE-inhibitor,ACE-gátló
acellularis,acelluláris
acephalia,fej hiánya
acephalobrachia,fej és kar hiánya
acephalopodia,fej és láb hiánya
acephalorachia,fej és gerinc hiánya
acephalus,fej nélküli
acervulus,agyhomok
acestoma,sebsarjadzás
acetabulectomia,ízvápa műtéti eltávolítása
acetabuloplastica,ízvápa plasztikai műtéte
acetabulum,"csipőízület árka, ízvápa"
aceticum,acetát
acetonaemia,acetonvérűség
acetonuria,acetonvizelés
acetum acetylsalicylicum,"acetil-szalicilsav, aspirin"
acheilia,az ajak hiánya
acheiria,kéz hiánya
acheiropodia,kéz és a láb hiánya
achillobursitis,az Achilles-ín körüli nyálkatömlő gyulladása
achillodynia,achilles-ín fájdalma
achillorrhaphia,az Achilles-ín műtéti varrata
achillotenotomia,az Achilles-ín műtéti metszése
achlorhydria,sósavelválasztás hiánya
achloropsia,zöldszíntévesztés
acholia,epehiány
acholuria,az epefesték hiánya a vizeletben
achondrogenesis,A porcfejlődés hiánya (achondrogenesis)
achondrogenesis,achondrogenézia
achrochordon,bőrfüggelék
achroma,színhiány
achromacyta,színtelen vörösvérsejt
achromasia,bőrfestékhiány
achromaticus,színtelen
achromatin,sejtmag nem festődő anyaga
achromatopsia,színvakság
achromatosis,színtelenség
achromaturia,színtelen vizelet ürítése
achromia,színhiánya
achromocythaemia,hemoglobin hiánya a vörös vérsejtekben
achromodermia,bőr színtelensége
achromotrichia,őszülés
achylia,nedvhiány
achylia pancreatica,hasnyálmirigy emésztőnedv hiánya
acid-,sav
acidaemia,vér fokozott savassága
acidaminaemia,aminosavvérűség
acidaminuria,aminosavvizelés
acidimetria,savmérés
aciditas,savasság
acidocyta,savkedvelő sejt
acidophil,savkedvelő
acidosis,Acidózis
acidosis diabetica,cukorbetegség okozta acidózis
acidosis metabolica,anyagcserezavar okozta acidózis
acidosis respiratorica,légzési acidózis
acidum,sav
acidum 4-aminobenzoicum,4-aminobenzésav
acidum aceticum concentratum,tömény ecetsav
acidum aceticum dilutum,higított ecetsav
acidum ascorbicum,C vitamin
acidum boricum,bórsav
acidum carbonicum,szénsav
acidum chromicum,krómsav
acidum citricum,citromsav
acidum cresotinicum,kresotinsav
acidum diaethylbarbituricum,dietilbarbitursav
acidum folicum,folsav
acidum glutaminicum,glutaminsav
acidum hydrobromicum,hidrogénbromid
acidum hydrochloratum,hidrogén-klorid
acidum hydrochloricum,sósav
acidum hydrochloricum concentratum purum,tiszta tömény sósav
acidum hydrochloricum crudum,nyers sósav
acidum hydrochloricum dilutum purum,tiszta higitott sósav
acidum hydrochloricum purissimum,legtisztább sósav
acidum hydrochloricum purum,tiszta sósav
acidum hydrocyanicum,hidrogén-cianid
acidum lacticum,tejsav
acidum nicotinicum,nikotinsav
acidum phosphoricum,foszforsav
acidum picricum,pikrinsav
acidum salicylicum,szalicilsav
acidum succinicum,borostyánkősav
acidum sulfuricum,kénsav
acinitis,mirigyvégkamra-gyulladás
acinus,mirigyvégkamra
acleistocardia,nyitott foramen ovale
acmaesthesia,hegyes eszköz érzékelése a bőrön
acme,csúcspont
acne,"a szőrtüszők és a faggyúmirigyek krónikus gyulladása (pattanásos bőrt eredményez); pattanás, mitteszer"
acne conglobata,hegesedő egybeolvadó acne
acne indurata,csomós akne
acne occupationalis,foglalkozásból eredő akne
acne praemenstrualis,menstruáció előtt jelentkező acne
acne rosacea,borvirág
acne vulgaris,közönséges akne
acnegen,aknét előidéző
acneiformis,mitesszerszerű
acognosia,gyógyszertan
acomus,kopasz
aconuresis,önkéntelen vizeletürítés
acoprosis,bélsár hiánya a bélben
acorea,pupilla hiánya
acoria,farkaséhség
acorus calamus,orvosi kálmos
acousma,hallási hallucináció
acquisitus,szerzett
acr-,"Csúcsos, kiálló"
acra,test kiálló részei
acralis,kiálló
acrania,koponya hiánya
acraturesis,vizelési zavar
acraturia,vizeletcsepegés
acroanaesthesia,végtagok érzéktelensége
acroataxia,végtagok koordinációs zavara
acrocephalia,fej formájának csúcsossága
acrochordon,bőrfüggelék
acrocyanosis,kiálló testrészek szederjessége
acrodermatitis,kiálló testrészek bőrgyulladása
acrodermatitis enteropathica,"cink hiány, Danbolt-Closs szindróma, Brandt szindróma"
acrodermatitis papulosa infantum,Gianotti Crosti szindróma
acrohyperhidrosis,fokozott végtagizzadás
acrohypothermia,végtagok hidegsége
acromastitis,emlőbimbó gyulladása
acromegalia,kiálló testrészek megnagyobbodása
acromelalgia,bőrpírral járó végtagfájdalom
acromialis,vállcsúcshoz tartozó
acromicria,végtag rendellenes kis mérete
acromio-,vállcsúcs-
acromioclavicularis,vállcsúcshoz és a kulcscsonthoz tartozó
acromiocoracoidealis,vállcsúcshoz és a hollócsőrnyúlványhoz tartozó
acromiohumeralis,vállcsúcshoz és a felkarcsonthoz tartozó
acromion,vállcsúcs
acromioscapularis,vállcsúcshoz és a lapockához tartozó
acroneurosis,végtagok érbeidegzési zavara
acroparaesthesia,végtagoknak álérzékelése
acropetalis,csúcs felé erősödő
acrophobia,magasságiszony
acroposthitis,fitymagyulladás
acrostealgia,végtagok csontvégi fájdalma
acrum,akrális testrészek
actaea,fürtös takta
actin-,sugár-
actiniformis,sugár alakú
actinobacillus mallei,malleusbaktérium
actinocardiogramm,röntgenkép a szívszéli mozgásról
actinocutitis,sugárzás okozta bőrgyulladás
actinogen,sugárzó anyag
actinographia,röntgenográfia
actinologia,sugártan
actinomyces,sugárgomba
actinomycetales,sugárgombafélék
actinomycoma,sugárgomba okozta daganat
actinomycosis abdominalis,hasüregi sugárgombabetegség
actinomycosis cervicofacialis,nyak és arc sugárgombabetegsége
actinomycosis pulmonalis,tüdő-sugárgombabetegség
actinoscopia,röntgensugaras vizsgálat
actinotherapia,sugárkezelés
activatio,aktiváció
activitas,tevékenység
activitates humanae,emberi tevékenység
acuitas,élesség
acuminatus,hegyes
acupunctura,gyógyítás tűszúrásokkal
acus,tű
acusectio,elektrosebészet tűvel
acusticus,hallással kapcsolatos
acutus,"akut, heveny"
acyanoblepsia,kékszín-tévesztés
acyanoticus,nem szederjes
acystia,húgyhólyag hiánya
ad-,"-hoz, -hez, -höz, oda"
ad capsulas gelatinosas,zselatintokokba
ad m. m.,az orvos kezébe
ad manus medici,orvos kezébe
ad usum externum,külső használatra
adamantinocarcinoma,felhámdaganat
adamantinoma,zománcdaganat
adamantinus,acélkemény
adamnatina,fogzománc
adaptatio,"adaptáció, alkalmazkodás"
adaptatio functionalis,működési adaptáció
adde,figyelemhiányos rendellenesség
addictio,függőség
additio,hozzáadás
adducens,közelítő
adductio,közelítés
adductor,közelítő
adductor brevis,rövid combközelítő izom
adductor longus,hosszú combközelítő izom
adductor magnus,nagy combközelítő izom
adductor pollicis,hüvelykujj-közelítő izom
adenectomia,orrmandula műtét
adenemphraxis,mirigy kivezetőcsövének elzáródása
adeniform,mirigyalakú
adenitis,mirigygyulladás
adeno-,mirigy-
adenoacanthoma,pikkelyes mirigyhámrák
adenoangiosarcoma,mirigyes sarcoma
adenocarcinoma,mirigyrák
adenocarcinoma cribrosum,szitaszerű mirigyrák
adenocarcinoma muciporum,nyákot termelő mirigyrák
adenocarcinoma papillare,bolyhozott mirigyrák
adenocarcinoma pulmonis,tüdő mirigyrák
adenocarcinoma trabeculare,hengersejtes mirigyrák
adenocarcinoma ventriculi,a gyomor mirigyekből kiinduló rákja
adenohypophysis,agyalapi mirigy elülső lebenye
adenoid,garatmandula
adenoideae,orrmandulák
adenolipoma,zsírszövet-mirigydaganat
adenolipomatosis,kóros zsírlerakódás
adenoma,jóindulatú mirigydaganat
adenoma glandulae parathyreoideae,mellékpajzsmirigy-daganat
adenoma sebaceum,faggyúmirigydaganat
adenoma sudoriparum,izzadságmirigy-daganat
adenomalacia,mirigylágyulás
adenomatosis,töbszörös mirigytaganat
adenomegalia,mirigymegnagyobbodás
adenomyoma,mirigy- és izomszövetből kiinduló daganat
adenomyosis,jóindulatú méh-izomszövetdaganat
adenomyosis externa,külső jóindulatú méh-izomszövetdaganat
adenomyosis uteri,méhizomzatban található jóindulatú méh-izomszövetdaganat
adenopathia,mirigybántalom
adenopharyngitis,garatmandula- és garatgyulladás
adenosarcoma,szarkómás mirigydaganat
adenotom,mirigymetsző eszköz
adenotomia,mirigy sebészeti bemetszése
adenotonsillectomia,garatmandulák sebészeti kimetszése
adeps,"zsír, zsírszövet"
adeps abdominalis,hasi zsír
adeps fuscus,barna zsír
adeps intraabdominalis,zsír a hasüregben
adeps renis,vese zsírtokja
adeps subcutaneus,bőralatti zsír
adexa uteri,méhfüggelékek
adhaerere,odaragad
adhaesio,tapadás
adhaesio intestinalis,bélösszenövés
Adhaesio linguae /ankyloglossia,Nyelvlenövés
adhaesio pleuralis,mellhártya-összenövés
adhaesio vesicae felleae,epehólyag-összenövés
adhaesio vesicae urinariae,húgyhólyag-összenövés
adhaesiones cervicis uteri,méhnyak-összenövések
adhaesiones pelvis minoris,kismedencei-összenövések
adhaesiones peritoneales,hashártya-összenövések
adhaesiones peritoneales post partum,szülés utáni hashártya-összenövések
adhaesivitas,rátapadás
adhaesivus,rögzítő
adhaesus,hozzátapadt
adhesio,letapadás
adiaphan,nem átlátszó
adiaphoresis,hiányos verejtékezés
adipectomia,zsírszövet műtéti eltávolítása
adipo-,zsír-
adipocera,hullaviasz
adipocyti,zsírsejtek
adipogen,kövérséget kiváltó
adipohepaticus,májelzsírosodással kapcsolatos
adipokele,zsírsérv
adipoma,zsírdaganat
adiponecrosis,zsírszövetelhalás
adiposis,elhízás
adipositas,elhízottság
adipositas cordis,szívelhájasodás
adipositas dolorosa,fájó zsírcsomók
adipositas hypothalamica,hipotalamusz okozta elhájasodás
adipositas universalis,zsírlerakódás az egész testben
adipositis,zsírszövetgyulladás
adiposuria,zsírvizelés
adiposus,zsír
adipsia,szomjúságérzet hiánya
aditus,belépés
aditus,"bemenet, nyílás"
aditus laryngis,gégebemenet
aditus orbitalis,szemgödörbemenet
adjuváns,kiegészítő
adlatus,hozott
admixtio,hozzávaló
adnatus,hozzánőtt
adnexa,függelékek
adnexa oculi,szem függesztő készüléke
adnexa uteri,petefészek
adnexectomia,petefészek műtéti eltávolítása
adnexitis,petefészek gyulladása
adnexitis purulenta,petefészek gennyes gyulladása
adnexopexia,petefészek műtéti rögzítése
adnexum,"petefészek, függelék"
adolescentia,serdülőkor
adolfactorius,szaglólebennyel kapcsolatos
adren-,mellékvese-
adrenalectomia,mellékvese kimetszése
adrenalinaemia,adrenalinvérűség
adrenalinuria,adrenalinvizelés
adrenális hiperplázia,mellékvese túltengés
adrenalitis,mellékvese-gyulladás
adrenalopathia,mellékvese-bántalom
adrenitis,mellékvese-gyulladás
adreno-,mellékvese-
adrenocorticalis,mellékvesekéreggel kapcsolatos
adrenocorticotrop,mellékvesekérget stimuláló hormon
adrenogen,mellékvese eredetű
adrenogram,mellékvese röntgenkép
adrenomegalia,mellékvesemegnagyobbodás
adrenopathia,mellékvesebántalom
adultus,felnőtt
adv.,ellen
adventitia,külső réteg
adversum,"ellen, nemkívánatos"
aeger,"betegségben szenved, gyengélkedő, levert"
aegrotus,"beteg, betegségben szenved"
aequaelis,"egyenlő, egyforma"
aequalis,"azonos, egyforma"
aequator lentis,szemlencsét kettéválasztó sík
aequivalentia,"ekvivalencia, egyenértékűség"
aer,levegő
aer nas,orrpermet
aerodispersio nasalis,orrspray
aerohydrotherapia,gyógyítás levegővel és vízzel
aerokele,levegősérv
aeropathia,légnyomásváltozás okozta betegség
aerophagia,levegőnyelés
aerophobia,beteges iszony levegőtől
aerothermoterapia,gyógyítás meleg levegővel
aerotonometer,vérgázok nyomását mérő készülék
aetas,egy élethossz
aethylismus,alkohol fogyasztás
aethylismus chronica,krónikus alkoholizmus
aetiologia,kóroktan
aetologia,viselkedéstan
affectio,"állapot, baj, betegség, megbetegedés, rendellenesség, hajlam, kór"
"affectio, maladie",bántalom
affectivitas,indulat
affectus,érintett
afferens,"odavivő, hozzávezető, odavivő"
afocalis,fókusz nélküli
agammaglobulinaemia,Gammaglobulin-hiány a vérben
aganglionosis,ganglionsejtek hiánya
aganglionosis,parasympathicus ganglionsejtek hiánya
agenesia,"kifejlődés hiánya, szerv hiánya, fejlődési hiány"
agenesia auris,fülhiány
agenesia cerebelli,kisagy kifejlődésének hiánya
agenesia ciliorum,Szempilla kifejlődésének hiánya
agenesia dentis,Fogcsíra nélküli foghiány
agenesia glandulae lacrimales,könnymirigy hiánya
agenesia hepatic,máj kifejlődésének hiánya
agenesia lobuli auriculae,fülcimpa kifejlődésének hiánya
agenesia tubae Eustachii,fülkürt kifejlődésének hiánya
agenesia vesicae urinariae,húgyhólyag kifejlődésének hiánya
agenia,állkapocs kifejlődésének hiánya
agenitalismus,genitáliák hiánya
agens,"hatóanyag, hatóerő, tényező,"
agentia,hatóanyagok
agger,"kiemelkedés, töltés"
agglutinatio,összecsapzódás
agglutinin,agglutináló ellenanyag
agglutinogen,agglutinogén
agglutitio,nyelésképtelenség
aggravatio,"súlyosbodás, megnehezítés"
aggregatio,gyülem
aggregatus,"csoportos, összetett"
agita,rázkódás
aglomerularis,glomerulus nélküli
aglossia,nyelv hiánya
agmatologia,csonttöréstan
agonia,haldoklás
agonisare,haldoklik
"agonisatus, moribundus",haldokló
agoraphobia,tömegiszony
agranulocyta,szemcsétlen fehérvérsejt
agranulocytosis,szemcsétlen fehérvérsejtes
agranulosis,fehérvérsejt hiánya
agravatio,rosszabbodás
agressio,agresszió
agyria,agykéregtekervények hiánya
akathisia,"mozgáskényszer, nyughatatlanság"
akut,"gyorsan kezdődő, gyorsan zajló folyamat"
ala nasi,orrcimpa
ala ossis ilii,csípőlapát
alae nasi,orrszárnyak
alae osi ilei,a csípőcsont szárnyai
alalia,beszédképtelenség
alaris,szárnyazott
albicans,fehéres
albinismus,"albinizmus, pigmenthiány"
albinismus circumscriptus,Színtelen körülírt terület
albinismus totalis,egész test pigmenthiánya
albumin,kötő- és szállító fehérjéje
albuminuria spuris,Nem veséből eredő fehérjevizelés
albumose,Fehérje-emésztéstermék
albus,fehér
alcohol absolutus,96%-os szesz
alcoholicus,alkoholista
aldolase,enzimek egy fajtája
aldosteron,"a mellékvesekéreg hormonja, mely a só-víz háztartást és a vérnyomást befolyásolja"
aldoszteron,"a mellékvesekéreg hormonja, mely a só-víz háztartást és a vérnyomást befolyásolja"
alexia,szóvakság
alfa-fetoprotein (AFP),"a magzat által termelt fehérje, amely bekerül a magzatvízbe. Kóros AFP szintet gerinc- vagy agyfejlődési rendellenesség, ikerterhesség, esetleg elszámolt terhességi kor okozhat"
"algesia, -algia",Fájdalom
algidus,hideg
algo-,fájdalom
algodiaphoria,fájdalomérzés hiánya
algodystrophia,Sudeck betegség
algomenorrhoea,fájdalmas menstruáció
algor,hidegség
alibatio,fehérítés
alienatio,elidegenedés érzése
alienus,idegen
alimentatio rectalis,táplálás végbélen keresztül
alimentum,"étel, élelmiszer, táplálék"
aliquorrhoea,agyfolyadék csökkenése
aliquot,néhány
"-alis, e",valamihez tartozó
allergen,allergiát kiváltó anyag
allergia,"allergia, túlérzékenység"
allergica,allergia elleni szerek
allergicum,allergia elleni szer
allergicus,allergiás
allergodermathosis,allergiás bőrbántalom
allergologia,"allergiatan, allergológia"
allo-,"idegen, más normálistól eltérő"
allopathia,hagyományos (nem homeopátiás) orvoslás
allotypus,allotípus
alopecia,kopaszság
alopecia adnata,veleszületett kopaszság
alopecia areata,foltos kopaszság
alopecia capitis totalis,teljes kopaszság
alopecia circumscripta,körülírt kopaszság
alopecia congenitalis,veleszületett kopaszság
alopecia follicularis,hajtüszőgyulladás okozta kopaszodás
alopecia furfuracea,korpásodás okozta kopaszodás
alopecia neurotica,idegrendszeri betegség okozta hajhullás
alopecia seborrhoica,seborrhoea okozta kopaszodás
alopecia universalis,teljes haj és szőrzetvesztés
alpinia officinarum,kínai gyömbér
alt. die,minden második nap
alteratio,"elváltozás, változás"
alternus die,minden második nap
alumen,"kénsavas kalium-aluminium, timsó"
alumen ammoniacale,ammoniak-timsó
alumen ustum,égetett timsó
alumina hydrica,aluminiumhydroxyd
aluminium aceticum solutum,oldott ecetsavas timany
aluminium chloratum,timanyhalvag
aluminium sulfuricum,kénsavas timany
alveolaris,"alveoláris, hólyagos, alveolussal kapcsolatos"
alveoli,hólyagocskák
alveoli dentales,fogmeder
alveolus,"hólyag, tüdőléghólyagocska, fogmeder"
alveolus dentis,fogágy
alveolus pulmonis,tüdő léghólyagocska
amanita phalloides,gyilkos galóca
amarus,keserű
Amaurosis,Vakság mindkét szemen
amaurosis fugax,átmeneti vakság
amaurosis oculi utriusque,vakság mindkét szemre
amaurosis solum oculi uni,vakság egy szemre
amb-,ellentétes-
ambidexter,mindkét kezét ügyesen használó
ambiguus,"kétértelmű, iker"
ambitendencia,ellentétes szándékok
ambivalencia,két ellentétes érzelem
amblyopia,látásgyengülés
ambra,szürke ámbra
ambulantia,járóbeteg-rendelés
amelia,végtaghiány
amelogenesis,zománcképződés
Amelogenesis imperfecta,Nem v. Csak vékony rétegben fejlődött ki a fogzománc
ameloma,zománccsepp
amenorrhoe,a menstruáció hiánya
amenorrhoea lactationis,szoptatás okozta vérzéshiány
amenorrhoea post partum,szülést követő vérzéshiány
amentia,tudatzavar
americanus,amerikai
ametropia,szem hibás fénytörése
amidazophenum,lázcsillapító
ammeos visnagae fructus,mediterrán gyógynövény
ammonia,ammoniaoldat
ammoniacum,ammoniakgyanta
ammonium aceticum solutum,ecetsavas ammonium-oldat
ammonium benzoicum,benzoesavas ammoniak
ammonium bromatum,ammonbromid
ammonium carbonicum,szénsavas ammonium
ammonium chloratum,szalmiáksó
ammonium iodatum,ammoniodid
ammonium jodatum,jódammónia
ammonium muriaticum,"klórammónia, szalmiáksó"
ammonium nitricum,légenysavas ammon
ammonium phosphoricum,ammónium-foszfát
ammonium sulfuricum,kénsavas ammónia
ammónium-bromid,kristályos por
amnesia,"amnézia, emlékezetkiesés"
amniális,amniotikus
amniocentesis,"AC, amniocentézis, magzatburok csapolás, magzatvíz csapolás"
amniocentesis transabdominalis,magzatburok-csapolás hasfalon keresztül
amniocentesis transvaginalis,hüvelyen keresztül végzett magzatvíz vétel
amniocentézis,"magzatvízvétel (diagnosztikai céllal, kimutathatóak bizonyos genetikai rendellenességek, de az eljárás a spontán vetélés kockázatát hordozza magában)"
amniographia,magzatburok röntgenes ábrázolása
amnion,belső magzatburok
amnionitis,belső magzatburok gyulladása
amniorrhexis,burokrepedés
amniorrhexis,magzatburok-repedés
amnioscopia,"amnioszkópia, magzatburok optikus vizsgálata"
amnioscopia,magzatburok optikus vizsgálata
amnioticus,magzatvízzel kapcsolatos
amniotomia,"burokmetszés, magzatburok megnyitása"
Amoeba dysenteria,Amoeba dysenteria
amorph,"alaktalan, torz"
amotio retinae,"ideghártyaleválás, retinaleválás"
amp.,ampulla
amphetamin,amfetamin
amphiarthrosis,feszes ízület
amplitudo,Harmonikus rezgőmozgás
amplus,bő
ampulla canaliculi lacrimalis,könnyvezeték tágult szakasza
ampulla recti,végbél alsó részének tágulata
ampulla tubae,kürttölcsér
ampulla Vateri,Vater-papilla
ampullaris,tágult résszel kapcsolatos
ampullaris mucosa,tágult rész nyálkahártyája
amputare,"eltávolít, amputáció, csonkolás, testrész műtéti eltávolítása"
amputatio mammae,emlő műtéti eltávolítása
amputatio pulpae,fogcsonkolás
amputatio spontanea,műtéti nélkül testrészleválás
amputatio uteri supravaginalis,hüvely feletti méh eltávolítása
amusia,zenei képesség hiánya
amyelia,gerincvelő hiánya
amygdala,"Az agy egyik neuroncsoportja, amely az érzelmi reakciók feldolgozásában és raktározásában játszik szerepet."
amygdalitis,mandulagyulladás
amygdaloid,mandulaszerű
amygdalus,mandula
amygdolith,mandulakő
amyotaxia,izommrendellenesség okozta ataxia
amyotrophia,izomsorvadás
anabiosis,anabiózis
anabolicus,felépítő
anabolismus,építő anyagcsere
anaciditas,gyomornedv savtalansága
anacusis,süketség
anadipsia,erős szomjúság
anaemia,vérszegénység
anaemia haemolytica congenita,vörösvérsejtpusztulás okozta veleszuletett vérszegénység
anaemia haemorrhagica,vérveszteség okozta vérszegénység
anaemia neonatorum,csecsemők vérszegénysége
anaemia perniciosa,vészes vérszegénység
anaemia posthaemorrhagica,vérvesztést okozta vérszegénység
anaemia sideropenica,vashiány okozta vérszegénység
anaerob,levegő kizárásával végbemenő
anaerobiosis,élet légmentes környezetben
anaerostat,levegő nélküli
anaesthesia,érzéstelenítés
anaesthesia basalis,alapérzéstelenítés
anaesthesia caudalis,kaudális anesztézia (gerincvelőbe jutttatott érzéstelenítés) epidurális
anaesthesia centralis,altatás
anaesthesia dolorosa,érzéstelenítés utáni fájdalom
anaesthesia epiduralis,epidurális (gerincvelőbe jutttatott) érzéstelenítés
anaesthesia facialis,Arc érzéstelensége
anaesthesia gustatoria,ízérzéstelenség
anaesthesia intraneuralis,idegérzéstelenítés
anaesthesia intratrachealis,Altatás légcsőn keresztül
anaesthesia localis,helyi érzéstelenítés
anaesthesia lumbalis,ágyéki érzéstelenítés
anaesthesia parasacralis,keresztcsont körüli érzéstelenítés
anaesthesia partialis,részleges érzéstelenítés
anaesthesia periduralis,dura körüli érzéstelenítés
anaesthesia rectalis,érzéstelenítés végbélen keresztül
anaesthesia sacralis,keresztcsonti érzéstelenítés
anaesthesia sacralis,szakrális anesztézia
anaesthesia spinalis,gerincvelői érzéstelenítés
anaesthesia totalis,teljes érzéstelenség
anaesthesiologia,érzéstelenítéssel és érzéstelenítőszerekkel foglalkozó tudományág
anaesthesiologus,altatóorvos
anaesthetica,érzéstelenítőszerek
anaesthetica generalia,általános érzéstelenítők
anaesthetica localia,helyi érzéstelenítők
anaestheticum,érzéstelenítőszer
"anaestheticum, anaesthetica",anesztetikum
anaesthetiea generalia,altatószer
anafilaktoid,anafilaxiához hasonló
anafilaxia,heves túlérzékenységi reakció
analeptica,központi idegrendszert izgató szerek
analepticum,központi idegrendszert izgató szer
analgaesia,"fájdalomcsillapítás, fájdalommentesség (pl. műtétek során nem elég csak a beteg elaltatása, fájdalmat is csillapítani kell)"
analgetica,fájdalomcsillapítók
analgeticum,fájdalomcsillapító
analgeticus,fájdalomcsillapító
analis,"anális, végbélnyílással kapcsolatos"
analysatori neurales,ideg elemzők
analysis,"analízis, elemzés"
analysis laboratorica,laboratóriumi elemzés
anamnesis,anamnézis
anamnesis,"kórelőzmény, kórtörténet"
anancasticus,kényszeres
anaphrodisiaca,nemi inger csillapító
anaphylactogen,heves túlérzékenységet indukáló
anaphylaxia,heves túlérzékenységi reakció
anasarca,bőr alatti vizenyő
anasztomózis,"összeköttetés, sebészi úton történő összeköttetés (pl. erek vagy bélszakaszok között)"
anatomia,bonctan
anatomia comparativa,összehasonlító anatomia
Anatomicus,Anatómiai
anconagra,könyökízület köszvénye
anconeus,könyökfeszítő izom
Ancylostoma duodenale,bányaféreg
andr-,férfi
androgen,androgén
androtrichia,férfias szőrzet nőn
anencephalia,agyvelő hiánya
anesztézia,a sebészi beavatkozások során létrejövő alvás és fájdalommmentesség
aneszteziológus,"azok az orvosok és szakdolgozók, akik létrehozzák a betegben az anesztéziát"
aneurizma,"az érfal (vagy a szívizom) elvékonyodott, kiboltosuló része"
aneurysma cerebralis,agyi értágulat
aneurysma circumscripta,ér körülírt kiöblösödése
aneurysma dissecans,érfalbevérzés okozta értágulat
angiectasis,értágulat
angiitis,érgyulladás
angina,"torokgyulladás, szorongató fájdalom"
angina animi,halálérzet
angina catarrhalis,hurutos garatgyulladás
angina pectoris,"szívtáji fájdalom, szorító mellkasfájdalom"
angina pectoris sine dolore,halálérzet
angina simplex,garatnyálkahártya gyulladása
angina ulcero-membranosa,fekélyes- álhártyás torokgyulladás
angio-,"ér-, erekkel kapcsolatos"
angiofibrosarcoma,rostos érhúsdaganat
angiogenesis,"érképződés, vérellátás kialakulása"
angiográfia,"""érfestés"", az erek kontrasztanyag intravénás adásával láthatóvá válnak röntgensugár alatt"
angiolipoma,"érzsírdaganat, nem rosszindulatú érzsírdaganat"
angiolith,érkő
angiologia,értan
angioma,érdaganat
angiomalacia,érfallágyulás
angiomatosis,töbszörös érdaganat
angioparalysis,érbénulás
angioparesis,ér vazomotoros bénulása
angiopathia,érbántalom
angiopathia diabetica,cukorbetegség okozta érbetegség
angiopathia retinae hypertonica,magas vérnyomás okozta szemfenék érbetegség
angioplastica,érplasztika
angiorrhexis,érszakadás
angiosarcoma,érhúsdaganat
angiosclerosis,érkeményedés
angiostenosis,érszűkület
angitis,érgyulladás
angor animae,beteges félelem a haláltól
anguillula stercoralis,fonálféreg
angularis,sarki
angulatio ureteris,húgyvezeték szögletes megtörése
angulus,szöglet
angulus costae,bordaszöglet
angulus infectiosus,fertőzött szájzúg
angulus infectiosus,száji kipállás
angulus iridocornealis,csarnokzúg
angulus pontocerebellaris,kisagy-híd szög
angulus pubis,szeméremszöglet
angulus sterni,szegycsonti szöglet
angulus visus,látásszög
angustia,szűkület
angustia aortica,nyelőcsőszűkület az aortánál
angustifolius,szorongó
anhydraemia,vérbesűrűsödés
anhydramnion,magzatvíz hiánya
anhydricus,vízmentes
anilinum,anilin
animalia,állatok
animatio suspensa,látszólagos halál
aniridia,szivárványhártya hiánya
Anisati stellati fructus,csillagánizs termése
Anisi fructus,ánizs termése
anismus,fájdalmas székletürítés
anisocoria,egyenlőtlen pupillák
anisocytosis,anizocitózis
anisomicrocytosis,különböző nagyságú kis sejtek a vérben
anisopoikilocytosis,eltérő méretű és formájú vörösvérsejtek
anisum stellatum,csillagos ánizs
anisum vulgare,közönséges ánizs
ankyloblepharon,szemhéjösszenövés
ankyloglossia,nyelvlenövés
ankylosis,merev izület
ankylosis temporomandibularis,állkapocsizület összenövése
anodontia,fogcsírahiány
anodontia partialis,"részleges fogcsírahiány, nagyobb fogcsoport hiánya"
anodontia totalis,teljes fogcsírahiány
anodontia vera,minden fog csírahiánya
anomalia,"anomália, a normáltól eltérő"
anonymus,ismeretelen
anoophoria,petefészek hiánya
anopheles maculipennis,foltos maláriaszúnyog
anopia,szem hiánya
anopsia,vakság
anorectalis,végbélnyíláshoz és végbélhez tartozó
anorexia,"evészavar, lelki eredetű étvágytalanság"
anorexia nervosa,lelki eredetű étvágytalanság
anorexigen,éhségérzet-csökkentő
anorgasmus,kéjérzés hiánya
anosmia,szaglásérzés hiánya
anostosis,csontfejlődés zavara
anotia,fül hiánya
anovaria,petefészek hiánya
anoxia,oxigén nélküli állapot
ansa,"kapcsolat, hurok, nyél"
ansa Henlei,Henle-féle kacs
ansa intestinalis,bélkacs
ansa nephroni,Henle-féle kacs
ansa umbilicalis,köldökhurok
anserinus,libával kapcsolatos
ant(i)-,ellen-
antacidum,savközömbösítők
antagonismus,ellentétesség
Antagonista,"ellentétesen működő, ellentétes"
ante,valami előtt
ante cibum,evés előtt
ante meridiem,reggel
ante mortem,halál előtt
ante partum,születés előtt
antebrachium,alkar
antefléxio,előrehajlás
antenatalis,születés előtti
antenna,csáp
antepositio,elhelyezkedés elöl
anterior,elülső
anterior dexter,jobb mellső
anterius,elülső
antevérsio,szerv előredőlése
anthracosis,bányásztüdő
anthrax,lépfene
anthropo-,ember-
anti-,elleni-
antiallergicum,allergia ellenes gyógyszer
antianaemicum,szegényvérűség elleni gyógyszer
antiasthmaticum,asztma elleni szer
antibacterialis,baktériumellenes
antibiosis,kapcsolat organizmusok között
antibiotica,antibiotikumok
antibiotikum,baktériumok okozta fertőzések kezelésére való gyógyszer
anticancerosus,rákellenes
anticoagulans,véralvadást gátló gyógyszer
anticonceptio,fogamzásgátlás
anticoncipiens,fogamzásgátló
antidiabetica,cukorbetegség elleni szerek
antidiureticum,vizeletképzést csökkentő szer
antidiureticus,vizelet képzését csökkentő
antidotum,ellenszer
antiemetica,hányást megelőző szerek
antiemeticum,hányás elleni szer
antiepileptica,epilepsziaellenes szerek
antiepilepticum,epilepsziaellenes szer
antifebrile,lázcsillapító
antifibroticus,antifibrotikus
antihipertenzívum,vérnyomáscsökkentő gyógyszer
antihistaminica,hisztaminhatást gátló szerek
antihistaminicum,hisztaminhatást gátló szer
antihoralis,óramutató járásával ellentétes irányú
antihormon,hormon hatását gátló
antihypnoticus,alvásgátló
antineuralgica,idegfájdalom elleni szerek
antiparallel,ellentétes
antiparalyticus,bénulásellenes
antiparasitica,élősdi elleni szerek
antiparasiticum,élősködő elleni szer
antipathia,ellenszenv
antiperistaltica,ellenkező irányú bélmozgás
antiphlogisticus,gyulladásgátló
antipruritica,viszketéscsillapítók
antipruriticum,viszketéscsillapító
antipyretica,lázcsiliapító szerek
antipyreticum,lázcsillapító
antirheumaticum,reuma elleni szer
antisepticum,fertőtlenítőszer
antispasmodica,görcsoldó szerek
antispasmodicus,görcsoldó
antistreptolysin,antisztreptolizin
antitest,"speciális fehérje, amely felismeri a szervezetbe jutott károsító anyagokat (pl. vírusok), segítve az immunrendszer pusztító folyamatait"
antitussiva,köhögéscsillapító szerek
antitussivum,köhögéscsillapító szer
antitussivus,köhögésoldó
antivitamin,vitaminsemlegesítő
antrum,üreg
antrum pyloricum,pylorus feletti tágult rész
anularis,gyűrűalakú
anulus,gyűrű
anulus fibrosus,rostporcos gyűrű
anuria,nincs vizelet
anus,végbélnyílás
anus atresia,Ectopiás végbélnyílás
anus praeternaturalis,mesterséges végbélnyílás
anus praeternaturalis definitivus,végleges mesterséges végbélnyílás
anxietas,"félelemérzet, szorongás"
anxiolytica,szorongást elleni szerek
anxiosus,szorongó
aorta,"főütőér, mely a szívből az oxigéndús vért szállítja a szervek felé"
aorta abdominalis,hasi aorta
aorta ascendens,felszálló aorta
aorta descendens,leszálló aorta
aorta dissectio,aorta disszekció
aorta stenosis,főütőér szűkület
aorta thoracica,mellkasi aorta
aortalgia,főverőértájéki fájdalom
aortasztenózis,a főütőér billentyűjének szűkülete
aortectasia,az aorta tágulata
aortectomia,aorta egy részének műtéti eltávolítása
aortitis,főverőér gyulladása
aortitis luetica,szifiliszes aortagyulladás
aortitis rheumatica,reumatikus aortagyulladás
aortographia,aorta kontrasztanyagos röntgenfelvétele
aortolith,aortakő
aortomalacia,főverőér lágyulása
aortopathia,aortabántalom
aortopathia,aortabetegség
aortorrhaphia,főverőér műtéti varrata
aortosclerosis,aorta-elmeszesedés
aortostenosis,főverőér-szűkület
aortotomia,főverőér műtéti metszése
apathia,közöny
apepsia,emésztés hiánya
apertura,nyílás
apertura lateralis ventriculi quarti,Luschka nyílás
apertura mediana ventriculi quarti,Magendie nyílás
apertura nasi externa,orrlyukak
apertura piriformis,csontos orrnyílás
apertus,nyílt
apex,Csúcs
apex cordis,szívcsúcs
apex dentis,fogcsúcs
apex linguae,nyelvcsúcs
apex nasi,orrcsúcs
apex radicis,gyökércsúcs
apex radicis dentis,foggyökércsúcs
aphagia,nyelési nehézség
aphakia,a szemlencse hiánya
aphonia,hangadási képtelenség
apicalis,Fog gyökerének csúcsa felé tekintő irány
apicectomia,foggyökér műtétí eltávolítása
apicitis,csúcs gyulladása
apicolysis,csúcsleválasztás
apicotomia,gyökércsúcscsonkolás
apis,méh
apituitarismus,a hypophysis működéskiesése
apium graveolens,zeller
aplanaticus,lencsehibát korrigáló
aplasia,fejlődés elmaradása
aplasia nervi optici,látóideg fejlődés elmaradása
apnea,légzésmegállás
apnoe neonatorum,újszülött légzésmegállása
apodia,láb hiánya
apokrin,elválasztó
apomorphinum hydrochloratum,sósavas apomorphin
aponeurosis,aponeurózis
aponeurosis,"bőnye, izmok közötti kötőszövet"
aponeurosis,lapos íny
aponeurosis palmaris,inas lemez
apoplectiformis,agyvérzés-szerű
apoplectiformis,gutaütésszerű
apoplexia,"agyvérzés, szélütés"
apoplexia cerebri,agyvérzés
apoplexiformis,agyvérzés-szerű
apoptosis,fiziológiás sejthalál
apostema,"gennyel telt üreg, tályog"
apostematosus,tályogos
apparatus,műszer
apparatus genitalis,ivarszervek
apparatus juxtaglomerularis,juxtaglomeruláris készülék
apparatus lacrimalis,könnykészülék
apparatus respiratorius,légzőrendszer
apparatus suspensorius lentis,szemlencsefüggesztők
apparatus urogenitalis,húgy- és ivarszervek
appendectomia,a vakbél sebészi eltávolítása
appendices,függelékek
appendices atriales,pitvarfüggelék
appendices epiploicae,vastagbél-serosa kettőzete
appendices vermiformis,féregnyúlvány
appendicitis,féregnyúlvány gyulladás (vakbélgyulladás)
appendicitis acuta,heveny féregnyúlványgyulladás
appendicitis apostematosa,tályogos féregnyúlványgyulladás
appendicitis fulminans,gyorsan lezajló féregnyúlványgyulladás
appendicitis gangraenosa,üszkös féregnyúlvány-gyulladás
appendicitis granulosa,sarjas féregnyúlvány-gyulladás
appendicitis perforativa,átfúródásos féregnyúlvány-gyulladás
appendicitis suppurativa,gennyes féregnyúlvány-gyulladás
appendicitis ulcerosa,fekélyes féregnyúlvány-gyulladás
appendicolithiasis,kőképződés a féregnyúlványban
appendicopathia,féregnyúlvány-bántalom
appendicularis,függelékhez tartozó
appendieularis,függeléki
appendix,"féregnyúlvány, függelék"
appendix vermiformis,féregnyúlvány
apperceptio,érzéki benyomások felfogása
appetitus,étvágy
appositio,rárakódás
approximalis,"megközelítő, szomszédos fog felé tekintő"
approximativ,megközelitő
aptyalismus,Nyálhiány
apyrexia,láztalanság
aq.,hidro-
aqua,víz
aqua calcis,meszes víz
aqua carminativa,szélhajtó víz
aqua corporis,testvíz
aqua destillata,desztillált víz
aqua plumbica,higított aljas ecetsavas ólom-oldat
aquaeductus cerebralis,agyi vízvezeték
aquaeductus vestibuli,pitvarcsatorna
aquisitus,szerzett
arachis hypogea,földimogyoró
arachnitis,arachnoidea (agyhártya) gyulladása
arachnodactylia,"keskeny és hosszú ujjak, pókujjasság"
arcuate,hajlított
arcus,ív
arcus alveolaris,felső fogmedri ív
arcus aortae,aortaív
arcus costalis,bordaív
arcus dentalis,fogív
arcus dentalis inferior,alsó fogsor
arcus dentalis superior,felső fogsor
arcus hyoideus,nyelvalatti ív
arcus mandibularis,állkapcsi ív
arcus pubis,szeméremív
arcus vertebrae,csigolyaív
arcus zygomaticus,járomív
cysta maxillae,arcüregi cysta
ardor urinae,égő húgyút
ardor ventriculi,gyomorégés
ARDS,felnőttkori légzés distress syndroma
area,terület
area olfactoria,szagló agykérgi mezők
area praeoptica,preoptikus terület
Arecae semen,arekadió
areflexia,reflexek hiánya
areola,"kis terület, udvar"
areola mammae,emlőbimbóudvar
argentum nitricum crystallisatum,jegecedett légenysavas ezüst
arrhythmia absoluta,abszolút ritmuszavar
arrhythmia respiratoria,légzés okozta szabálytalan szívverés
arritmia,szívritmuszavar
arrosio,kimaródás
Arteri-,Verőér
arteria,"artéria, verőér, az oxigéndús vért szállító erek megnevezése"
arteria axillaris,hónaljartéria
arteria basilaris,agyalapi verőér
arteria brachialis,felkarverőér
arteria carotis,nyaki verőér
arteria carotis communis,közös fejverőér
arteria carotis communis dextra,jobb közös fejverőér
arteria carotis communis sinistra,bal közös fejverőér
arteria carotis externa,külső fej verőér
arteria carotis interna,belső fej verőér
arteria coronaria,koszorúartériák
arteria coronaria cordis,szívkoszorúér
arteria coronaria cordis dextra,jobb koszorúér
arteria coronaria cordis sinistra,bal koszorúsér
arteria femoralis,combverőér
arteria hepatica,májartéria
arteria iliaca communis,közös csípőverőér
arteria iliaca externa,külső csípőverőér
arteria interlobaris,lebenyek közötti artériaágak
arteria interossea,csontközi verőér
arteria lienalis,lép artéria
arteria maxillaris,állcsonti artéria
arteria meningealis,agyhártya-artéria
arteria mesenterica,bélfodor verőér
arteria mesenterica inferior,alsó bélfodri verőér
arteria ophthalmica,szemverőér
arteria poplitea,térdhajlati verőér
arteria profunda penis,penis fő artériája
arteria pulmonalis,tüdőartéria
arteria renalis,veseartéria
arteria splenica,lép artéria
arteria subclavia,kulcscsont alatti verőér
arteria subscapularis,lapocka alatti verőér
arteria temporalis,halánték verőere
arteria tibialis posterior,hátsó sípcsonti verőér
arteria ulnaris,singcsonti verőere
arteria umbilicalis,köldök artéria
Arteria vaginalis,hüvelyi ütőér
arteria vertebralis,csigolyaartéria
arteriae,verőerek
arteriae cerebrales,agyerek
arteriae coronariae cordis,szívkoszorúerek
arteriae coronariae dextra,jobb koszorús verőerek
arteriae coronariae dextra et sinistra,jobb és bal koszorús verőerek
arteriae coronariae sinistra,bal koszorús verőerek
arteriae epigastricae,gyomorfölötti ütőerek
arteriae meningeae,agyhártyaütőér
arteriae umbilicales,köldök verőerei
arterialis,verőérrel kapcsolatos
arteriitis,verőérgyulladás
arteriitis temporalis,óriássejtes-artéria-gyulladás
arteriola,kis artéria
arteriolae,kis verőerek
arteriolonecrosis,arteriolaelhalás
arteriomalacia,verőérfal lágyulása
arterionecrosis,verőérelhalás
arteriorrhexis,verőérfal-szakadás
arteriosclerosis,arterioszklerózis
arteriosclerosis,érelmeszesedés
arteriosclerosis cerebralis,agyi érelmeszesedés
arteriosclerosis cerebri,agyi verőerek elmeszesedése
arteriosclerosis obliterans,elzáródással járó verőér-keményedés
arteriosclerosis renis,veseér-elmeszesedés
arteriosclerosis senilis,öregkori érelmeszesedés
arteriospasmus,verőérgörcs
arteriostenosis,verőérszűkület
arteriosus,"artériás, ütőeres"
arterioszklerózis,"érelmeszesedés (az erek falában mész rakódik le, így az erek elvesztik rugalmasságukat, sérülékenyebbé válnak, megnő a kockázata a szívinfarktusnak és az agyvérzésnek)"
arteriovenosus,artériás-vénás
arteriovenosus anastomosis,artéria és véna közötti összeköttetés
arteritis,artéria gyulladás
arteritis gummosa,szifiliszes verőérgyulladás
arteritis obliterans,elzárodásos verőérgyulladás
arteritis temporalis,halánték verőereinek gyulladása
arteritis ulcerosa,fekélyes verőérgyulladás
arthralgia,izületi fájdalom
arthralgia saturnina,ízületi fájdalom ólommérgezésnél
arthritis,izületi gyulladás
arthritis deformans,reumatoid artritisz
arthritis gonococcica,gonorreás ízületi gyulladás
arthritis parulenta,gennyes ízületi gyulladás
arthritis tempomandibularis acuta,heveny állkapocsízületi gyulladás
arthritis urica,Köszvény
arthro-,"ízületi-, ízülettel kapcsolatos"
arthrolith,ízületkő
arthrologia,izülettan
árthron,izület
arthropathia,izületi megbetegedés
arthropathia neuropathica,idegbetegség okozta ízületi gyulladás
arthroscopia,ízülettükrözés
arthrosis,artrózis
articul-,ízületi
Articulatio,Ízület
articulatio composita,összetett ízület
articulatio coxae,csípőízület
articulatio cubiti,könyökízület
articulatio digiti,kézujj izület
articulatio ellipsoidea,tojásízület
articulatio femoropatelallaris,femuro-patelláris ízület
articulatio genus,térdízület
articulatio humeri,vállizület
articulatio laxa,laza ízület
articulatio plana,csúszóízület
articulatio radiocarpalis,kézcsuklóízület
articulatio radiocarpalis,csuklóízület
articulatio radiocarpea,kéz-csukló ízület
articulatio sacroiliaca,medenceízület
articulatio sacroiliaca,szakroiliakális-ízület
articulatio sellaris,nyeregízület
articulatio simplex,egyszerű ízület
articulatio subtalaris et talocalcaneonavicularis,alsó ugróízületek
articulatio talocruralis,bokaízület
articulatio temporomandibularis,halántékcsonti-állkapcsi izület
articulationes,izületek
articulationes carpales,kézfeji izületek
articulationes intercarpales,kéztőcsontok közötti ízületek
articulationes interphalangeae,ujjpercek közötti ízületek
articulationes metacarpophalangeae,kézközép-ujj ízületek
articulationes pedis,lábfejizületek
arytaenoidectomia,kannaporc műtéti eltávolítása
arytenoiditis,kannaporcgyulladás
asbestosis,azbesztózis
Ascaris lumbricoides,orsóféreg
Ascaris trichiura,ostorféreg
ascendens,felhágó
ascites,"hasvízkór, hasvíz"
ascites chylosa,chyluszt tartalmazó vizenyő
ASCUS,ismeretlen jelentőségű atípusos laphámsejt
ASD,szívpitvarok közötti sövény defektus
asepsis,"csírátlanítás , fertőzésmentesség"
asepticus,baktérium-mentes
ASO,arteriosclerosis obliterans
asp,aszparaginsav
aspectus,Nézet
asperitas,érdesség
asphyxia neonatorum,csecsemőálhalál
aspiratio,"belégzés, beszippantás (pl. idegen testet a tüdőbe)"
aspiratio corporis alieni,idegentest belégzése
aspiratio fluidi amniotici,magzatvíz belégzése
aspiratio meconii,magzatszurok belégzése
aspiratio muci vaginae,hüvelynyák belégzése
associatio,összeköttetés
astasia abasia,hisztériás járási képtelenség
asteatosis,faggyúmirigy működési hiánya
asthenia,erőtlenség
asthenopia accommodativa,musculus ciliaris gyengesége
asthma,"asztma, nehézlégzés"
asthma allergicum,allergiás asztma
asthma bronchiale,tüdőaszthma
asthma cardiale,szívasztma
astigmatismus,szemtengely-ferdülés
astigmia,szemtengelyferdülés
astraphobia,beteges iszony vihartól
astrocyti,neuroglia
astrocytoma,csillagsejtes agydaganat
astrocytoma juvenile,fiatalkori csillagsejtes daganat
asylum dementia,elszigeteltség okozta elbutulás
ataraxia,teljes lelki nyugalom
ataxia,mozgás koordinációjának a hiánya
ataxia literalis,hangtévesztés beszédben
atelectasia,tüdőlégtelenség
atelectasia partialis,részleges tüdőlégtelenség
atelectasia pulmonum,tüdő légtelensége
atelocheilia,ajak fejlődési hibája
ateloglossia,nyelv fejlődési hibája
atelomyelia,gerincvelő fejletlensége
ateroma,kásadaganat
atherogenesis,aterogenézis
atheroma,kásadaganat
atheromatosis,artériafal-megvastagodás
atherosclerosis,elmeszesedés
athetoid,athetosishoz hasonló
athetosis,kényszerű végtagmozgás
athrepsia,csecsemőkori sorvadás
athrophia cerebri,agysorvadás
athrophia cutis,bőrsorvadás
athrophia hepatis,májsorvadás
athrophia musculorum,izomsorvadás
athrophia uteri,méhsorvadás
atlas,első nyakcsigolya
atlas antis,I. nyakcsigolya
atonia,tónushiány
atonia coli,vastagbélrenyheség
atonia intestinalis,bélpangás
atonia uteri,méhpetyhüdtség
atonia vesicae urinariae,húgyhólyagpetyhüdtség
atopia,allergiás túlérzékenység
atraumatikus,nem sérülés okozta
atresia,elzáródás
atresia meatus acustici,hallójárat hiánya
atresia meatus ossei,csontos hallójárat elzáródása
atresia nasi,orrüreg-elzáródás
atresia tracheae,légcső nyíláshiánya
atrézia,valamely szerv nem megfelelő (csökevényes) kifejlődése
atria cordis,szívpitvarok
atrial fibrillation,pitvari fibrilláció
atrialis,pitvari
atrichia,"hajhiány, szőrtelenség"
atriculationes pedis,láb ízületei
atrio-,pitvarral kapcsolatos
atrioventricularis,pitvar-kamrai
atrium,"átrium, pitvar, szívpitvar, csarnok"
atrium cordis,szívpitvar
atrium cordis dextrum,jobb szívpitvar
atrium cordis sinistrum,bal szívpitvar
atrium dextrum,jobb pitvar
atrium sinistrum,bal pitvar
atrophia,sorvadás
atrophia alveolaris,fogmeder sorvadása
atrophia cerebri,agysorvadás
atrophia cerebri et cerebelli,agy és kisagy sorvadása
atrophia corticalis,kéregsorvadás
atrophia cutis,bőrsorvadás
atrophia ductus deferentis,ondóvezeték-sorvadás
atrophia endometrii,méhnyálkahártya-sorvadás
atrophia funiculi spermatici,ondózsinór-sorvadás
atrophia glandulae salivaris,nyálmirigysorvadás
atrophia hepatis,májsorvadás
atrophia hepatis flava,sárga májsorvadás
atrophia hepatitis,májsorvadás
atrophia musculorum,izomsorvadás
atrophia myometrii,méhizomzat-sorvadás
atrophia nervi optici,látóideg-sorvadás
atrophia pancreatis,hasnyálmirigy-sorvadás
atrophia prostatae,prosztatasorvadás
atrophia renis,vesesorvadás
atrophia senilis,öregkori sorvadás
atrophia testis,heresorvadás
atrophia thyreoideae,pajzsmirigysorvadás
atrophia uteri,méhsorvadás
atrophia vaginae,hüvelysorvadás
atrophia vulvae,külső női nemi szervek sorvadása
atrophoderma maculatum,foltos bőrsorvadás
atropinum sulfuricum,kénsavas nadragulya
atypicus,"abnormális, nem tipikus, rendellenes, szabályostól eltérő"
audio,hallani
audiogram,hallásélesség vonalgörbéje
audiologia,hallástan
audiologus,audiológus
audiometer,hallásmérő
audiometria,hallásvizsgálat
auditivus,hallással kapcsolatos
auditus,hallás
aura,"betegséget előrejelző állapot, előjel"
aureus,arany-
auricula,"fül, fülkagyló, külső fül"
auricula atrii dextri,jobb fülcse
auricula atrii sinistri,bal fülcse
auricula cervicalis,nyaki fülcimpa
auricula dextra,jobb fülcse
auricularis,füles
áuris,fül
auris dextra,jobb fül
auris externa,külső fül
auris interna,belső fül
auris media,középfül
auristillae,fülcseppek
aurum,arany
auscultare,meghallgat
ausculto,meghallgatni
auto-,"saját, önmaga, az adott egyedből származó"
autoclav,gőzsterilizátor
autohaemolysis,vörösvérsejtek önfeloldódása
autoimmunitas,autoimmun
autoinfectio,önfertőzés
autoinspectio,önvizsgálat
autointoxicatio,önmérgezés
autolysis,"önmegemésztés, önlebomlás"
automatismus,automatikus cselekvés
automatismus ambulatorius,öntudat nélküli járás
Autonom inälvsnervfläta,prevertebrális plexus-képződmények
autonomicus,autonóm
autopathia,idiopátia
autopepsia,önemésztődés
autophobia,egyedüllétiszony
autophobia,kóros félelem az egyedülléttől
autopsia,boncolás
autoregulatio,autoregulácio
autosom,autoszóm
auxiliáris,segítő anyag
avis,madár
avitaminosis,vitaminhiány
axanthopia,sárgaszíntévesztés
axerophthol,A-vitamin
axialis,"axialis, tengely körüli, tengelyirányú"
axilla,hónalj
axillaris,hónaljjal kapcsolatos
axis,"második nyaki csigolya, tengely"
axis is,II. nyakcsigolya
axis pelvis,medencetengely
axon,idegnyúlvány
axona,idegnyúlványok
axonreflex,idegrostok közötti reftexív
babesiosis,babeziózis
bacil-,bacilus
bacillaris,bacillusos
bacilli medicinales,gyógyszeres pálcikák
bacilliformis,pálcika-alakú
bacillus,bacilus
bacillus medicinalis,gyógyszeres pálcika
bacter-,baktérium
bacteraemia,baktériumvérűség
bacteria,baktériumok
bacteriaemia,baktériumvérűség
bacterialis,baktérium okozta
bacterio-,baktérium-
bacteriocultura,baktériumtenyészet
bacteriogen,baktérium eredetű
bacteriologia,baktériumfajokkal foglalkozó tudomány
bacteriolysin,baktériumsejtet oldó anyag
bacteriolysis,baktériumoldás
bacteriolyticus,baktériumoldó
bacteriophag,baktériumot pusztító vírus
bacteriostasis,baktérium szaporodásának gátlása
bacteriotoxin,baktériumméreg
bacteriuria,baktérium-vizelés
balanitis,makkgyulladás
balanitis diabetica,makkgyulladás cukorbetegeknél
balanitis infectiosa,fertőző makkgyulladás
balanitis xerotica obliterans,száraz elzáró makkgyulladás
Balantidium coli,balantidiasis kórokozója
ballistocardiography,szívvizsgálat típusa
"balneotherapia, hydrotherapia",fürdőkúra
balneum,gyógyfürdő
balneum pneumaticum,légfürdő
balsamum copaivae,kopaivabalzsam
balsamum peruvianum,perui balzsam
balsamum tolutanum,tolui balzsam
balsamum vitae hoffmanni,hoffmann életbalzsama
bandage plastrum,kötöző-anyag
barba,szakáll
barbatus,bajuszos
barbituralismus,barbituralizmus
barbituratum,barbiturátum
basalis,"alapi, alappal kapcsolatos"
basi-,alappal kapcsolatos
basicranialis,koponyaalapi
basidiomycetes,bazídiumos gombák
basilaris,agyalapi
basio-,alappal kapcsolatos
basis,alap
basis cerebri,agyalap
basis cordis,szívalap
basis cranii,koponyaalap
basis cranii externa,külső felszín
basis pulmonis,tüdő alapja
basium,csók
baso-,alappal kapcsolatos
basocellularis,alapsejtes
basophil,lúgos festékekkel festődő
basophilia,lúgos festékekkel jól festődő
basophobia,járásiszony
bathophobia,mélységiszony
bathyanaesthesia,mélyérzés hiánya
bathyhypaesthesia,csökkent mélyérzés
belladonna,nadragulya
benignus,jóindulatú (pl. daganat)
benzinum,benzin
benzoë,benzoegyanta
benzolum,benzol
berberin,borbolyaal
betainum hydrochloricum,betain-klorid
betamethasonum,egyfajta gyulladáscsökkentő szteroid
bibirinum sulfuricum,kénsavas bibirin
bicephalus,kétfejű
biconcavus,mindkét oldalán homorú
bicuspidalis,"kétcsúcsú, kéthegyű"
bifida,hasadt
bífidus,kettéhasadt
bifurcatio,villa alakú elágazódás
bifurcatio aortae,aorta-bifurkáció
bifurcatio tracheae,légcső-kettéágazódás
bifurcatus,"kettéágozó, villás"
bigeminia,érverés kettőzöttsége
bigeminus,iker
bihemisphaerialis,kétféltekéjű
bikuszpidális billentyű,a jobb pitvart és a jobb kamrát elválasztó billentyű
bilateralis,"kétoldali, mindkét oldalon"
bilateralis symmetria,kétoldali részarányosság
Bilharsiasis,"Schistosoma-fertőzés, vérmételybetegség"
biliaris,epével kapcsolatos
bilifer,epét vezető
biligenesis,epetermelés
biliosus,epés
"biliosus, biliaris, felleus",epével kapcsolatos -
bilirubinaemia,epefesték vérűség
bilirubinuria,epefesték vizelés
bilis,epe
bilocularis,kétkamrás
biopsia cutis,bőrbiopszia
biopszia,"diagnosztikai eljárás, melynek során a szervezetből szövetdarabokat távolítanak el"
bipartitus,két részre osztott
bipennatus,kéttollú
bipolaris,kétpólusú
bismuthum subnitricum,aljas légenysavas bismut
biventer,kéthasú
blast,Csíra
blastema,csíraanyag
blastocoelon,"barázdálódási üreg, csírahólyag ürege"
blastocysta,hólyagcsíra
blastoma,valódi daganat
blastomycetes,sarjadzógombák
blastula,hólyagcsíra állapotú embrió
blenn-,Nyálka
blennorhoea,váladékfolyás
blennorhoea neonatorum,csecsemők hurutos folyása
blennorhoea umbilici,köldök hurutos folyása
blepharadenitis,Meibom-mirigyek (szemhéjmirigyek) gyulladása
blepharitis,szemhéjgyulladás
blepharo-,szemhéj-
blepharoconjunctivitis,szemhéjgyulladás és kötőhártya-gyulladás
blepharomalacia,szemhéjlágyulás
blepharoplastica,szemhéjplasztika
blepharoptosis,szemhéjsüllyedés
blepharospasmus,szemhéjgörcs
blepharostenosis,szemhéjszűkület
blind intestine,vakbél
b-lymphocyti,B-fehérvérsejtek
bohemicus,cseh
bolus armena,örmény agyag
boraxatus,boraxot tartalmazó
borborygmus,bélkorgás
Borrelia,Borrelia
botanica,növénytan
Bothriocephalus latus,Gödrös fejű galandféreg
botulismus,bénulásos betegség
Brachi-,Kar
brachialgia,karfájdalom
brachialis,karral kapcsolatos
brachiocephalicus,felkar-feji
Brachium,"kar, felkar"
brachium conjuctivum,összekötő kar
brachium pontis,hídkar
brachy-,rövid-
brachycephalia,rövid fej
brachydactylia,rövidujjúság
brachymetropia,rövidlátás
bradikardia,lassú pulzus
brady-,lassú-
bradycardia,"lassú szívműködés, lassú pulzus"
bradykinesia,mozgás lassúsága
bradylexia,olvasás lassúsága
bradymenorrhoea,elhúzódó havi vérzés
bradypepsia,lassú emésztés
bradyphagia,kórosan lassú evés
bradyphrenia,lassú gondolkodási folyamat
bradypnoe,lassú légzés
bradypsychia,lelki és a motorikus reakciók kóros lassúsága
Brassica nigra,fekete mustár
breve,rövid
bronchadenitis,hörgőmirigy-gyulladás
bronchi,hörgők
bronchialis,hörgővel kapcsolatos
bronchiectasia,hörgőtágulat
bronchiolitis,bronchiolitis
bronchiolitis catarrhalis,hurutos hörgőcske-gyulladás
bronchiolus,hörgőcske
bronchiolus alveolaris,légzőág
bronchiolus terminalis,kis légcsőág
bronchitis,hörghurut
bronchitis allergica,allergiás hörghurut
bronchitis catarrhalis,váladékos hörghurut
bronchitis foetida,gennyes hörghurut
bronchitis necrotisans,elhalásos hörghurut
bronchitis obstructiva,légutat elzáró hörghurut
bronchitis ulcerosa,fekélyes hörghurut
bronchoadenitis,hörgőmirigy-gyulladás
bronchobiliaris,légutakal és epeutakkal kapcsolatos
bronchodilatancium,hörgőtágító
bronchodilatátor,hörgőtágító gyógyszer
bronchogen,hörgő eredetű
bronchopleuralis,hörgőhöz és mellhártyához tartozó
bronchopneumonia,légcső és tüdőgyulladás
bronchospazmus,hörgőgörcs
bronchospirometria,egyik tüdőfél vitálkapacitásának
bronchostenosis,hörgőszűkület
bronchotrachealis,hörgőkhöz és a légcsőhöz tartozó
bronchus,hörgő (a tüdőben lévő közepes méretű hörgő)
bronchus lobaris,lebenyi hörgő
bronchus principalis,főhörgő
bronchus principalis dexter,jobb főhörgő
Bronchus principalis dexter (sinister),Jobb (bal) főhörgő
bronchus principalis sinister,bal főhörgő
bruxizmus,fogcsikorgatás
bucca,arc
buccalis,Fogíven kívüli felszín (orcatájéki)
buccinator,Pofa(izom)
buccinatorius,archoz tartozó
buccula,"áll, toka"
bulbaris,Nyúlt velőhöz tartozó
bulbitis,bulbus urethrae gyulladása
bulboscopia,nyombéltükrözés
bulbourethralis,bulbus urethrae-hez tartozó
búlbus,"csomó, dudor, duzzanat"
bulbus cordis,artériás kónusz
bulbus medullae,Nyúlt velő
bulbus oculi,szemgolyó
bulbus olfactorius,szaglógumó
bulbus penis,a pénisz vastagabb része
bulbus pili,hajhagyma
bulbus rhachidicus,Nyúlt velő
bulbus spinalis,Nyúl tvelő
bulbus vestibuli vaginae,hosszúkás test
bulbus vestibuli vaginae,trigonum urogenitale alatt fekvő
bulia,akaraterő
bulimia,kóros falánkság
bulla,buborék
bullosa,hólyagos
burolith,bursakő
bursa,"nyálkatömlő, burok"
bursa articularis,ízülettel közlekedő nyálkatömlő
bursa mucosa,nyálkatömlő
bursa omentalis,cseplesztömlő
bursa ovarica,petefészektömlő
bursa synovialis,"nyálkatömlő, izomtömlő"
bursectomia,tömlő műtéti eltávolítása
bursitis,nyálkatömlő gyulladás
bursitis calcarea,tömlő gyulladása mészlerakódásokkal
bursitis pharyngealis,bursa pharyngea gyulladása
bursitis praepatellaris,térdkalács előtti tömlő gyulladása
bursolith,tömlőkő
bursolithos,bursakő
Butyrum,vaj
byssinosis,gyapotpor belégzése okozta tüdőártalom
cachemia,mérgezett vagy kóros vér
cachexia,alultápláltság
cachexia mercurialis,senyvesség higanymérgezés következtében
cachexia saturnina,ólommérgezésben kialakuló senyvesség
cadaver,holttest
cadens,süllyedő
caecalis,vakbéllel kapcsolatos
caecitas,vakság
caecitis,vakbélgyulladás
caecum,vakbél
caecus,vak
caesarotomia,császármetszés
calamus scriptorius,IV. agykamra fenekének tollhegyszerű benyomata
calcanealgia,sarokfájás
calcanei,sarokcsont
calcaneitis,sarokcsontgyulladás
calcaneodynia,Sarokfájdalom
calcaneus,sarokcsont
calcar,"homlok, sarkantyú"
calcarinus,sarkantyús
calcificatio,meszesedés
calcificatio cervicis uteri,méhnyakmeszesedés
calcificatio pulpae,fogelmeszesedés
calcificatio uteri,méhmeszesedés
calcificatum,szövet megkeményedése
calcinosis cutis,mészköszvény
calcinosis disseminata,testszerte kialakuló mészlerakódások
calcinosis universalis,testszerte kialakuló mészlerakódások
calcipenia,kalciumhiány
Calcitriolum,kalcitriol
calcium carbonicum nativum,természetes szénsavas mész
calcium sulfuricum,gipsz
calculus,"kő, fogkő"
calculus dentalis,fogkő
Calculus glandulae salivaris,Nyálmirigykő
calculus renis,vesekő
calculus salivaris,Nyálkő
Calendula officinalis,gyűrűvirág
caliculi gustatorii,ízbimbók
caligo,vakság
calix,kehely
callositas,"bőrkérgesedés, tyúkszem"
callosus,"heges, megkeményedett, megvastagodott"
callus,csontforradás
calor,meleg
calvaria,koponyaboltozat
calvus,kopasz
calvus pedis,tyúkszem
calx,sarok
calyx major,nagy vesekehely
calyx minor,kis vesekehely
calyx renalis,vesekehely
camera anterior,elülső kamra
camera bulbi,szemcsarnok
camera posterior,hátulsó kamra
camerae bulbi,szemcsarnokok
camphora,kámfor
canaliculus,kis csatorna
canalis,"árok, csatorna"
canalis analis,végbélcsatorna
canalis cervicis,nyakcsatorna
canalis cervicis uteri,méhnyakcsatorna
canalis digestorius,emésztőcsatorna
canalis femoralis,combcsatorna
canalis inguinalis,lágyékcsatorna
canalis nasolacrimalis,könnycsatorna
canalis nervi facialis,arcidegcsatorna
canalis radicis dentis,foggyökércsatorna
canalis spinalis,gerinccsatorna
cancer,"karcinóma, rák"
Cancer testicularis,hererák
"Cancer-, carcin-",Rák
"cancerogenicus, cancerogenes, carcinogenicus, carcinogenes",rákot előidéző
cancerophobia,beteges rákfélelem
"cancerosus, carcinomatosus",rákos
canities,őszülés
cannula,"cső, kanül"
canthus,szemzug
Capillar-,Hajszálér
capillaris,hajszálér
Capillus,"haj, szőrszál"
Capit-,Fej
capitalis,fejes
Capsula,Kis tok
capsula adiposa,zsíros tok
Capsula adiposa renis,vese zsíros tok
capsula articularis,ízületi tok
capsula gelatinosa,zselatintok
capsula interna,belső tok
capsula lentis,lencseburok
capsula lienalis,léptok
capsula renalis,vesetok
capsula renis,vesetok
capsula vaginalis,hüvelylabdacs
capsulitis,tokgyulladás
capsulotomia,kapszula bemetszése
caput,fej
caput articulare,ízületi fej
caput articularis,ízületi fej
caput costae,bordafej
caput distortum,ferde nyak
caput epididymidis,mellékhere feje
caput femoris,combcsont feje
caput itis,fej
caput mandibulae,ízesülő fej
caput musculi,izom fej
caput obstipum,ferde nyak
caput pancreaticae,hasnyálmirigy feje
caput radii,az orsócsont feje
caput spermii,spermium feje
caput ulnae,karcsont feje
caragaheen,gömbmoszat
carbo,szén
carboneum hydratum,szénhidrát
carbonisatio,elszenesedés
carcimoma mammae,emlőrák
carcino-,rák-
carcinogen,rákkeltő
carcinoma,rákos daganat
carcinoma basocellulare,alapsejtes rák
carcinoma cervicis uteri,méhnyakrák
Carcinoma cervicis uteri,nyakrák
carcinoma gastrica,gyomorrák
carcinoma hepatis,májrák
carcinoma laryngis,gégerák
carcinoma linguae,nyelvrák
carcinoma microcellularis,microcellularis carcinoma
carcinoma oesophagi,nyelőcsőrák
carcinoma ovarii,petefészekrák
carcinoma pancreatis,hasnyálmirigyrák
carcinoma planocellulare,laphámrák
carcinoma pulmonis,tüdőrák
carcinoma recti,végbélrák
carcinoma renale,veserák
carcinoma sigillocellulare,Pecsétgyűrűsejtes carcinoma
carcinoma testiculare,hererák
carcinoma vaginae,hüvelyrák
carcinoma ventriculi,gyomorrák
carcinomatosis,elrákosodás
carcinomatosus,rákos
cardia,gyomorszáj
cardialgia,szívfájdalom
cardialis,szívvel kapcsolatos
cardio-,szív-
cardiokele,szívsérv
cardiomegalia,szívmegnagyobbodás
cardiomyopathia,szívizombetegség
cardiopulmonalis,szívmasszázsos
cardiospasmus,gyomorszáj-görcs
cardiovascular disease,keringési megbetegedés
cardiovascularis,szív-ér-keringési
cardioversio,szívritmusvisszaállítás
carditis,szívgyulladás
caries,fogszuvasodás
caro,"bél, hús, puha állomány"
caroticus,nyaki verőérrel kapcsolatos
carotinaemia,karotinémia
carotis idis,fejverőér
carp-,kéztő
carpalgia,kéztőízületi fájdalom
carpalis,kéztőcsonti
carpinus,gyertyánfa
carpus,"csukló, kéztő"
cartilage,porc
cartilagines auricuklares,fülporcok
cartilagines laryngeales,hörgőporcok
cartilagineus,porcos
cartilago,porc
cartilago articularis,izületi porc
cartilago costalis,bordaporc
cartilago cricoidea,gyűrűporc
cartilago elastica,hajlékony porc
cartilago epiglottica,gégefedőporc
cartilago hyalinea,hyalin porc
cartilago laryngis,gégeporc
cartilago thyroidea,pajzsmirigy porc
caruncula,"kis húsos kidudorodás, kinövés"
caryon,"mag, sejt, sejtmag"
caryophyllii,szegfüszeg
cascarilla,kaskarillakéreg
castratio,herék/petefészkek eltávolítása
castratus,kiherélt
casuistica,esetleírás
casus acutus,sürgős eset
cataplasma,borogatás
cataracta,szürke hályog
cataracta senilis,Öregkori szürkehályog (Cataracta senilis)
catarrhalis,hurutos
catarrhus,hurut
catechu nigrum,fekete pálmabokor
catechu pallidum,halvány pálma
catheter,katéter
cauda,"hímvessző, farok"
cauda pancreaticae,hasnyálmirigy farka
cauda spermii,sperma farka
causa,ok
Cav-,"Üreg, mélyedés"
caverna,üreg
cavernosus,barlangos
Cavitas,Üreg
cavitas articularis,ízületi árok
cavitas nasalis,orrüreg
cavitas oris,szájüreg
cavitas pelvis,medenceüreg
cavitas peritonealis,peritoneális üreg
cavitas pleuralis,mellhártyaüreg
cavitas thoracis,mellkasüreg
cavitas uteri,méhüreg
cavum,üreg
cavum abdominis,hasüreg
cavum articulare,ízületi üreg
cavum folliculli,tüszőüreg
cavum nasi,orrüreg
cavum oris,szájüreg
cavum pelvis,medenceüreg
cavum pericardii,szívburok ürege
cavum pleurae,mellhártya ürege
cavum psalterii,hatodik kamra
cavum thoracis,mellkasüreg
cavum tympani,dobüreg
cavum vergae,hatodik kamra
cavus,"homorú, üreges"
cecum,vakbél
cefalo-,fej-
celer,gyors
cella,sejt
"cella cancri, cellula cancerosa",ráksejt
cellula,sejt
cellulae antigenum praesentens,antigénprezentáló sejt
cellulae caedentes,gyilkolósejtek
cellulae caedentes naturales,természetes gyilkolósejtek
cellulae caliciformes,nyálkasejtek
cellulae chromaffinae,kromaffin sejt
cellulae cornuum anteriorum,elülső szarvak sejtjei
cellulae erythroideae,vörös sejtek
cellulae giganteae,óriássejtek
cellulae giganteae Langhansi,Langhans-sejtek
cellulae insulinum secernentes,inzulint kibocsájtó sejtek
cellulae Kupfferi,Kupffer sejtek
cellulae Langerhansi,Langerhans sejtek
cellulae Leydigi,Leydig-sejtek
cellulae medullae ossium,csontvelő sejtek
cellulae mesangiales,mesangialis sejtek
cellulae musculares,izomsejtek
cellulae pilosae,hajsejtek
cellulae plasmaticae,plazmasejtek
cellulae pocilliformes,nyálkasejtek
cellulae progenitores,törzs sejtek
cellulae progenitores erythroideae,vörös őssejtek
cellulae progenitores tumorosae,daganat őssejtek
cellulae pyramidales,piramis-sejtek
cellulae sanguinis,vérsejtek
cellulae Schwanni,Schwann-sejtek
cellulae Sertoli,Sertoli-sejtek
cellulae spumosae,habsejtek
cellulae staminis haemopoeticae,vérképző őssejtek
cellulae stromatis,stroma sejt
cellularis,sejtes
cementum,fogcement
"Cementum, substantia ossea dentis",Cement
Cena,vacsora
center,izomhas
centralis,központi
centriolum,centriólum
centripetalis,középpont felé irányuló
centro-lateralis,középső-oldalsó
centrum,közép
centrum respiratorium,légzési központ
Cephal-,Fej
cephalalgia,Fejfájás
cephalea,Fejfájás
cephalhaematoma,feji vérömleny
cephalicus,feji
cephalo-,fejhez tartozó
Cer-,Viasz
cerebellaris,kisagyi
cerebr-,agyvelő
cerebro-,aggyal kapcsolatos
cerebrum,agy
cerumen,fülzsírdugó
cervic-,nyak
cervicalis,a fognyak felé mutató irány
cervicalisatio,nyakasodás
cervicitis,méhnyakgyulladás
cervicitis chronica,krónikus méhnyakgyulladás
cervicobrachialis,nyaki-kari
cervix,"fognyak, méhnyak"
cervix uteri,méhnyak
cessatio,megszűnés
cestoda,bélgiliszta
cetaceum,cetfaggyú
cevicothoracicus,nyaki-mellkasi
characteropathia,kóros jellemtelenség
cheilitis,ajakgyulladás
cheilitis glandularis apostematosa,Baelz-szindróma
cheilo-,ajak-
cheilognathopalatoschisis,és szájpadhasadékkal
cheilognathoschisis,nyúlajak állcsonthasadékkal
cheiloschisis,"ajakhasadék, nyúlajak"
cheiloschisis /labium leporinum,nyúlajak
chiasma,kereszteződés
chiasma opticum,látóideg-kereszteződés
chimera,rémlátomás
chiragra,kézköszvény
chloasma,májfolt
chloralum hydricum,chlorahydrat
chloratus,klóros
chloroformium,hangyhalvag
chloropia,zöldszín-látás
choana,tölcsér
cholangioma,epevezetékdaganat
cholangitis,epeútgyulladás
chole,epe
cholecalciferol,D3-vitamin
cholecysta,cholecysta
cholecystectomia,epehólyag eltávolítás
cholecystitis,epehólyag-gyulladás
cholecystolithiasis,epekövek
cholecystopathia,epehólyag-bántalom
choledocholithiasis,epevezeték-kövesség
cholédochus,közös epecsatorna
cholelithiasis,epekövesség
cholelithos,epekő
cholelithotripsia,epekőzúzás
cholepathia,epebaj
cholepathia,epebetegség
cholestasis,epepangás
cholesterolaemia,koleszterinvérűség
Chondr-,Porc
chondralis,porchoz tartozó
chondritis,porcgyulladás
chondro-,porccal kapcsolatos
chondroclast,porcfaló sejt
chondrocyti,porcsejtek
chondrodystrophia fetalis,a porcképződés hiánya (achondroplasia)
chondroma,jóindulatú porcdaganat
chondromalacia patellae,futó térd
chondropathia,porckárosodás
chorda,szalag
chorda dorsalis,gerinchúr
chorda tendinea,ínhúr
chorda tympani,chorda tympani
chorda umbilicalis,köldökzsinór
chordae tendineae,ínhúrok
chordoma,nem rosszindulatú porcdaganat
chorea minor,reumatikus chorea
chorion,magzatburok
chorion frondosum,bolyhos belső magzatburok
choroidea,érhártya (a szemben)
chroma,szín
chromomycosis,mohos láb
chronicus,"idült, krónikus"
chylomicronaemia,zsíranyagcsere-zavar
chylothorax,nyirokmell
chymus,"bélsár, vékonybéltartalom"
cianózis,oxigénhiányos állapotban a bőr és a nyálkahártyák sajátos szürkéskék színe
Cibus,táplálék
cicatrisatio,sebhegedés
cicatrix,heg
cicatrix mammae,emlőheg
cilia,csilló
cilia,szempilla
ciliaris,"bolyhos, szempillához tartozó"
cingulum,csípőszorító
cinnabaris factitia,mesterséges cinober
circulatio,keringés
circuls,kör
circulus arteriosus cerebri,Willis-kör
circulus arteriosus Willisi,Willis-kör
circulus Willisii,Willis-kör
circum,körül
circumcisio,körülmetélés
circumductio,körmozgás
circumferentia,kerület
circumflexus,kerek
circumscriptus,körülhatárolt
cirrhosis,zsugorodás
cirrhosis hepatis,májzsugor
cirrhoticus,zsugorodásos
cito,gyors
claering,tisztítás
Clarus,áttetsző
classificatio,osztályozás
claudicatio,bicegés
claudicatio intermittens,időszakos sántítás
claustrophobia,claustrofóbia
claustrum,zár
clausus,zárt
clavicula,kulcscsont
clavus pedis,tyúkszem
cleido-,kulcscsont-
cleptomania,lopási hajlam
climax,változás kora
clinoideus,hajlított
clitoris,csikló
cloaca,kloáka
clonus,klónus
clysma,beöntés
CM,holnap reggel
coagulatus,megalvadt (vér)
coagulopathia,véralvadási zavar
coagulum,véralvadék
coaptatio,összeillesztés
coarctatio,szűkület
coarctatio aortae,Coarctatio aortae
coccus,baktériumok
coccygeus,Fark(csont)i
cochlea,"csiga,  a középfülben elhelyezkedő hallószerv"
cochlearis,csigajárattal kapcsolatos
Coeliacus,A hasüreghez tartozó
cogitatio,gondolkodás
coitus,"nemi érintkezés, közösülés"
coitus per anus,végbélnyílásban végzett közösülés
"Col(i)-, colon-",Vastagbél
Colaturas,meg fog húzódni
colchicinum,kikiricsal
colectomia,vastagbélkimetszés
coli,vastagbéllel kapcsolatos
colica,hasgörcs
colica abdominalis,hasi fájdalom
colica renis,vesekőgörcs
colitis,vastagbélgyulladás
colitis gravis,súlyos vastagbélgyulladás
colitis ulcerosa,fekélyes vastagbélgyulladás
collapsus,ájulás
collateralis,oldalt
colliculus superior,felsőikertest
colliquatio,elfolyósodás
Collum,fognyak
collum chirurgicum,sebészeti nyak
collum costae,bordanyak
collum dentis,fognyak
collum femoris,combnyak
collum radii,orsócsont nyaka
coloboma,hasadékképződés
colocynthis,sártök
colon,vastagbél
colon ascendens,felszálló vastagbél
colon descendens,leszálló vastagbél
"Colon Irritable, IBS",irritábilis bél szindróma
colon sigmoideum,szigmabél
colon transversum,harántvastagbél
Colon/intestinum crassum,Vastagbél
colonographia,vastagbélábrázolás
colophonium,hegedűgyánta
color,szín
colorectalis,vastag- és végbéli
colostrum,előtej (az anyatej termelődésének beindulása előtt képződő folyadék)
colpitis,hüvelygyulladás
colpo-,hüvelyhez tartozó
colpoptosis,hüvelyelőreesés
colposacrofixatio,hüvely keresztcsonthoz rögzítése
colposcopia,hüvelytükrözés
Columna,Oszlop
columna vertebralis,gerincoszlop
columnae renales,Bertini-oszlopok
collyrium,szemvíz
collyrium adstringens luteum,összehúzó sárga szemvíz
coma hepaticum,májkóma
comatosus,"eszméletlen, kómában van"
combustio,égés
comissura,érintkezés
comitans,kísérő
commodus,kényelmes
commotio,rázkódás
commotio cerebri,agyrázkódás
commotio cordis,szívrázkódás
commune,kommunális
communicans,csatlakozó
communis,közös
compactus,tömör
completus,befejezett
complexus,összefoglaló
complexus stimulans cordis,szív impulzusokat vezető rendszere
complicatio,komplikáció
componentes dentales,fog összetevők
compositus,összetett
compressio,tömörítés
compressio cerebri,nyomás az agyra
compressio spinalis,nyomás a gerincvelőre
"compressum, tabletta",tabletta
comprimatum,pirula
"con-, com-","syn-, sym-"
conamen,öngyilkossági kísérlet
conarium,tobozmirigy
concavus,homorú
concavus,kivájt
concentratio,koncentráció
concentratissime,legtöményebben
concentricus,egyesített
conceptio,"fogamzás, megtermékenyítés"
concha,"héj, kagyló"
concha auriculae,fülkagyló
concha nasalis,orrkagyló
concha nasalis inferior,alsó orrkagyló
concha nasalis medius,középső orrkagyló
concha nasalis superior,felső orrkagyló
concha nasalis superior et media,felső és középső orrkagyló
conchae nasalis,orrkagylók
concisus,összevágott
concomitans,együttjáró
concomitans,kísérő
conditio,állam
condyloma acuminata,genitális szemölcs
condylus,"csontbütyök, csontízületvég"
confusio,"zavar, zavarodottság, zavartság"
confusus,zavart
congelatio,fagyás
congenitális,"születéskor meglévő, veleszületett"
congenitus,"születéskor meglévő, veleszületett"
congestio,vértolulás
conglomeratum,halmaz
coni retinae,retinacsapok
coniosis,porártalom
conisatio,méhnyakműtét
coniugo,összekötni
coniunctivitis gonorrhoealis,kankós kötőhártyagyulladás
conjunctio,összenövés
conjunctiva,a szem fehérjét és a szemhéjak belső felszínét borító nyálkahártya-kötőhártya
conjunctivalis,kötőhártyával kapcsolatos
conjunctivitis,kötőhártya-gyulladás
conjunctivitis virosa,Vírusos kötőhártyagyulladás
connectivus,becsatlakoztató
connexus,összekötött
conoideus,kúpalakú
conquassatio,szétzúzás
conservo,megőrizni
consilium,orvosi tanácskozás
consolidatio,megszilárdulás
conspicio,nézni
Constipatio,Székrekedés
constitutio,alkat
constrictor,összenyomó
consumptio,megemésztés
consumptio albumini,fehérje-felvétel
contagiosus,fertőző
contarctilis,összehúzódásra képes
contenta,tartalom
contentus gastrointestinalis,emésztőrendszer tartalma
continentia,visszatartás
continentia urinae,vizelettartás
contortus,"csavarodott, kifelé fordított, megcsavart"
contra,"ellen, szemben"
contracisio,metszés visszafelé
contractio,összehúzás
contraindicatio,ellenjavallat
contralateralis,másik oldali
contusio,zúzódás
contusio cerebry,agyzúzódás
contusio thoracis,mellkaszúzódás
contusus,összemorzsolt
cónus,kúp
convergentia,közelítés egy pont felé
convex,domború
convexitas,domborulat
convolutus,összetekeredett
Convulsio,görcs
convulsivus,"görcsrohamos, tángatódzó"
copro-,bélsár-
coprostasis,székrekedés
cópula,"bélgiliszta, ínszalag, pólya, tartószalag"
Cor cordis,Szív
cor fetale,magzatszív
cor pendulum,cseppszív
cor triatriatum,Hárompitvarú szív
coracoideus,hollócsőrszerű
cordis,szívvel kapcsolatos
cornea,a szem szaruhártyája
corniculum,szarvacska
cornix,varjú
cornu anterius,gerincvelő szürkeállományának elülső szarva
cornu laterale,gerincvelő szürkeállományának oldalsó szarva
cornu posterius,gerincvelő szürkeállományának hátulsó szarva
corona,koszorú
corona dentis,fogkorona
corona radiata,petehám
coronalis,koszorúhoz tartozó
coronaria,koszorúsér
Coronarius,Koszorús (sutura coronalis)
corpus,test
corpus adiposum,kövér test
corpus albicans,heges test
corpus alienum,idegentest
corpus amygdaloideum,mandula
corpus callosum,kérgestest
corpus cavernosum penis,penis barlangostest
corpus costae,borda teste
corpus geniculatum,térdestest
corpus geniculatum laterale,külső térdestest
corpus geniculatum mediale,belső térdestest
corpus geniculatum mediale,medialis térdestest
corpus haemorrhagicum,véres test
corpus humani,emberi test
corpus humeri,felkarcsont teste
corpus linguae,nyelvtest
corpus mandibulae,állkapocs teste
corpus maxillae,felső állkapocs teste
Corpus oris,test
corpus pancreaticae,hasnyálmirigy teste
corpus penis,pénisztest
corpus pineale,tobozmirigy
corpus radii,orsócsont teste
corpus restiforme,kötélképű test
corpus sphenoidale,ékcsont teste
corpus spongiosum penis,barlangos test
corpus sterni,szegycsont teste
corpus striatum,csíkolt test
corpus uteri,méhtest
corpus ventriculi,gyomortest
corpus vertebrae,csigolyatest
corpus vesicae,húgyhólyag teste
corpus vitreum,üvegtest
corpuscula fungiformes,gomba testek
corpuscula Lewi,Lewy testek
corpuscula Pacini,Pacini testecskék
corpuscula para-aortica,aorta melletti testek
corpusculum,testecske
corpusculum renale,Malpighi-test
corrosivus,maró
corrugator,összeráncoló
cortex,kéreg
cortex auditoria,hallókéreg
cortex cerebelli,kisagy kérge
cortex cerebri,agykéreg
cortex cingulatus,övkéreg
cortex lentis,lencsekéreg
cortex renis,vesekéreg
cortex suprarenalis,mellékvesekéreg
cortex visualis,látókéreg
Cortic-,Kéreg
cortical,agykérgi
corticalis,agykérgi
corticosteroid,kortikoszteroid
cortisolum,kortizol
coryza,orrfolyás
Cost-,Borda
costa,borda
costa cervicalis,Nyaki borda
costa fluctuante,lengőborda
costa spuria,álborda
costae,bordák
costae fluctuantes,repülőbordák
costae spuriae,álbordák
costae verae,valódi bordák
costalis,bordai
costovertebralis,bordákkal és csigolyákkal kapcsolatos
Coup,agyvérzés
Coxa,csípő
coxarthrosis,csípőízületi artrózis
coxitis,a csípőizület gyulladása
crampus,izom görcs
Crani-,Koponya
cranialis,feji
cranio-,koponya-
craniocerebralis,koponyai-agyi
craniopunctura,agycsapolás
craniosacralis,koponyával és keresztcsonttal kapcsolatos
craniospinalis,craniospinális
craniostenosis,koponyaszűkület
craniotomia,koponyaműtét
cranium,koponya
cranium cerebrale,agykoponya
cranium viscerale,arckoponya
Cras mane,holnap reggel
crassus,"vastag, vaskos,kövér"
cremaster,függesztő
crematio,égetése
cremor,krém
crena,rés
crena ani,farpofák közötti hasadék
crenata,Csipkézett
crepitatio,"recsegés, ropogás"
cribriformis,szitaszerű
cribrum,szita
Crico-,Gyűrű
cricoideus,gyűrű szerű
cricotracheotomia,gyűrűporc átvágásával
crinis,szőrszál
crinis capitis,haj
crisis thyreotoxica,tireotoxikus krízis
Crista,Taréj
crista iliaca,csípőlapát felső része
cruciatus,keresztezett
Cruor,vér
cruralis,"lábszárral kapcsolatos, szára valaminek"
crus,szár
crus cerebri,agyszár
crus glandis clitoridis,csiklófék
crus pedis,"comb, lábszár, nyél, szár"
crusta,heg
crux,"kereszt, szenvedés"
cryo-,"fagy-, hidegre vonatkozó"
cryoconisatio,fagyasztásos méhnyakrészeltávolítás
cryotherapia,gyógyfagyasztás
crypta,csőszerű bemélyedés
cryptorchismus,rejtettheréjűség
CT,"computer tomográfia, képalkotó diagnosztikai eljárás"
cubitus,könyök
cuboideus,köb alakú
culicosis,szúnyogcsípés
cum acido salicylico,szalicilsavas
cumulatio,felhalmozódás
cumulus oophorus,petedomb
cuneiformis,ék alakú
cuneus,ék
cupula pleurae,mellhártya felső része
cura cum antibiotico,antibiotikumos kezelés
cura rerum ad valetudinem pertinentum,egészségügyi ellátás
curabilis,gyógyítható
curatus,begyógyult
curettage,kaparás
"curtatio unguis, resectio unguis",körömvágás
curvatura,görbület
curvatura ventriculi major,gyomor nagygörbülete
curvatura ventriculi minor,gyomor kisgörbülete
cuspidalis,csúcsos
cuspis,valaminek a hegye
cutan,bőrrel kapcsolatos
cutaneus,bőrhöz tartozó
cuticula,felhám
cuticula dentis,zománchártya
cutis,bőr
cutis anserina,libabőr
cutis marmorata,márvány bőr
cyan,kék
cyanosis,kékkór
cyanoticus,szederjes
cylinder,henger
cysta,"hólyag, ciszta"
cysta hepatis,máj ciszta
cysta ovarii,petefészek-ciszta
cysta renis,vesetömlő
cysta renis l.d.,jobb oldali veseciszta
cysta renis l.s.,bal oldali veseciszta
cysta septi pellucidi,septum pellucidum ciszta
cystae,ciszta
cystae hepatis,májciszták
cystae renis,vese ciszták
cystectomia,hólyagkimetszés
cystis,tömlő
cystitis,hólyagfertőzés
cystitis chronica,krónikus húgyhólyaggyulladás
cystitis recidivans,viszatérő húgyhólyaggyulladás
cysto,hólyag
cystocele,húgyhólyagsérv
cystoides,cisztára hasonlító
cystolithiasis,húgyhólyagkövek jelenléte
cystopyelitis,húgyhólyag és a vesemedence gyulladás
cystoscopia,sejtvizsgálat
cystosus,hólyagos
cystotomia,húgyhólyagműtét
Cyt-,Sejt
cyta,Sejt
cyto-,"sejt-, sejttel kapcsolatos"
cytolemma,sejtmembrán
cytologia,sejttan
cytolysis,"sejtoldódás, sejtpusztulás"
cytopenia,alacsony sejtszám
cytoplasma,sejttest
cytos,sejt
cytosol,sejtoldat
cytostaticum,sejtosztódást gátló szer
cytostaticus,sejtszaporodást gátló
Dacarbazinum,dakarbazin
dacry-,könny-
dacryocystis,könnytömlő
dacryocystitis,könnytömlőgyulladás
dacryon,könny
dactylus,számjegy
dactylus,ujj
daktilogram,ujjlenyomat
daltonismus,daltonizmus
Dapsonum,dapszon
dartos,bőr
de-,"El, le"
de novo,újból
Debilitas,"rendellenesség, kór"
deceleratio,lelassulás
Decessus,halál
decidua,hullóhártya
deciduus,hulladék
declinatio,elhajlás a függőleges helyzettől
declino,elgyengülés
decoctum,főzet
decoctum zittmanni fortius,zittmann erősebb főzete
decompensatio,dekompenzáció
decubitalis,elfekvési
decursus,dekurzus
decussatio pyramidum,piramispálya kereszteződése
defaecatio,széklet ürítés
defectus,hiba
defectus iodi,jódhiány
defectus septi interventricularis,Kamrai sövényhiány
déferens,levezető
defibrilláció,bizonyos esetekben (pl. újraélesztés egyes esetei) erős áramütés leadására visszatér a normál szívritmus
defloratio,szűzhártya átszakadása
deformans,eltorzító
deformatus,deformált
deformis,alaktalan
deformitas,eltorzulás
degeneratio,elfajulás
degeneratio cancerosa,rákképzés
degeneratio maculae,makula-degeneráció
"degenerere, deterere ,depravare",degenerálódik
deglutitio,nyelés
dehaustratio,nem öblösödik ki
dehelminthisatio,féregtelenítés
dehiscentio vulneris,seb felnyílása
dehistentia,sebszétnyílás
dehydratatio,kiszáradás
delirium,lázálom
deltoideus,delta alakú
dementia,"elbutulás, demencia"
demulcens,bevonószer
demyelinatio,elvelőtlenedés
demyelinisatio,elvelőtlenedés
dendrit,idegsejtnyúlvány
dendriticus,elágazódó
denervatio,elidegtelenedés
denitrificatio,nitrátmentesítés
dens,fog
dens axis,fognyúlvány
dens bicuspidalis,bikuszpidális
dens caninus,szemfog
dens deciduus,tejfogak
dens incisivus,metszőfog
dens lacteus,tejfogak
dens masticatorius,rágófog
dens molaris,zápfog
dens molaris tertius,bölcsességfog
dens non eruptus,nemkibújt fogak
dens praemolaris,kisőrlő
Dens praemolaris,Kisörlő
Dens sapiens,Bölcsességfog
dens sapientiae,bölcsességfog
"Dens, dentis",fog
densitas,sűrüség
Dent-,Fog
Dentalgia,fogfájás
dentalis,fogászati
dentatura acuta,éles szélű fogazat
dentatus,"fogas, fogazott"
dentes,fogak
dentes canini,szemfogak
dentes decidui,tejfogak
Dentes decidui,Időleges fogak
dentes incisivi,metszőfogak
dentes molares,nagyörlő fogak
dentes permanentes,maradandó fogak
dentes premolares,kisörlő fogak
denticulatus,kis fogakat tartalmazó
denticulus,kis fog
dentinum,dentin
dentitio,"fogelőtörés, fogzás"
dentitio permanens,maradandó fogak
denudatio,lecsupaszítás
dependencia,függőség
dependens,függő
depilare,szőrtelenít
deposita dentalia,foglerakódások
depressivus,"depressziós, nyomott"
depressor,lehúzó
Depressor,Gátló
Depuratio,Fogkőeltávolítás
Der-,Nyak
derivatum acidi salicylici,szalicilsav-származék
Derm-,Bőr
dérma,bőr
dermatitis,a bőr gyulladásos megbetegedése
Dermatitis contusiforme,Erythema nodosum
dermatitis solaris,leégés
dermato-,bőr-
dermatobiopsia,bőrbiopszia
dermatofibroma,apró csomók a bőrön
dermatoma,bőrszelvény
dermatomyositis,bőr és izmok gyulladása
dermatopathia,bőrbaj
Dermatophagoides farinae,poratka
dermatosis,bőrbaj
dermis,bőr
dermoid,bőrformájú
dermoid cysta,"jóindulatú tumor, amelyben szőrtüszők, haj és faggyúmirigyek találhatóak"
descendens,leszálló
descriptivus,leíró
desinfectio,fertőtlenítés
desinficiens,fertőtlenítőszer
desis,kötés
desmalis,kötőszövethez tartozó
desmoid,ínra hasonlító
desmoplasticus,dezmoplasztikus
desmorrhexis,szalagszakadás
desorientatio,"térbeli eligazodászavar, tudatzavar"
desquamare,lepereg
desquamatio,bőrhámlás
destillatus,desztilált
destructio,"roncsolódás, tönkremenés"
desynchronisatio,egyidejűség felbomlása
deterioratio,állapot romlása
determinatio,meghatározottság
detoxicatio,méregtelenítés
detritus,"szétesett szövet, szövetek maradványa"
detrusor,kilökő
detumescentia,lohadás
deuteranop,zöldvak
deuteranopia,zöldszín-tévesztés
deviatio,a normálistól eltérő
deviatio septi nasi,orrsövényferdülés
Devitalisatio,Elhalasztás
Dextr-,Jobb
dextrocardia,"a szív nem a normális bal oldalon helyezkedik el, hanem mintegy tükörképben, a jobb oldalon"
dextropositio,jobboldali
diabetes,cukorbetegség
diabetes mellitus,cukorbetegség
diabeticus,diabetikus
diadochokinesis,egymással ellentétes mozgások
diagnosis,"diagnózis, kórisme"
diagnostica,diagnosztika
diagonalis,átlós
dialízis,"veseelégtelenség során a vérből mesterségesen kell eltávolítani a salakanyagokat, ez a folyamat a dialízis"
diameter,átmérő
diaphoresis,izzadás
diaphragma,rekeszizom
diaphragma oris,szájfeneket lezáró izom
diaphragma pelvis,medencealap
diaphragma urogenitale,gát
diaphragmatic surface,rekeszi felszín
diaphysis,csöves csontok középső része
diarrhoe,hasmenés
diarthrosis,szabad mozgást biztosító ízület
diastole,"a szív mozgásának azon fázisa, amikor a kamrák elernyednek és vérrel telítődnek fel"
diathermicus,átmelegedett
diathesis,hajlam
Diazepamum,szorongásoldó hatóanyaga
Dicbus alternis,minden második nap
dichotomia,két ágra oszlás
dichromasia,színtévesztés
diencephalon,köztiagy
dies,nap
differenciatus,differenciált
differentiatio,differenciálódás
difficilis,nehéz
diffusus,diffúz
digestio,emésztés
digitalinum depuratum,tisztított digitalin
digitalis,ujjal kapcsolatos
digitatus,ujj alakú
digiti,ujjak
digiti manus,kéz ujjai
digiti pedis,lábujjak
digitorum,digitórum
digitorum,ujjakkal kapcsolatos
digitus,ujj
digitus anularis,gyűrűsujj
digitus index,mutatóujj
digitus manus,kézujj
digitus medius,középső ujj
digitus minimus,kisujj
digitus pedis,lábujj
diktyosoma,Golgi-mező
dilatatio,kitágítás
dilatatio bronchi,légcsőtágulás
dilutus,híg
diminutio dosis,adag-csökkenés
diphtericus,torokgyíkos
diphtheria,"Diftéria (diphtheria), torokgyík"
diplegia,kétoldali bénulás
diplegia spastica infantilis,Little-kór
diploid,"kettős, teljes kromoszómakészlettel rendelkező"
diplopia,kettős látás
dis-,szét
discisio,szétmetszés
discopathia,csigolyaközi porckorong megbetegedés
discrepantia,aránytalanság
discus,porckorong
discus intervertebralis,csigolyákközti porckorong
discus nervi optici,látóidegfő
Disectio,"Elválasztás, szétválasztás"
disinhibitio,gátlás
dislocatio,elmozdulás
dislocatio,ficam
disruptio,megszakítás
dissecans,széthasított
disseminare,elterjeszt
disseminatio,szétszórás
disseminatus,szétszórt
dissimilatio,bontó anyagcsere
dissimilis,különböző
distalis,távolabbi (a test középpontjától)
distantia,"távolság, köz"
distomiasis haematica,vérmételykór
distorsio,"csavarodás, elferdülés, eltorzulás, rándulás"
distorsio brachii,karrándulás
distorsio pedis,lábrándulás
distractio,figyelemelvonás
diszfágia,nyelési nehezítettség
diszlokáció,elmozdulás
diszmenorrhoe,fájdalmas menstruáció
diszpnoe,légszomj
diu,"hosszan, hosszú"
diuresis,vizeletkiválasztás
diureticum,vízhajtó
divergatio,széttérés
divergens,széttartó
diverticulosis,"a vastagbél nyálkahártyájának kiboltosulása, kiöblösödése"
diverticulum,a gyomor-bélcső zsákszerű kiöblösödését jelenti
Diverticulum ilei,Meckel-gurdély
divertikulitis,pangó székletmaradék miatti bélgyulladás
DM,cukorbetegség
dolichocolon,vastagbél-meghosszabbodás
Dolor,fájdalom
"dolor ventriculi, gastralgia",gyomorfájás
dolorosus,fájdalmas
domesticus,házi
Dors-,Hát
dorsalgia,hátfájdalom
dorsalis,háti oldali
dorsi-,háttal kapcsolatos
dorsiflexio,hátradőlés
dorsolateralis,hátulsó és oldalsó
dorsoventralis,nyílirányú
dorsum,hát
dorsum flexum,görbe hát
dorsum linguae,nyelvhát
dorsum nasi,orrhát
dorsum pedis,lábhát
dosis,adag
dosis initialis,feltöltő adag
doxasma,téveseszme
Duct-,Vezetés
ductalis,csővel kapcsolatos
ductuli efferentes testis,elvezető herecsatornácskák
ductulus,csatornácska
Ductus,Vezeték
ductus alveolaris,tüdőhólyagvezeték hörgőfa
ductus arteriosus,Botallo vezeték
ductus arteriosus,ductus arteriosus
ductus arteriosus patens,Nyitott ductus arteriosus
ductus biliares,epevezetékek
ductus biliares extrahepaticae,májon kívüli epevezetékek
ductus biliaris,közös epevezeték
ductus biliferi,epeutak
ductus choledochus,epevezeték
ductus choledochus,közös epevezeték
ductus cysticus,epehólyag kivezetőcsöve
ductus deferens,ondóvezeték
ductus ejaculatorius,ondó kilövelő csatorna
ductus epididymidis,mellékhere csatornája
ductus excretorius,ondóhólyag kivezetőcsöve
ductus hepaticus,máj epevezetéke
ductus hepato choledochus,epevezeték
ductus lacrimalis,könnycsatorna
ductus lactifer,tejút
ductus lactiferus,tejmirigy kivezetőcsőve
ductus lymphaticus,nyirokelvezeték
ductus nasolacrimalis,orr-könnycsatorna
ductus pancreatici,hasnyálmirigy vezetékei
ductus pancreaticus,Wirsung-vezeték
ductus pancreaticus major,hasnyálmirigy fő kivezetőcsöve
ductus papillaris,bimbócsatorna
ductus salivarii,nyálcsatornák
Ductus salivaris,Nyálvezeték
ductus semicirculares,hártyás ívjáratok
ductus thoracicus,mellűri nyirokvezeték
duodenalis,nyombéllel kapcsolatos
duplicata,kettőzött
Dur-,Kemény
dura mater,kemény agyhártya
dura mater spinalis,kemény agyhártya
durus,kemény
Dyaphysis,Csövescsontok középső része
dynia,fájdalom
dys-,"Hibás, eltérő"
dysbasia,járászavar
dyschondroplasia,Ollier betegség
dysenteria,vérhas
dysfunctio,működési zavar
dysfunctiones mentales,elmezavarok
dysgenesis,Egy bizonyos szerv hibás vagy abnormális kifejlődése
dysgeusia,"1. ízek elváltozásának az érzete., 2. kellemetlen szájíz"
dyskinesis,akaratlan mozgásos betegség
dyslexia,olvasási nehézség
dysmenorrhoea,fájdalmas menstruáció
dysopia,látászavar
dysosmia,szaglászavar
dyspareunia,fájdalmas közösülés
dyspepsia,"emésztési zavar,  felhasi diszkomfortérzés"
dysphagia,nyelési nehézség
"dysphemia, balbutismus",dadogás
dysphoria,diszfória
dysplasia,diszplázia
dyspnoe,"légszomj, légzéselégtelenség, légzési nehézség"
dystelectasia,foltos atelectasia
dystonia,izomtónus rendellenesség
dystopia,abnormális elhelyezkedés
dystrophia,"táplálkozási rendellenesség, szövet rendellenes táplálása"
dystrophia,szövet rendellenes táplálása
dysuria,fájdalmas vizelés
"ebrietas, inebriatio",ittasság
ecchymosis,bőr bevérzés folt
ecchymosis,zúzódás
echo,viszhang
echocardiographia transoesophagealis,transz-özofageális echokardiográfia
echolalia,echolália
eclampsia,rángógörcs
eclampsia febrilis,lázgörcs
ectasia,tágulat
Ecto-,Kívül
ectoderma,külső csíralemez
ectomia,műtéti eltávolítás
ectopia,rossz elhelyezkedésű
ectropium palpebrae,szemhéjkifordulás
eczema,ekcéma
edentulus,fogatlan
educatio,oktatás
edulis,ehető
effektor,végrehajtó készülék
efferens,elvezető
effervescens,habzó
effusio subcutanea,bőralatti folyadékgyülem
ego,saját személyiség
ejaculare,ondót kilövell
ejaculatio,ejakuláció
Ejaculatorius,(ondó)kilövelő
EKG,"elektrokardiográfia, a szív elektromos tevékenységét vizsgáló eljárás"
"ekzema functionalis, -occupationalis, -professionalis",foglalkozási ekcéma
elasticus,rugalmas
electrocardiogramma,elektrokardiogram
electrocardiographia,EKG
electrocutio,villanyáramütés
electromyographia,elektromiográfia
electrophysiologicus,elektrofiziológiás
electuarium lenitivum,hashajtó nyalat
elevator,emelő
eliminatio,ürítés
ellipticus,ellipszis alakú
elongatio,megnyúlás
elongatio colli,a nyak megnyúlása
elytro-,hüvely-
embolia pulmonis,Tüdőembólia
Embolus,"elzáró vérrög, véráramba tovasodródó, beékelődött anyag"
embrió,a magzat elnevezése a fogamzástól a nyolcadik hétig
embryologia,fejlődéstan
emesis,hányás
emia,vérállapot
eminentia,"kiemelkedés, buborék, hólyag"
eminéntia,linea terminalis keresztcsonti része
emoll.cer.,agylágyulás
emolliens,bőrpuhító
emollitio cerebri,agylágyulás
Emphysema,"Kóros levegőgyülem szövetben, szervben, tüdőtágulás"
emplastrum ad rupturas,sérvellenes tapasz
emplastrum diachylon compositum,összetett diachylontapasz
emplastrum diachylon simplex,egyszerű diachylontapasz
empyema,gennygyülem
enamelum,fogzománc
"Enamelum, substantia adamantina",Zománc
enanthema,nyálkahártyakiütés
Encephal-,Agyvelő
encephalitis,agyvelőgyulladás
encephalitis lethargica,álomkór
encephalo-,agyvelő-
encephalocele,Agyvelősérv (encephalocele)
encephalokele,agyvelősérv
encephalolith,agykő
encephalon,agyvelő
encephalopathia,agyvelőbántalom
encephalopathia vascularis,érbetegség okozta agybetegség
encopresis,széklettartási elégtelenség
endarteritis,érbelhártyagyulladás
endo,belső
endocarditis,szívbelhártyagyulladás
endocarditis,szívbelhártya-gyulladás
endocardium,szívbelhártya
endocervicalis,nyakon belüli
endocervix,a méhnyak belseje
endocrin,belső elválasztásu
endocrinologia,endokrinológia
endocrinus,belső elválasztású
endocytosis,bekebelezés
endoderma,belső csíralemez
endodontitis,fogbélgyulladás
endogen,belső eredetű
endometriosis,endometriózis (nőgyógyászati betegség)
endometrium,méhnyálkahártya
endomitosis,kromoszóma replikáció
endomysium,izomrostok burka
endonasalis,orron belül
endoneurium,idegburok
endoneurium,idegszál burka
endonucleasum,endonukleáz
endorphinum,endorfin
endoscopia,endoszkópos kivizsgálás
endosteum,csont belhártya
endoszkóp,"vékony, hajlékony üvegszálas eszköz, melynek segítségével az üreges szervek belsejéből kaphatunk képet"
endothelium,érbelhártya
endotoxicus,belső méreganyagot (endotoxint) tartalmazó
endtohelium vasculare,érbelhártya
enema,beöntés
enophthalmus,szembesüllyedés
ensis,kard
entera,belek
enteritis,bélgyulladás
enterosolvens,bélben oldódó
enuresis,bevizelés
enuresis nocturna,éjjeli ágybavizelés
enzimopathia,enzimhiányos betegség
ependyma,agykamra falát borító szövet
ephelis,szeplő
Epi-,Felül
epicardium,szívburok zsigeri lemeze
epicondylitis,csontbütyöknyúlvány-gyulladás
epicondylitis humeri lateralis,teniszkönyök
epicondylitis humeri medialis,golfkönyök
epicondylus,csontbütyöknyúlvány
epicondylus lateralis,külső könyökdudor
epicondylus medialis,belső könyökdudor
epicranium,koponyabőr
epicrisis,rövid kórtörténet
epidemia,járvány
epidemia diphtherica,diftéria-járvány
epidemicus,járvány
epidemiologia,járványtan
epidermalis,epidermális
epidermisz,a bőr külső rétege
epididymis,mellékhere
epididymitis,mellékhere gyulladás
epiduralis,kemény agyhártya feletti
epigastrium,gyomor feletti rész
epiglotticus,gégefedőhöz tartozó
epiglottidectomia,gégefedő műtéti eltávolítása
epiglottis,gégefedő
epiglottitis,gégefedő-gyulladás
epilepsia partialis continua,Speciális epilepsziás szindrómák
epiphysis,csöves csont ízületi vége
epiphysis cerebri,tobozmirigy
episio-,szeméremtest
episiotomia,gátmetszés
epistaxis,orrvérzés
epistropheus,forgócsigolya
epistropheus,második nyaki csigolya
epithelioma,laphámdaganat
epithelium,hámszövet
Epithesis /prothesis,Testhiány pótlás
erectilis,merevedő
erethicus,ingerlékeny
ergotismus,ergotamin mérgezés
erogenus,erogén
erosio,hámhiány
erosio dentium,fogkimaródás
erosio ventriculi,gyomorfelmaródás
eructatio,böfögés
eruptio dentis,fogáttörés
erysipelas,Orbánc (erysipelas)
erythema,bőrpír
erythema infectiosum,ragályos vírusfertőzés
erythro-,vörös-
erythrocyta,vörösvértest
erythrocyti,vörösvérsejtek
erythrocyti abnormales,rendellenes vörösvérsejtek
erythrocytosis,kóros vörösvérsejt-termelődés
erythrocytus,vörösvérsejt
erythropoesis,vörösvértestek fejlődése
erythrosis,bőrkipirosodás
esophagus,nyelőcső
ethmoidalis,szitaszerű
eucalyptus,eukalyptus
eudiadochokinesis,normális diadochokinesis
eunuch,herélt férfi
eunuchoid,eunuchhoz hasonló alkat
eupnoe,normális légzés
eutrophia,normális táplálás
evaporatio,párolgás
evolutio,fejlődés
evulsio,kiszakítás
exacerbatio,"fellángolás, súlyosbodás (betegségnek)"
exacte,pontosan
exactissime,nagyon pontosan
examinatio functionis renis,veseműködés kivizsgálása
examinatio laboratorica,laboratóriumi vizsgálat
examinatio microscopica,mikroszkópos vizsgálat
exanthema,kiütés
exanthema cutis,bőrkiütés
excentricus,excentrikus
excisio,kimetszés
excitatio,izgatottság
excitatus,ingerült
exclusio,kizárás
excoriatio,"kisebesedés, horzsolt seb, a bőrnek vakaródzás miatt kialakult sebes, varral fedett elváltozása"
excretio,kiválasztás
excretio salivae,nyálelválasztás
excretorius,kiválasztásra szolgáló
exfoliatio areata lingua,térképnyelv
exfoliativus,hámló
exhaustio,kimerülés
exhumatio,eltemetett holttest kiásása
exitus letalis,halálos kimenetel
exo-,kivülálló
exocrinus,külső elválasztású
exsiccatio,kiszáradás
exspiratio,kilégzés
externus,Külső
extra-,"ecto-, exo-"
Extractio,Fogeltávolítás
extrasystolia,extraszisztolé
extrauterin,méhen kívüli
extravasatio,vérkiszivárgás
extravascularis,éren kívüli
extrémitas,"szélsőség, véglet"
Extremitas atis,végtag
extremitas inferior,alsó végtag
extremitas superior,felső végtag
extremitates,végtagok
extremus,"leghátsó, utolsó"
extrinsecus,külső
"extroversio, eversio",kifelé fordulás
Exulceratio linguae,Nyelvfekélyesedés
faccies convexa cerebri,agyfélteke domború felszíne
facialis,arccal kapcsolatos
facies,arc
facies articularis,ízfelszín
facies inferior cerebri,agyfélteke agyalapi felszíne
facies medialis cerebri,agyfélteke medialis felszíne
facies visceralis,zsigeri felszín
facile,"fény, könnyedén"
facticius,mesterséges
factori biologici,biológiai tényezők
factum,tény
faecalis,széklettel kapcsolatos
faeces,"bélsár, széklet"
fagocyticus,fagocita
falciformis,sarló alakú
falsus,hamis
falx,sarló
falx cerebelli,kisagysarló
falx cerebri,nagyagysarló
farinae,lisztel kapcsolatos
fascia,"izompólya, ínszalag, tartószalag"
Fascia renalis,Gerota-fascia
fascia renalis,külső tok
fascica lata,széles combpólya
fasciculus,köteg
fasciculus atrioventricularis,His köteg
fasciculus atrioventricularis,pitvar-kamrai köteg
fasciculus cuneatus,Burdach-pálya
fasciculus gracilis,Goll-pálya
fatalis,végzetes
fauces,torok
febrilis,lázas
febris flava,Sárgaláz (febris flava)
febris Marburg,Marburg-láz
febris recurrens,visszatérő láz
fecalith,székletkő
fecundatio,megtermékenyítés
fellatio,hímvessző szájba vétele
felleus,epéhez tartozó
femina,nő
femininus,női
femoralis,combcsontal kapcsolatos
femoropatellaris,patellofemorális
femur,combcsont
femur et ossa cruris,lábcsontok
fenestra,ablakszerű nyílás
ferrum,vas
fertilis,termékeny
fetalis,magzattal kapcsolatos
fetus,a magzat elnevezése a nyolcadik héttől megszületésig
fetus abortus,elvesztett magzat
Fibr-,Rost
fibra,rost
fibrae musculares,izomrostok
fibrae nervosae,idegrostok
fibrae Purkinje,Purkinje rostok
fibrilláció,"a szívizomsejet összehangolatlan, gyors összehúzódása, amely véráramlást nem okoz"
fibrillaris,kis rostokból álló
fibrillatio cardiaca,szívlebegés
fibrillatio ventrikularis,"kamrafibrilláció, kamrai remegés"
fibrillum,kis idegrost
fibrillum,kis izom
fibrinolysis,fibrinolízis
fibroadiposus,rostos-hájas
fibrocartilago,rostos porc
fibroepithelioma ovarii benignum,brenneroma
fibrolipoma,rostos zsírdaganat
fibroma,fibróma
fibromyalgia,krónikus izomfájdalom
fibrosis,"fibrózis, rostosodás"
fibrosis pulmonum,tüdőelrostosodás
fibrosus,rostos
fibula,lábszárcsont
fibularis,szárkapcsi
fibularis brevis,rövid szárkapcsi izom
fibularis longus,hosszú szárkapcsi izom
filiformis,fonal alakú
fissura,"barázda, berepedés"
fissura ani,végbélrepedés
fissurata,Repedezett
fistula,"sipoly, abnormális összekötettés két szerv, vagy egy szerv és a külvilág között"
fistula ani,végbélsipoly
fistula cervicis uteri,méhnyaksipoly
fistula dentis,fogsipoly
Fistula glandulae salivaris,Nyálmirigysipoly
flaccidus,elernyedt
"flaccidus, relaxatus",petyhüdt
flatus,bélgáz
flavus,sárga
Flexio onis,Hajlítás
flexor,hajlító
Flexor oris,Hajlító
flexura hepatis,májgörbület
fluidus,folyadék
fluoroscopia,flouroszkópia
focalis,"gócos, központi"
focus,góc
foetor,büdös
foetor ex ore,büdös lehellet
folliculi lymphatici,nyiroktüszőhalmaz
folliculitis,szőrtüszőgyulladás
Folliculus,Tüsző
forámen,"száj, nyílás"
foramen ovale,"a szív két pitvara közti nyílás, amely a születés után nemsokkal elzáródik"
foramen vertebrale,csigolyalyuk
foraminalis,nyílással kapcsolatos
formatio abscessus,tályog képződés
formatio oedemica,vízenyőképződés
formatio reticularis,hálózatos állomány
formicatio,"bizsergés, hangyamászásérzés"
formis,alakú
formix cerebri,agyvelőboltozat
fornix,boltozat
fossa axillaris,hónaljárok
fossa cranii anterior,elülső koponyagödör
fossa cranii media,középső koponyagödör
fossa cranii posterior,hátsó koponyagödör
fossa hypophysealis,töröknyereg mélyedése
fossa iliaca,csípőárok
fossa poplitea,térdhajlati árok
fossa popliteae,térdhajlat
fossa rhomboidea,csüllőárok
fossa scaphoidea,sajkaárok
fossa temporalis,halántékárok
fóssula,gödröcske
fractura,csonttörés
fractura colli femoris,combnyaktörés
fractura columnae vertebralis,gerinctörés
fractura digiti,ujjtörés
fractura ossis carpi,kézcsonttörés
fractura pedis,lábtörés
fractura radii,orsócsont törése
fractura subcapitalis,fractura subcapitalis
fractura vertebrae,csigolyatörés
fragilis,törékeny
fragilitas,törékenység
fragmentum,töredék
fremitus,"rezgés, vibráció"
fremitus pectoralis,mellkasrezgés
"fremitus, tremor, trepidatio","remegés, reszketés"
frenectomia,frenulum műtéti eltávolítása
frenulum labii,ajakfék
frenulum labii inferioris,alsó ajakfék
frenulum labii superioris,felső ajakfék
frictio,súrlódás
frons,homlok
Frons ntis,homlok
Front-,Homlok
Frontalis,"Homloki, homlokhoz tartozó (frons)"
frontobasalis,homlokkal és orral kapcsolatos
fuliginosa,lepedékes
fuligo dentalis,"foglepedék, bakteriális plakk"
fulminans,villámló
Functio,Működés
functio laesa,működési hiba
functio vestibularis,vesztibuláris funkció
fundus,"fenék, alap"
fundus oculi,szemfenék
fungaemia,gombák a vérben
fungicid,gombaölő
funiculus anterior,fehér állomány elülső kötege
funiculus lateralis,fehér állomány két oldalsó kötege
funiculus posterior,fehér állomány hátulsó kötege
funiculus spermaticus,ondózsinór
funiculus umbilicalis,köldökzsinór
furunculus,"kelés, tályog"
fusi musculares,izom orsók
fusiformis,orsó alakú
Fusio/confusio dentium,Két fogcsíra összeolvadása
galactorrhoea,tejcsorgás
galns penis,makk
gameta,ivarsejt
gametogenesis,ivarsejtek kialakulása
gamogonia,ivaros szaporodás
Gangli-,Idegdúc
ganglia,idegdúcok
ganglia basalia,törzsdúc
ganglia sympathetica,szimpatikus dúclánc
ganglion,idegdúc
ganglion carpi,Ínburokból eredő ciszta a csuklónál
ganglion cerebrale,agydúc
ganglion pedale,lábdúc
ganglion trigeminale Gasseri,Gasser dúc
ganglion viscerale,zsigerdúc
gangraena,üszkösödés
gangraena pedis,lábfej gangréna
gaster,gyomor
Gastr-,Gyomor
gastralgia,gyomorfájás
gastrectomia,gastrectomia
gastritis,"gyomorhurut,  a gyomornyálkahártya gyulladása"
gastritis chronica superficialis,idült felszíni gyomorgyulladás
gastro-,gyomorral kapcsolatos
gastroduodenitis,gyomor- és nyombélgyulladás
gastro-duodenitis chronica minoris gradus,alacsony fokú krónikus gyomor és nyombélgyulladás
gastrodynia,gyomorfájás
gastroenteritis,a gyomor- és a bélnyálkahártya gyulladása
gastrointestinalis,gyomor- bélrendszeri
gastrokele,gyomorsérv
gastrolith,gyomorkő
gastrooesophagealis,gyomorral és nyelőcsővel kapcsolatos
gastropancreaticus,gyomorral és hasnyálmiriggyel kapcsolatos
gastropathia,gyomorbántalom
gastroscopia,gyomortükrözés
gastrostenosis,gyomorszűkület
gastrostoma,gyomorsipoly
gastrotomia,gyomor bemetszése
gelasmus,nevetőgörcs
gelatio,gélképződés
gemini,ikrek
gemmae gustatoriae,ízlelőbimbók
generatio,nemzedék
genesis,megteremtés
genetica,örökléstan
genetica experimantalis,kísérletes genetika
geniculatus,térdes
genitalia,nemi szervek
genitalia feminina,női nemiszervek
genitalia masculina,férfi nemiszervek
Genitalis,Nemi szervhez tartozó
genu,térd
genu recurvatum,hátrahajló térd
genu valgum,x-láb
genu varum,"dongatérdállás, o-láb"
genus,térd
geographica,térkép
geopathologia,orvosföldrajz
geophagia,földevés
George Louridas,George Louridas
germen dentis,"fog kórokozó, fogcsíra"
Giardia duodenalis,Giardia lamblia
gibbus,púp
gigantismus,óriásnövés
Gigantismus radicis,Fog gyökere nagy
gingiva,fogíny
gingivalgia,fogínyfájdalom
Gingivalis,Ínyszél felé tekintő irány
gingivitis,ínygyulladás
gingivitis chronica,idült ínygyulladás
gingivitis ulcerosa,fekélyes ínygyulladás
glabella,szemöldökköz
Gland-,Mirigy
glandula,mirigy
glandula Bartholini,Bartholini mirigy
glandula bulbourethralis,Cowper-mirigy
glandula lacrimalis,könnymirigy
glandula mammaria,tejmirigy
glandula parathyroidea,mellékpajzsmirigy
glandula parotis,fültőmirigy
glandula parotis accessoria,járulékos fültőmirigy
glandula pinealis,tobozmirigy
glandula pituitaria,agyalapi mirigy
glandula pituitaria anterior,agyalapi mirigy elülső lebenye
Glandula salivaris,Nyálmirigy
glandula sublingualis,nyelv alatti mirigy
glandula submandibularis,állcsont alatti nyálmirigy
glandula sudorifera,verejtékmirigy
glandula suprarenales accessoriae,járulékos mellékvesék
glandula suprarenalis,mellékvese
Glandula thyroidea,pajzsmirigy
glandula vestibularis major,Bartholin-mirigy
glandulae adrenales,mellékvesék
glandulae bronchiolares,hörgőmirigyek
glandulae cervicales,méhnyakmirigyek
glandulae cutis,bőr mirigyei
glandulae endocrinales,belső elválasztású mirigyek
glandulae gastricae,gyomormirigyek
glandulae intestinales,bélmirigyek
glandulae lacrimalis accessoriae,járulékos könnymirigyek
glandulae lactiferae,tejmirigyek
glandulae perianales,végbélnyílás körüli mirigyek
glandulae salivares,nyálmirigyek
glandulae salivariae minores,kis nyálmirigyek
glandulae sebaceae,faggyúmirigyek
glandulae sudoriferae,verejtékmirigy
glandulae suprarenales,mellékvesék
glandulae surodiparae,verejtékmirigy
glandulae tarsales,Meibom-mirigyek
glandulae thyroideae accessoriae,járulékos pajzsmirigyek
glandulae vestibulares minores,hüvelytornácfal nyálkamirigyek
glandularis,miriggyel kapcsolatos
Glans glandis,Makk
glans penis,hímvessző makkja
glaucoma,zöld hályog
glenoid,üregszerű
glenoidalis,sekély bemélyedés formájú
glioma,glióma
globulus vaginalis,pesszárium
globus,gömb
glomerulonephritis,érgomoly gyulladás a vesében
glomerulus,érgomolyag
Glossa,Nyelv
Glossalgia,Nyelvfájdalom
glossitis,nyelvgyulladás
glosso-,nyelv-
glossodynia,nyelvfájás
glossopyrosis,nyelvégés
Glossoschisis,Nyelvhasadék
Glossospasmus,Nyelvgörcs
glóttis,hangrés
glucosuria,cukorvizelés
glutén,a gabonafélék egyik fehérje alkotórésze
Gluteus,Far
glútos,fenék
Glyc-,Édes
glyco-,cukor
glycosum sanguini,vérglükóz
glycosuria,cukorvizelés
gnato-,állkapocs-
gnosis,"elismerés, tudás, ismeret"
gomphosis,csontbeékelődés
gonad,ivarmirigy
gonadalis,gonadális
gonades,ivarmirigy
gonalgia,térdfájdalom
gonarthrosis,gonartrózis
gonitis,térdízület-gyulladás
gonochorismus,váltivarúság
gonocyta,az ivarsejtek embrionális alakja
gonorrhoea,tripper
gonosoma,ivari kromoszóma
gradus,fokozat
granulocytopenia,granulocytopénia
granulocytus,granulocyta
granuloma,sarjdaganat
Grav-,"Terhes, súlyos"
gravid,állapotos
graviditas,terhesség
gravis,súlyos
gryposis,elgörbülés
gustus,étvágy
Gyn(ae)-,Nő
gynaecomastia,nőmellűség
habituatio,hozzászokás
Haem-,Vér
haemangioma,jóindulatú vérérdaganat
haemarthros,izületi bevérzés
haemarthrosis,bevérzés az izület üregébe
haematemesis,véres hányás
haemathidrosis,véres verejtékezés
haematochesia,vér székelés
haematocolpos,vér a hüvelyben
haematoencephalon,agyvérzés
haematoencephalon,bevérzés az agyvelőbe
haematogen,vérképző
haematologia,hematológia
haematoma,"bevérzés, zúzódás"
haematometra,vér megrekedése a méhben
haematopoesis,vérsejtképződés
haematuria,véres vizelet
haemocyti,vérsejtek
haemoglobin,hemoglobin
haemoglobin,vörös vérfesték
haemopericardium,vérömleny a szívburokban
haemoperitoneum,vérömleny a hasüregben
haemopoesis,vérképzés
haemopoeticus,vérképző
haemoptoe,hemoptízis
haemorrhagia,vérzés
haemorrhagia cerebri,agyvérzés
haemorrhagia intestinalis,bélvérzés
haemorrhagia renis,vesevérzés
haemorrhagia retinalis,szemfenékvérzés
haemorrhagia subarachnoidalis,szubarachnoidális vérzés
haemorrhagicus,vérző
haemorrhoidectomia,aranyér műtéti kivágása
haemothorax,vérömleny a mellkasban
haemotympanum,bevérzés a középfülben
halitus,belégzés
hallucinatio,hallucináció
hallux,nagy lábujj
hallux flexus,a nagylábujj behajlított állapota
hallux rigidus,merev öregujj
hamatus,kampós
"hátsószéléneponychium, perionychium",körömsánc
haustra coli,a vastagbél kiöblösödései
haústrum,vastagbél fal kiöblösödés
haustrum coli,vastagbélgurdély
HCG,"humán choriogonadotropin, az anyai szervezet által termelt hormon"
heamatochesia,piros vér a székletben
helminthicus,férges
helmintosis,bélférgesség
heloma,bőrkeményedés
hematuria,vérvizelés
hemeralopia,"farkasvakság, szürkületi vakság, nappali gyengénlátás"
hemicrania,féloldali fejfájás
hemispherium,agyfélteke
hemispherium cerebelli,két félteke
hepar,máj
hepar adiposum,zsírmáj
Hepar atis,Máj
Hepat-,Máj
hepaticus,májhoz tartozó
hepatitis,májgyulladás
hepatocyti,májsejtek
hepatopathia,májbántalom
hepatosplenomegalia,"Máj, lép megnagyobbodása"
herba officinalis,gyógynövény
hermaphroditismus,hímnősség
hermaphroditismus,kétneműség
hernia,sérv
hernia adiposa,zsírsérv
hernia cerebri,agysérv
hernia diaphragmatica,rekeszizomsérv
hernia disci,porckorong kidülledés
hernia disci incarcerata,porckorongsérv kizáródás vagy becsípődés
hernia femoralis,combsérv
hernia hepatitis,májsérv
hernia inguinalis,lágyéksérv
hernia umbilicalis,köldöksérv
hernia ventralis,Hasfali sérv
hernia ventriculi,gyomorsérv
herniatio,sérvképződés
herpes genitalis,nemi herpesz
herpes gestationis,terhességi herpes
herpes labialis,ajaksömör
herpes simplex,"egyszerű sömör, herpesz"
herpes zoster,övsömör
Heter-,"Eltérő, más"
hetero-,eltérő
hiatus,hasadék
hidradenitis,verejtékmirigy gyulladása
hidrosis,izzadás
hilum,erek belépési és kilépési helye
Hilus,Kapu
hilus lienis,lépkapu
hilus pulmonis,tüdőkapu
Hilus renalis,vesekapu
hiperglikémia,a vércukor normálisnál magasabb szintje
hipoglikémia,a vércukor normálisnál alacsonyabb szintje
hipoxia,a szövetek nem megfelelő oxigénellátása
hirci,hónaljszőr
hircismus,hónaljszag
hirsuta,szőrös
hirsutus,hajas
hirudo,nadály
hirundo,fecske
Hist-,Szövet
histo,szövet
histogenesis,szövetfejlődés
histolysis,szövetbomlás
histopathologia,kórszövettan
histotomia,szövetmetszet készítése
homeo-,azonos
homeostasis,egyensúly
homeostasis,"homeosztázis, belső környezet állandósága"
homologia,hasonlóság
Horizontalis,Vízszintes
"hormon, hCG",humán chorion-gonadotropin
"hormonum antidureticum, ADH, vasopressinum",antiduretikus hormon
hospitalisatio,hoszpitalizálás
Humanus,emberi
Humerus,"felkarcsont, felkar"
humiditas,páratartalom
humidus,nedves
humor aquaeus,vizes folyadék
humor aqueus,csarnokvíz
humoralis,testnedvvel kapcsolatos
hyalinum,üvegszerű
Hydr-,Víz
hydrophobia,víziszony
hydrops,folyadékgyülem
hydropyonephrosis,gennyes zsákvese
hydrosalpinx,folyadékkal telt petevezeték
hygienia sexualis,nemi egészségügy
hymen,szűzhártya
hyoscyamus,beléndek (egy mérgező növény)
Hyp-,Alatt
hypaesthesia,"csökkent érzékenység, érzéscsökkenés"
hyper,döntő
Hyper-,Felett
hyperacusis,rendkívül érzékeny hallás
hyperaemia,vérbőség
hypercholesterinaemia,magas vérkoleszterinszint
hyperemesis,nagymértékű hányás
hyperemesis gravidarum,nagymértékű hányás a terhességben
hypergranulatio,túlsarjasodás
hyperkalaemia,magas vérkáliumszint
hyperkapnia,hiperkapnia (vér széndioxid szintjének emelkedése)
hyperkeratosis,egyfajta bőrrendellenesség
hyperkinesis,fokozott mozgás
hypermetropia,távollátás
hyperostosis,a csont túlnövése
hyperplasía,kóros burjánzás
hyperprolactinaemia,magas vérprolactinszint
hypersalivatio,nyálmirigyek fokozott működése
hypertelorismus,kórosan nagy távolság valamely páros szerv két tagja között
hypertensio,magas vérnyomás
hyperthyreosis,a pajzsmirigy fokozott működése
hyperthyroidismus,hipertireózis
hyperthyroidismus,pajzsmirigy túlműködés
hypertonia,magas vérnyomás
hypertonia maligna,vészes magas vérnyomás
hypertonicus,Magas vérnyomásos
hypertrichosis,túlzott szőrösség
hypertrophia,túltengés
hypo-,alatt
hypogastrium,alhas
hypoglossus,nyelv alatti
hypoglycaemia,alacsony vércukorszint
hypogonadismus femininus,női hipogonadizmus
hypokalaemia,hipokalémia
hyponatraemia,hyponatrémia
hypopharynx,algarat
hypophysis,agyfüggelék
hypophysis,agyalapi mirigy
hypothalamus,közti agy
hypothenar,kisujjpárna
hypothermia,"kihűlés, lehűlés"
hypothesis,sejtés
hypothyreosis,Pajzsmirigy-alulműködés
hypothyroidismus,csökkent pajzsmirigy-működés
hypotonia,alacsony vérnyomás
hypoventilatio,hipoventiláció
hysterectomia,méh műtéti eltávolítása
hysterectomia abdominalis,méheltávolítás hasmetszéssel
hystericus,hisztériás
hystero-,méh-
hysterokele,méhsérv
hysteroscopia,méh tükrözése
hysteroscopia,méhüreg tükrözés
hysterospasmus,méhgörcs
hysterotomia,méh műtéti metszése
iasis,Betegség
iatrogen,orvosi eredetű
ichor,sebváladék
icterus,sárgaság
icterus neonatorum,sárgaság okozta agykárosodás
ileitis,vékonybélgyulladás
ileitis terminalis,Crohn betegség
ileocecalis,csípőbéllel és vakbéllel kapcsolatos
ileum,csípőbél
ileus,bélcsavarodás
ília,lágyékok
Ilia ium,Csípő
ilium,csípő
im-/in-,en-
íma; ímus,legmélyebb
imago,ábrázolás
immaturus,éretlen
immobilis,mozdulatlan
immunisatio,immunizáció
immunisatio,védőoltás
immunitas,immunitás
immunitas,védettség
immunszupresszió,az immunredszer aktivitásának gyógyszeres csökkentése (pl. szervátültetések után)
IMP,"implantatum, beültetés"
Impactio dentis,Fogbeékelődés
impedimentum haemato-aericum,vér-levegő gát
impedimentum haemato-aquaticum,vér-nedv gát
impedimentum haemato-aquosa,vér-nedv gát
impedimentum haemato-cerebrale,agy-vér gát
impedimentum haemato-nervosum,vér-ideg gát
imperfectus,tökéletlen
impl.valv.aortae arteff.,mű aorta billentyű beültetés
implantatio,beágyazódás
implantatum,implantatum
implantatum cochleare,cochlea-implantátum
impotentia,képtelenség
impressio,benyomat
imterstitialis,sejtközötti
imus,legalacsonyabb
in situ,eredeti helyzetben
in soliudum,egyetemlegesen
in vivo,az élő szervezetben
inactiva,inaktív
inactivitas,tétlenség
incarceratio,becsípődés
incestus,vérfertőzés
incineratio,égetése
incineratio,elhamvasztás
incipiens,kezdődő
Incisialis,Metszőfogak éle felé tekintő irány
incisio,bemetszés
incisiv,metsző
incisívus,metszőfog
incisura,bemetszés
incisura trochlearis,ízületi bevágás
inclinatio,dőlés
incompletus,befejezetlen
incontinentia,"inkontinencia, vizelettartási nehézség"
incretorius,belső elválasztású
incubatio,lappangási időszak
incubus,lidércnyomás
incus,üllő
índex,mutatóujj
indifferens,közömbös
indigestio,emésztési zavar
indisputabilis,nem vitatott
individuum,egyén
indolens,fájdalmatlan
induratio,keményedés
induratio penis plastica,Peyronie-kór
induratus,megduzzadt
infans,gyermek
infantilis,gyermekes
infarctus,infarktus
infarctus lacunaris,lacunaris infarctus
infarctus myocardii,szívinfarktus
infarctus trunci cerebri,agytörzs infarktus
infectio,fertőzés
infectio auris mediae,középfül-fertőződés
infectio Cestodae,galandféreg-fertőzés
infectio cum viro cytomegalo,cytomegalovirus-fertőzés
infectiosus,ragályos
inferior,"alábbvaló, alsó"
infertilis,meddő
infiltratio,átszivárgás
infiltratus,beszűrődött
inflammatio,gyulladás
inflatus,felfúvódott
inflectio,behajlítás
inflexio,áthajlás
influentia abducens,abducens-befolyás
"infra-, sub-","alatt, alatti"
infraclavicularis,kulcscsont alatti
infractio,szabálysértés
infraorbitalis,szemüreg alatti
infraspinatus,lapockatövis alatti
infrictio,bedörzsölés
infundibulum,petevezeték tölcsére
infusum laxativum,hashajtó forrázat
infusum rhei cum natrio carbonico,rheum-öntelék szénsavas szikenynyel
ingestio,táplálékfelvétel
inguen,ágyék
inhaerens,velejáró
inhalasolum,belégzésre való oldat
inhalatio,belélegzés
iniectio,"injekció, befecskendezés"
innervatio,beidegzés
innocens,jóindulatú
innominatus,névtelen
innoxius,ártalmatlan
inoblast,kötőszöveti sejt
inoculatio,beoltás
inoperabilis,nem operálható
inquisitio,vizsgálat
insitu,méhen belüli eszközök
insaccatio,betokolódás
insanabilis,gyógyíthatatlan
insania,eszelősség
insectum,rovar
insertio intrauterina,méhen belüli eszközök
insipidus,íztelen
"insolatio, heliotherapia",napozás
instillatio,becseppentés
instillatio ophthalmica,szemcseppek
instrumentum,eszköz
insufficientia,elégtelenség
insufficientia bicuspidalis,kéthegyű billentyű elégtelenség
insufficientia cordis,szívelégtelenség
insufficientia corticis glandulae suprarenalis,mellékvesekéreg-elégtelenség
insufficientia renalis,vese elégtelenség
insufficientia valvae cordis,szívbillentyű elégtelenség
insufficientia valvulae mitralis,mitrálisbillentyű-elégtelenség
insufficientia valvularis,billentyűelégtelenség
insufflatio,befúvás
insula,sziget
insulae Langerhansi,Langerhans szigetek
int oph,szemcseppek
int oto,fülcseppek
integer,sértetlen
integumentum,kültakaró
inter,között
intercellularis,sejtközötti
intercostalis,bordaközi
interdentium,fogköz
interior,belül levő
interlobaris,lebenyek közti
interlobularis,kis lebenyek közti
intermedius,intermedier
intermittens,időnkénti
intermuscularis,izomközti
internus,Belső
interossealis,interosszeális
interosseus,csontok közötti
interpolaris,pólusok közötti
interruptio,félbeszakítás
interstitialis,szövet közötti
interstítium,hely
intertrigo,kipállás
interuretericus,húgyvezeték-közti
interventricularis,kamrák-közötti
intervertebralis,csigolyák közötti
intervillosus,bütykök közötti
Intestin-,Bél
intestina,belek
intestinalis,belekkel kapcsolatos
Intestinum,bél
intestinum crassum,vastagbél
intestinum ileum,csípőbél
intestinum jejunum,éhbél
intestinum tenue,vékonybél
intestinumjejunum,jejunum
intimus,legbelső
intoxicatio medicamentorum,gyógyszermérgezés
intra,belül
intracellularis,sejten belüli
intracutaneus,bőrön belüli
intracutaneus,intrakután
intraductalis,kivezetőcsőben található
intraepithelialis,epitheliumban elhelyezkedő
intraglutealis,farba
intralobaris,lebenyen belüli
intralobularis,kis lebenyen belüli
intramuralis,falban található
intramuscularis,izomban történő
Intraoralis,Szájon belül
intrathecalis,gerincűrön belüli
intrauterin,méhen belüli
intravasalis,erekben található
"intravenosus, i. v.",intravénás
introitus,bejárat
introitus vaginae,hüvelynyílás
intumescentia,duzzanat
intumescentia cervicalis,gerincvelő nyaki szakasza
intumescentia lumbalis,gerincvelő lumbalis szakasza
intumescentia lumbosacralis,gerincvelő ágyéki és keresztcsonti duzzanata
intussusceptio,bélbetüremkedés
inuctio,bekenés
invasio,terjedés
invers,fordított
inversio,befelé fordulás
inversio uteri,méhbefordulás
inversus,befordult
involutio,visszafejlődés
inzulin,"a hasnyálmirigy hormonja, mely a vércukorszintet csökkenti azáltal, hogy a cukor sejtekbe való bejutását segíti elő"
io,"-ás, -és"
iodum,jód
ipecacuanha,hánytató gyökér
Ipratropii bromidum,ipratropium-bromid
irremediabilis,nem gyógyítható
irrigatio,beöntés
ischaemia,vértelenség
ischaemia cerebri,agyszövet elégtelen ellátása
ischiadicus,far-
ischiádicus,ülőcsonttal kapcsolatos
Ischion,Ülő(csont)
ischium,fenék
Iso-,"Azonos, hasonló"
isodens,közepes sűrüségű
Isolalas,Elkülönítés
isolatio,elidegenedés
isthmus,"szűkület, keskeny mirigyrész"
isthmus faucium,torokszoros
iszkémia,érszűkület miatt egy adott szerv nem megfelelő vérellátása
itis,Gyulladás
jejunum,éhbél
jugularis,torkolati
jugulum,nyak
Jugulum (iugulum),torok
jugum,járom
Junct-,Kapocs
junctio,érintkezés
junctura,összekapcsolódási pont
junctura dentoalveolaris,csontbeékelődés
juniperus,boróka
juvans,segítő
juvenilis,fiatal
juxta,mellett
juxta-,szomszédos
juxta- (iuxta-),para-
juxtaarticularis,ízület melletti
juxtaauricularis,fülkagyló melletti
juxtamuralis,fal mellett elhelyezkedő
juxtapositio,egymás melletti elhelyezkedés
juxtapyloricus,gyomorkapu melletti
kainophobia,"félelem mindentől, ami új"
Kalii acetas,kálium-acetát
Kalii permanganas,kálium-permanganát
kalium aceticum solutum,ecetsavas kalium-oldat
Kalium bromatum,káliumbromid
kalium carbonicum crudum,nyers szénsavas kalium
kalium carbonicum depuratum,tisztított szénsavas kalium
kalium carbonicum solutum,feloldott szénsavas kalium
kalium chloricum,chlorsavas kalium
kalium hydro-oxydatum,kaliumhydrat
kalium hydro-tartaricum,savanyú borkősavas kalium
kalium hypermanganicum,felmangansavas kalium
kalium iodatum,iodkalium
kalium natrio-tartaricum,borkősavas kalium-natrium
kalium nitricum,légenysavas kalium
kalium stibio-tartaricum,borkősavas antimon-kalium
kalium sulfuratum,kénkalium
kalium sulfuratum pro balneo,kénkalium fürdőkhöz
kalium sulfuricum,kénsavas kalium
kalium tartaricum,közönyös borkősavas kalium
kamala,rottlera tinctoria roxb
kamra,"a szív négy üregéből azon kettő, amelyek a vért kipumpálják a szívből"
kamrafibrilláció,"a kamrákat alkotó szívizomsejtek kontrollálatlan összehúzódása, amely véráramlást már nem eredményez"
kapilláris,hajszálér
kardiológia,szív és érrendszerrel foglalkozó tudományág
kardiológus,szakorvos akinek a szakterülete a szív és érrendszeri megbetegedések
kardiomiopátia,"szívizombetegség, melynek során a szív izomereje egyre gyengül"
kardiovaszkuláris,szív- érrendszeri
kary-,sejtmagra vonatkozó
karyon,sejtmag
Kawasaki betegség,"immunológiai megbetegedés, néha súlyos, szívet érintő szövődményekkel"
Kerat-,Szaru
keratalgia,szaruhártya-fájdalom
keratitis,szaruhártya-gyulladás
kerato-,hám-
keratoconjunctivitis phlyctaenosa,ekcémaszerű kötőhártyagyulladás
keratoid,szaruszerű
keratomalacia,szaruhártya-lágyulás
keratosis,szarusodás
keratosis lichenoides chronica,Nekam betegség
ketogen,ketontestet képző
ketonuria,ketonuria
kinesis,mozgás
kinetikus,mozgási
kino,kinomézga
klimax,változás kora
koilonychia,kanálszerű köröm
kreosotum,kreosot
kryotherapia,gyógyítás fagyasztással
kryptorchismus,rejtettheréjűség
kusso,brayera virágai
kyphosis,"hátradomborodó hajlat, púp"
l. s.,bal oldal
l.d.,jobb oldal
Labi-,Ajak
labia,"ajkak, szeméremajkak"
labia majora,nagyajkak
labia minora,kisajkak
labialis,ajakhoz tartozó
labilis,nem stabil
Labium,Ajak
labium majus pudendi,nagy szeméremajkak
labium minus pudendi,kis szeméremajkak
labium oris,ajak
labium pudendi,szeméremajak
labium superior,felső ajak
labores parturientium,szülőfájások
labyrinthitis,belsőfül-gyulladás
labyrínthus,útvesztő
labyrinthus membranaceus,hártyás labirintus
labyrinthus osseus,csontos labirintus
lac mulierum,anyatej
lac neonatorum,boszorkánytej
laceratio,szakadás
laceratus,beszakadt
lacertus,rostos
lacerum,zúzott seb
lacinia,rongy
lacrima,könny
lactacidaemia,tejsavacidózis
lactans,szoptató
"lactat-dehydrogenasum, LDH",laktát-dehidrogenáz enzim
lactatio,szoptatás
lactifer,lactifer
lactiferus,tejvezető
lactis,tej
lacto-,tej-
lactucarium,salátanedv
lacuna,gödör
lacunae urethrales,vak járatok
lacunaris,gödrös
laesio,"sérülés, seb"
laesio cerebri non-progressiva,nem-progresszív agy lézió
laesio cerebri progressiva,rosszabbodó agykárosodás
laesio cerebri progressiva cum effusionem subduralis,progresszív agykárosodás szubdurális bevérzéssel
laesio cerebri progressiva cum neurodysphagiam,rosszabbodó agykárosodás idegi alapú nyelési nehézséggel
laesio cutanea,bőrrendellenesség
laesio lacunaris,lacunaris laesio
laesio renalis,vese betegség
laesio ungulae,körömsérülés
laesus,sérült
Laev-,Bal
laevigatio,szétmorzsolni
laevocardia,baloldali szív
lallatio,dadogás
lambdoideus,"Lambda-, lambda alakú"
Lamblia intestinalis,Giardia lamblia
lamella,"vékony lemez, lemezke"
lamina basalis,"alaplemez, basalis membrán"
lamina cribrosa,szitalemez
lamina granularis externa,külső szemcsés réteg
lamina granularis interna,belső szemcsés réteg
lamina molecularis,molekuláris réteg
lamina mucosa gastrica,gyomor nyálkahártya
lamina pyramidalis interna,nagy piramissejtek rétege
lamina quadrigemina,ikertestek telepe
lamina serosa,savós lemez
lamina serosa parietalis,lamina serosa parietalis
lamina serosa visceralis,zsigereket borító zsigeri lemez
lamina terminalis,határlemez
lamina visceralis,zsigeri lemez
laminodesis,csigolyaívek összekötése
lana gossypii,gyapotvatta
lanatus,gyapjas
lancinatus,szaggató
lanugo,"finom szőrzet, mely a magzatot röviddel megszületés előtt és utána néhány napig borítja"
laparokele,hasfalsérv
laparoscopia,"a hasüregben, a hasfalon keresztül szúrt endoszkóppal végzett műtét"
laparotomia,hasmetszés
laparotomia,a hasüreg megnyitásával végzett műtét
lapis haematites,vérkő
lappangási idő,fertőző betegségek esetében: a megfertőződéstől a tünetek megjelenéséig terjedő időszak
lapsus,botlás
lapsus linguae,nyelvbotlás
larix,vörösfenyő
larvacid,lárvát pusztító
Laryng-,Gége
laryngalgia,gégefájdalom
laryngectomia,gégekiirtás
laryngeus,gégével kapcsolatos
laryngismus,gégeizomgörcs
laryngitis,gégegyulladás
laryngitis crouposa,álhártyás gégegyulladás
laryngitis necrotisans,elhalásos gégegyulladás
laryngitis subglottica,krupp
laryngitis suppurativa,gennyes gégegyulladás
laryngodynia,gégefájdalom
laryngokele,gégesérv
laryngologia,gégészet
laryngoparalysis,gégeizom-bénulás
laryngopathia,gégebántalom
laryngopharyngitis,gége- és garatgyulladás
laryngopharynx,algarat
laryngophthisis,gégegümőkór
laryngoplastica,gége plasztikai műtéte
laryngoplegia,gégeizom-bénulás
laryngorrhagia,gégevérzés
laryngorrhaphia,gégevarrat
laryngoscopia,gégetükrözés
laryngospasmus,laringospazmus
laryngostenosis,gégeszűkület
laryngotomia,gégemetszés
laryngotracheitis,gége- és légcsőgyulladás
laryngotracheoscopia,gége- és légcsőtükrözés
larynx,gége
lassitudo,gyengeség
lassitudo,kimerülés
latebra,rejtekhely
latens,lappangó
Later-,Oldal
Lateralis,"oldalsó, a középvonaltó távol eső (medialissal ellentétes irány)"
Lateralis dextri,Jobb oldali
Lateralis sinistri,Bal oldali
lateris dextri,jobb oldal
lateris sinistri,bal oldali
lateris utriusque,mindkét oldal
laterobasalis,oldallal és alappal kapcsolatos
laterodorsalis,oldalsó és hátulsó
lateroflexio,oldal hajlás
latíssimus,legszélesebb
latitudo,"szélesség, tágasság"
latus,oldal. Széles
laurocerasus,borostyánmegy
laurus,babér
lavage,kiöblítés
lavatio,öblítés
laxativus,hashajtó
laxus,petyhüdt
LDH,laktátdehidrogenáz (egyfajta tejsav)
lege artis,szabály szerint
legumen,hüvely
lei(o)-,sima-
leiodermia,simabőrűség
lema,csipa
lemniscus,szenzorikus idegköteg
leniens,enyhítő
lens,szemlencse
lentitis,szemlencsegyulladás
lentus,"lassú, meghosszabbodott"
lepra,lepra
lepto-,keskeny-
leptomeningitis,lágy-agyhártyagyulladás
lesio iatrogenica,orvosok által okozott laesio
letalitas,halandóság
leucocytopenia,alacsony fehérvérsejtszám
leucocytosis,magas fehérvérsejtszám
leucoderma,fehér bőr
leucodystrophia,leukodisztrófia
leucopoesis,fehérvérsejtek fejlődése
leukaemia,fehérvérűség
leukocyta,fehérvérsejt
leukocyti mononucleares,egymagú fehérvérsejtek
leukocytosis,fehérvérsejtek számának megnövekedése a vérben
Levatio,Emelés
Levator,Emelő
levis,sima
levo,bal
levocardia,balszívűség
lex,törvény
lézió,"sérülés, seb"
libido,nemi vágy
lien,lép
lien accessorius,melléklép
ligamenta,szalagok
ligamenta articularia,izületi szalagok
ligamenta vocalia,hangszalagok
ligamentosus,inas
ligaméntum,tartószalag
ligamentum carpi dorsale et transversum,hátsó és haránt kéztőszalag
ligamentum collaterale laterale,lateralis oldalszalag
ligamentum collaterale mediale,medialis oldalszalag
ligamentum conicum,gyűrűporc ív
ligamentum cruciatum anterius,elülső keresztszalag
ligamentum cruciatum anterius et posterius,keresztszalagok
ligamentum cruciatum posterius,hátulsó keresztszalag
ligamentum inguinale,lágyékszalag
ligamentum latum uteri,széles méhszalag
ligamentum longitudinale posterius,hátsó hosszú szalag
ligamentum sacrouterinum,keresztcsont-szalagok
ligamentum teres uteri,kerek méhszalag
ligamentum vocale,hangszalag
ligatura,lekötés
limen,átnyúló
linea,vonal
linea alba,fehér vonal
linea anorectalis,végbél és végbélnyílás kapcsolat
Lingu-,Nyelv
lingua,nyelv
Lingua scrotalis,Barázdált nyelv
lingua villosa negra,szőrös nyelv
Lingualis,"Alsó, belső felszín (nyelv felöli)"
lingula,nyelvecske
linia cellularis,sejtvonal
linimentum,kenet
linimentum ammoniatum,illó kenőcs
linimentum saponato-camphoratum,kámforos szappankenőcs
linitis,gyomorfalgyulladás
linum,len
Lip-,Zsír
lipaemia,lipémia
lipid,a vérben lévő zsíros anyagok összefoglaló neve
lipida,zsírok
lipo-,zsír-
Lipoarthritis traumatica genu,Hoffa betegség
lipogen,zsírképző
lipogenesis,zsírképzés
lipolysis,zsírbontás
lipoma,zsírdaganat
lipoma axillaris,hónalj zsírdaganat
lipomatosis,lipomatózis
lipomatosis dolorosa,fájdalmas zsírlerakódás
lipometabolismus,zsíranyagcsere
lipopexia,zsírlerakódás szövetekben
lipophil,lipophil
lipoproteinek,a vérben lévő zsíros anyagok szállítói
lipotrop,zsírbontó
"lipreading, lip-reading",szájról olvasás
lipuria,zsírvizelés
liquefactio,elfolyósodás
liquiritia,édesgyökér
liquor,"gerincnedv, testnedv"
liquor acidus halleri,haller savanyú folyadéka
liquor amnii,magzatvíz
liquor cerebrospinalis,agyi-gerincvelői folyadék
liquor cerebrospinalis,agyvíz
liquor cystis,cizsta folyadék
liquor extracellularis,sejten kívüli folyadék
liquor folliculli,tüszőfolyadék
liquor intracellularis,folyadék a sejt belsejében
liquor synovialis,ízületi folyadék
liquores corporis,testnedvek
lissencephalia,agykéregtekervények hiánya
listhesis,csigolyaelcsúszás
litho-,kő-
lobi optici,látólebenyek
lobitis,lebenygyulladás
lobuli testis,herelebenykék
lobulus,kis lebeny
Lobus,Lebeny
lobus cerebri,agylebeny
lobus dexter,jobb lebeny
lobus dexter hepatis,máj jobb lebenye
lobus frontalis,homloklebeny
lobus insularis,insularis lebeny
lobus occipitalis,nyakszirti lebeny
lobus olfactorius,szaglólebeny
lobus parietalis,fali lebeny
lobus sinister,bal lebeny
lobus sinister hepatis,máj bal lebenye
lobus temporalis,halántéklebeny
Loc-,Hely
loca authentica,hiteles helyek
localis,helyi
localisatio,lokalizálás
locomotio,térbeli mozgás
locomotorius,Mozgáshoz tartozó
loculatum,rekeszes
loculus,rekesz
locus,hely
logorrhoea,bőbeszédűség
longíssimus,leghosszabb
Lox-,Ferde
Loxosceles reclusa,barna hegedupók
lucidus,világos
lues,szifilisz
lues congenita,Veleszületett szifilisz
lumbago,derékzsába
lumbal-,ágyék-
lumbalis,ágyéki
lumbalisatio,lumbarizáció
lumboischialgia,ágyék és csípőfájdalom
lumbosacralis,lumboszakrális
lumbricalis,féregszerű
lumbus,ágyék
lumen,az ér belseje
luteus,sárga
luxatio articulationis genus,térdízületficam
luxatio colli,nyakficam
luxatio coxae,csípőficam
luxatio genus,térdficam
luxatio lentis,szemlencseficam
luxatio tendinis,ínficam
Lymph-,Folyadék
lympha,nyirok
lymphadenitis,nyirokcsomó gyulladás
lymphadenitis coli,nyak nyirokcsomó gyulladás
lymphadenitis l.d.,jobb oldali nyirokcsomó gyulladás
lymphadenitis l.s.,bal oldali nyirokcsomó gyulladás
lymphadenomegalia,nyirokcsomó megnagyobbodás
lymphadenomegalia colli,nyaki nyirokcsomó megnagyobbodása
lymphadenopathia,nyirokcsomó-betegség
lymphangitis,nyirokérgyulladás
Lymphaticus,Nyirok
lympho-,nyirok-
lymphocyta,nyiroksejt
lymphocyti,"lymphocyták , nyiroksejtek"
lymphocyti B,B-fehérvérsejtek
lymphocytus,"limfocita, nyiroksejt"
lymphoedema,nyirokpangás által keletkezett dagadás
lymphoglandula,nyirokcsomó
lymphorrhoea,nyirokfolyás
lymphosarkoma,"Lymphosarcoma, nyirokrák"
lymphovascularis,nyirokeres
lyra,izolálóállvány
lysis,"Oldódás, oldás"
lyssa,veszettség
lyticus,sejteket tönkretevő
m. abductor digiti minimi,kisujjtávolító izom
m. abductor digiti quinti,kisujjtávolító izom
m. abductor hallucis,nagyujjtávolító izom
m. abductor pollicis brevis,rövid hüvelykujj-távolító izom
m. abductor pollicis longus,hosszú hüvelykujjtávolító izom
m. adductor brevis,rövid combközelítő izom
m. adductor hallucis,nagyujjtávolító izom
m. adductor longus,hosszú combközelítő izom
m. adductor magnus,nagy combközelítő izom
m. adductor pollicis,hüvelykujj-közelítő izom
m. anconeus,könyök-
m. brachioradialis,kar orsócsonti izom
m. brachioradialis,karhajlító izom
m. extensor digitorum,ujjakat feszítő izom
m. extensor digitorum longus,hosszú lábujjakatfeszítő izom
m. extensor hallucis longus,hosszú öregujfeszítő izom
m. fibularis brevis,rövid szárkapocsizom
m. flexor digitorum profundus,mély ujjakat hajlító izom
m. flexor hallucis longus,hosszú lábujjakat-hajlító izom
m. gastrocnemius,kétfejű lábikraizom
m. gluteus maximus,nagy farizom
m. gracilis,karcsúizom
m. iliacus,csípőizom
m. iliocostalis,csípőbordaizom
m. pectineus,fésűsizom
m. pectoralis,mellizom
m. peroneus brevis,rövid szárkapcsi izom
m. peroneus longus,hosszú szárkapcsi izom
m. piriformis,körteképű izom
m. quadratus femoris,négyszögű combizom
m. quadratus lumborum,négyszögű ágyékizom
m. quadriceps femoris,négyfejű combizom
m. sartorius,szabóizom
m. scalenus anterior,elülső ferde nyakizom
m. scalenus medius,középső ferde nyakizom
m. semitendinosus,féliginasizom
m. soleus,gázló izom
m. tensor fasciae latae,combpólyafeszítő izom
m. tibialis anterior,elülső sípcsonti izom
m. transversospinalis,haránt tövisnyulványi izom
m. triceps surae,háromfejű lábikraizom
"Macr-, mega-, megal-",Nagy
macro,magasfokú
macrocephalia,Nagyfejűség (macrocephalia)
macroglossia,Nagynyelvűség (macroglossia)
macroglossia,nyelvmegnagyobbodás
macrophagi,immunsejtek
macrosomia,nagytestűség
macrostomia,nagyszájúság
macrotia,nagy fülek
macula,a bőr nem kiemelkedő foltszerű elváltozása
macula corneae,szaruhártyafolt
macula lutea,sárga folt
magalomania,"túlzó téveszme, lelki zavarodottság, nagyzási hóbort"
magis,"több, tovább"
Magnesii peroxidum,magnézium-peroxid
magnesium carbonicum hydro-oxydatum,szénsavas magnesium-hydroxyd
magnesium hydro-oxydatum,magnesium-hydroxyd
magnesium oxydatum,magnesiumoxyd
"Magnesium oxydatum, Magnesii oxidum",magnézium-oxid
magnesium sulfuricum,kénsavas magnesium
magnocellularis,nagysejtes
maioris gradus,magas fokú
major,magasfokú
"Major, majus",nagyobb
makrodontia,Fog - nagyobb az átlagosnál
makroglosszia,a nyelv a szokásosnál nagyobb méretű
mala,arc
malabszorpció,felszívódási zavar
malacia,Lágyulás
male,rosszul
malf. renis,vese malformáció
malformatio,deformáltság
malformatio renis,vese malformáció
malignus,rosszindulatú (pl. daganat)
malleoláris,bokával kapcsolatos
malleolus,boka
malleolus lateralis,külső boka
malleolus medialis,belső boka
malleus,hallócsontocska (kalapács)
malnutritio,"alultápláltság, hiányos táplálkozás"
malnutritio,hiányos táplálkozás
malpositio,rendellenes elhelyezkedés
malum,betegség
malva,papsajt
mamilla,emlőbimbó
mamilla,bimbó
mamillae,mellbimbók
mamillaris,emlőbimbószerű
mamma,emlő
mamma masculina,férfiemlő
mammae,emlővel kapcsolatos
mammalis,emlőhöz tartozó
mancinismus,balkezesség
mandibula,állkapocs
manducatio,rágás
mane,reggel
manganum hyperoxydatum nativum,természetes manganfeléleg
manifestus,megmutatkozó
manna,manna
mannitum,mannacukor
manubrium,markolat
manubrium sterni,szegycsont markolata
manus,kéz
marginalis,szélen levő
Margo lateralis,oldalsó él/határ
Margo medialis,középső él/határ
marsupium,herezacskó
maschaloncus,hónaljdaganat
masculinus,férfi
massa,tömeg
Masseter,Rágó (izom)
mastadenoma,emlődaganat
mastalgia,mellfájdalom
masticatio,rágás
mastiche,növényváladék
mastitis,emlőgyulladás
masto-,emlő-
mastocyta,hízósejt
mastocyti,hízosejtek
mastodynia,emlőfájdalom
mastoideus,Csecs-
mastoiditis,csecsnyúlvány gyulladás
mastoiditis,csecsnyúlványgyulladás
mastoido-,csecsnyúlvány-
mastoido-,masztoido-
mataplasia,szövetátalakulás
mater,"anya, burok"
matrix,anyaméh
matrix unguis,körömágy
maturatio,érés
maturus,érett
matutinus,reggeli
maxilla,felső állkapocs
maxilla a mandibula,állkapocs
maxillary,arcüregi
maxime,legtöbb
maximus,legnagyobb
meatotomia,nyílás bemetszése
meatus,"átjárat, nyílás, cső, testtartás"
meatus acusticus,hallójárat
meatus acusticus externus,külső hallójárat
meatus acusticus internus,belső hallójárat
meatus nasi,orrjárat
meatus nasi communis,közös orrjárat
mechanoreceptori,mehanikus érzékelők
meconium,"magzatszurok - a magzati életkorban keletkező sötétzöld-fekete színű béltartalom, mely a megszületés után az első széklettel ürül"
Medi-,Középső
Medialis,A test középvonalához közelebb eső
medianus,középen lévő
mediastinalis,mediastinális
mediastini,mediastinummal kapcsolatos
mediastinitis fibrotisans,fibrotizáló mediastinitis
mediastinoscopia,mediasztinoszkópia
Mediastinum,Gátor (mellüreg középső része)
mediastrum,középen álló sövény
medicamentum,gyógyszer
medicatio,gyógyszerelés
medicus,orvos
mediocris,közepes
mediocris gradus,közepes fokozatú
mediolateralis,mediolaterális
medius,Középső
medulla,"szerv/szövet központi része, velő"
medulla adrenalis,mellékvesevelő
medulla glandulae suprarenalis,mellékvesevelő
medulla oblongata,nyúltagy
medulla ossium,csontvelő
medulla ossium flava,sárga csontvelő
medulla ossium flavum,sárga zsírvelő
medulla ossium rubra,vörös csontvelő
medulla renis,velőállomány
medulla spinalis,gerincvelő
medulla suprarenalis,mellékvesevelő
medullaris,velőhöz tartozó
medullatus,velős
mega-,óriás-
megalia,Megnagyobbodás
megalis,Megnagyobbodás
megalo-,óriás-
meibomianitis,Meibom-mirigy-gyulladás
mel crudum,nyers méz
mel depuratum,tisztított méz
mel rosatum,rózsa-méz
melaena,szurokszéklet
melanocita,a bőr színárnyalatát adó pigmentsejt
melanoderma,sötétbőrűség
melanosis,barnás vastagbélelszíneződés
melilotus,dutkóró
melissa,citromfű
melitis,arcgyulladás
membrana,"hártya, lemez, burok"
membrana basalis,alaphártya
membrana basalis,bazális membrán
membrana basilaris,alapmembrán
membrana erythrocyti,vörösvérsejt hártya
membrana fibroelastica laryngis,gége kötőszövetes váza
membrana obturatoria,záróhártya
membrana quadrangularis,négyszögletes lemezek
membrana testacea,héjhártya
membrana typanica,dobhártya
membranaceus,hártyás
membrum,testrész
membrum inferior,alsó végtag
membrum superior,felső végtag
memoria,emlékezet
menarche,az élet során jelentkező legelső menstruáció
Mening-,Hártya
meninges,agyhártyák
meningitis,agyhártyagyulladás
meningo-,agyhártya-
meningoencephalitis,agyhártya- és agyvelőgyulladás
meninx,agyhártya
meniscus,térdizületi porc
meno-,menstruáció-
menopausa,változás korának kezdete
mens,elme
mental,szellemi
mentális,állal kapcsolatos
mentha,menta
mentum,állcsúcs
meropia,részleges vakság
Mes-,Középső
mesencephalicus,középaggyal kapcsolatos
mesencephalon,középagy
mesenchyma,alapszövet
Mesenterium,Bélfodor
Mesialis,Középvonalhoz közeleső
meso-,középső
mesoderma,középső csíralemez
mesonephros,ősvese
mesothelioma,savósburok-daganat
mesothenar,"talpközép, tenyérközép"
meta,"utána, között"
metabolicus,anyagcseréhez tartozó
metabolismus calcii,kalcium-anyagcsere
metacarpus,kézközép
metamer,szelvényes
metameria,szelvényezettség
metanephros,utóvese
metastasis,daganatáttét
metastasis sceletoni,csontváz-áttétel
metastaticus,áttételes
metasztázis,áttét (rosszindulatú betegésgekben)
metatarsalgia,lábközép táji fájdalom
metatarsalis,lábközépfájdalom
Metatarsus,Lábközép
metencephalon,utóagy felső része
meteorismus,szelesség
methaemoglobinaemia,kék betegség
methaemoglobinum,methemoglobin
methodus investigativi,kutatási eljárások
methodus laboratoricus,laboratóriumi metódus
metopo-,homlok-
metritis,méhgyulladás
metro,méh
metrocyta,anyasejt
metropathia,méhbántalom
metropathia haemorrhagica,kóros méhvérzés
metrorrhagia,méhvérzés menstruáción kívül
miastenia,izomgyengeség
micrencephalia,a normálisnél kisebb agy
micro-,kisméretű
microangiopathia,kisér-bántalom
microangiopathia,kisér-betegség
microcephalia,kisfejűség
microcirculatio,mikrocirkuláció
microemollitio,kis lágyulás
micrognathia,kisállúság
micronodularis,kis csomókat tartalmazó
microphthalmos,kis szemgolyók
microsoma,sejtalkotó anyag
migrans,vándorló
mikroglosszia,a nyelv a szokásosnál kisebb méretű
miliaris,kölesnyi
minimus,minimális
"Minor, minus",kisebb
minutim,darabokban
mioglobin,izomfesték
miokardiális infarktus,lásd szívinfarktus
mirabilis,csodálatos
misanthropia,"emberkerülés, embergyűlölet"
mitigatio,"gyengítés, mérséklés"
mitis,"enyhe, szelíd"
mítra,sisak
mitrális billentyű,a bal pitvart és a bal kamrát elválasztó billentyű
mitrális prolapszus,a mitrális billentyű gyengesége következtében a bal kamra összehúzódásakor vér visszafele áramlása
mixtura,keverék
mixturae compositae,komplex keverékek
mnesia,emlékezet
modulatio,hanglejtés
modus,mód
mola,üszökterhesség
mola sanguinolenta,vérüszök
molaris,őrlő
molaris tertius,bölcsességfog
monobrachia,félkarúság
monocyti,fehérvérsejtek egy csoportja
monocytosis,"fehérvérsejtek magasabb száma (fertőzés, betegség miatt)"
mononucleosis,csókláz
mononucleosis,Pfeiffer-féle mirigyláz
Mononucleosis infectiosa,Immunhiány Epstein-Barr vírusra adott örökletes defektív válasszal
monoparesis,egy végtag izomgyengeség
monophthalmia,félszeműség
monops,félszemű
"monos, mono-","egyes, egyetlen, egyedüli"
mons,"domb, domborulat"
mons pubis,szeméremdomb
mons veneris,Vénusz-domb
mora,"késedelem, késés, késleltetés"
morbi,betegségek
morbi animalium,állatbetegségek
morbi cardiovasculares,szív és érrendszeri betegségek
morbi oculi,szembetegségek
morbi parasitici,élősködő betegségek
morbi parasitici,parazitikus betegségek
morbi systematis digestorii,emésztőrendszer betegségei
morbi systematis immuni,immunrendszer betegségei
morbi systematis nervosi,idegrendszeri betegség
morbi tractus respiratorii,légzőrendszeri betegségek
morbi virosi,vírusos betegségek
morbilli,kanyaró
morbillosus,kanyarós
morbus,"baj, kór, rendellenesség"
morbus Alzheimer,Alzheimer-betegség
morbus autotoxicus,autoimmun betegség
morbus Bechterev,Bechterew-kór
morbus Crohn,Crohn-betegség
Morbus Down,Down-kór
Morbus Dupuytren,Dupuytren-kontraktúra
morbus Graves-Basedow,Basedow-kór
morbus haemoliticus neonatarum,UHB
morbus iatrogenus,iatrogén betegség
morbus renalis,vesebetegség
morbus Scheuermann,Scheuermann kór
morbus tumorosus,daganatos betegség
moribundus,haldokló
moriens,haldokló
morphinum,morphin
morphinum hydro-chloricum,sósavas morphin
morphologia,alaktan
mors,halál
morsus,"harapás, marás"
mortuus,halott
morula,szedercsíra
morum,szeder
moschus,pézsma
motivatio,indíték
motoricus,mozgató
MR,"mágneses rezonancia, képalkotó diagnosztikai eljárás"
MRF,egyenes combizom
mucilago gummi arabici,arab mézgás oldat
mucosa,nyálkahártya
mucosae,nyálkahártyáé
mucosus,"nyúlós, nyálkás"
muculus rectus abdominis,egyenes hasizom
mucus,"nyálka, nyák"
mulier,nő
multi-,sok
multifactorialis,multifaktorális
multifocalis,"többgócú, többközpontú"
multiformis,"sokarcú, többalakú"
multipara,többedszer szülő nő
"multiple organ failure, MOF",többszervi elégtelenség
multiplex,"sokrétű, sokszoros"
multiresistentia,multirezisztencia
multum,nagy rész
multus,sok
muralis,falfestés
mus,egér
musca,"légy, repül"
musclui externi bulbi oculi,szemmozgató izmok
muscularis,izmos
musculatura pharyngis,garatizomzat
musculi,izmok
musculi abdominis,hasizmok
musculi capitis,fejizmok
musculi colli,nyakizmok
musculi dorsi,hátizmok
musculi faciei,arcizmok
musculi glabri,sima izom
musculi infrahyoidei,nyelvcsont alatti izmok
musculi intercostales,borda közti izmok
musculi interossei,csont közötti izmok
musculi intertransversarii thoracis,csigolya harántnyúlvány közti izmok a mellüregben
musculi laryngis,gégeizmok
musculi masticatorii,rágóizmok
musculi membri inferioris,alsó végtag izmai
musculi oculomotorii,szemmozgató izmok
musculi papillares,szemölcsizmok
musculi pedis,lábizmok
musculi pharyngei,garat izmok
musculi pharyngis,garat izmok
musculi psoas,horpaszizom
musculi thoracis,mellkasizmok
musculi. respiratorii,légzőizmok
musculus,izom
musculus abductor,távolító izom
musculus abductor digiti minimi,kisujjtávolító izom
musculus abductor hallucis,nagyujjtávolító izom a lábon
musculus abductor pollicis brevis,rövid hüvelykujj-távolító izom
musculus abductor pollicis longus,hosszú hüvelykujjtávolító izom
musculus adductor brevis,rövid combközelítő izom
musculus adductor hallucis,nagyujjtávolító izom
musculus adductor longus,hosszú combközelítő izom
musculus adductor magnus,nagy combközelítő izom
musculus adductor pollicis,hüvelykujj-közelítő izom
musculus anconeus,"könyök-, könyökfeszítő izom"
musculus arrector pili,szőrfelegyenesítő izom
musculus biceps brachii,kétfejű-karhajlító izom
musculus biceps femoris,kétfejű combizom
musculus bipennatus,kéttollú izomtípus
musculus brachialis,felkari izom
musculus brachioradialis,karhajlító izom
musculus buccinator,trombitás izom
musculus ceratocricoideus,merkel-izom
musculus ciliaris,sugárizom
musculus coccygeus,farkcsonti izom
musculus constrictor pharyngis superior,felső garat-összeszorító izom
musculus coracobrachialis,hollócsőr-karizom
musculus cremaster,herezacskó falában lévő izom
musculus deltoideus,deltaizom
musculus extensor digitorum,ujjakat feszítő izom
musculus extensor digitorum longus,hosszú lábujjakatfeszítő izom
musculus extensor hallucis longus,hosszú öregujfeszítő izom
musculus flexor,hajlító izom
musculus flexor digitorum profundus,mély ujjakat hajlító izom
musculus flexor hallucis longus,hosszú lábujjakat-hajlító izom
musculus gastrocnemius,lábikraizom
musculus gemellus inferior,alsó ikerizom
musculus glaber,sima izom
musculus gluteus,farizom
musculus gluteus maximus,nagy farizom
musculus gluteus medius,középső farizom
musculus gracilis,karcsú izom
musculus iliacus,csípőizom
musculus iliocostalis,csípőbordaizom
musculus iliopsoas,csípőhorpaszizom
musculus infraspinatus,tövis alatti izom
musculus intercostalis externus,külső bordaközti izom
musculus latissimus dorsi,Széles hátizom
musculus levator scapulae,lapockaemelő izom
musculus lumbricales,gilisztaizom
musculus masseter,széles rágóizom
musculus mylohyoideus,szájfeneket lezáró izom/nyelvcsont feletti izom
musculus obliquus abdominis externus,külső ferde hasizom
musculus obliquus abdominis internus,belső ferde hasizom
musculus orbicularis oculi,szemrés körkörös záróizma
musculus orbicularis oris,szájrés körüli körkörös záróizom
musculus papillares,szemölcsizom
musculus pectineus,fésűsizom
musculus pectoralis,mellizom
musculus pectoralis major,nagy mellizom
musculus pectoralis minor,Kis mellizom
musculus peroneus,szárkapocsizom
musculus peroneus brevis,rövid szárkapcsi izom
musculus peroneus longus,hosszú szárkapcsi izom
musculus piriformis,körteképű izom
musculus pronator,borintóizom
musculus psoas major,nagy horpaszizom
musculus pterygoideus externus,külső röpizom
musculus pterygoideus internus,belső röpizom
musculus quadratus femoris,négyszögű combizom
musculus quadratus lamborum,hátsó hasfalizom
musculus quadratus lumborum,négyszög alakú lapos izom
musculus quadriceps,négyfejű izom
musculus quadriceps femoris,combizom
musculus rectus abdominis,egyenes hasizom
musculus rectus femoris,egyenes combizom
musculus sartorius,szabóizom
musculus scalenus anterior,elülső ferde nyakizom
musculus scalenus medius,középső ferde nyakizom
musculus semimembranosus,félhártyás izom
musculus semitendinosus,féliginasizom
musculus serratus anterior,elülső fűrészizom
musculus soleus,gázló izom
musculus sphincter,záróizom
musculus sphincter ani,végbél záróizma
musculus sphincter ani externus,végbélnyílás külső záróizma
musculus sphincter Oddi,közös epevezetéket lezáró izom
musculus sphincter oesophagealis distalis,alsó nyelőcsői záróizom
musculus sphincter oesophagealis superior,felső nyelőcsői záróizom
musculus sphincter oesophagealis susperior,felső nyelőcsői záróizom
musculus sphincter oesophagi inferior,alsó nyelőcső záróizom
musculus sphincter pylori,pylorus körkörös záróizma
musculus sphincter vesicae,húgyhólyag záróizma
musculus sternocleidomastoideus,fejbiccentő izom
musculus subscapularis,lapocka alatti izom
musculus supra- et infraspinatus,lapockatövis feletti és alatti izom
musculus supraspinatus,tövis feletti izom
musculus temporalis,halántékizom
musculus tensor fasciae latae,combpólyafeszítő izom
musculus tensor tympani,musculus tensor tympani
musculus teres,görgetegizom
musculus teres major,nagy görgetőizom
musculus teres major et minor,nagy és kis görgetegizom
musculus tibialis anterior,elülső sípcsonti izom
musculus transversospinalis,haránt tövisnyulványi izom
musculus transversus abdominis,haránt hasizom
musculus trapesius,csuklyásizom
musculus triceps brachii,háromfejű karizom
musculus triceps surae,"háromfejű lábikraizom, Achilles-ín"
musculus zygomaticus major,nagy járomcsonti izom
musculus zygomaticus minor,kis járomcsonti izom
mussitatio,hangtalan ajakmozgás
mutitas,némaság
muton,gén mutációs egysége
My-,Izom
myalgia,izomfájdalom
myco-,gomba-
mycobacterium,mycobacterium
mycoides,gombaszerű
mycosis capitis,fejbőr-gombásodás
mycosis fungoides,ritka daganatos betegség (egyfajta limfóma)
mycoticus,gombás-
myel-,velővel kapcsolatos
myelencephalon,utóagy alsó része
myelitis,gerincvelőgyulladás
myelo-,gerincvelő-
myelocysta,gerincvelőciszta
myelodysplasia,myelodysplasiás szindróma
myelodysplasia de novo,újonnan keletkezett myelodysplasia
myelokele,gerincvelősérv
myeloma multiplex,Myeloma multiplex
myelon,gerincvelő
myelopathia,gerincvelőbántalom
myelopoesis,csontvelőképződés
myeloradiculitis,myeloradiculitis
mylo,őrlő
myo,izom
myo-,izom-
myocardialis,szívizommal kapcsolatos
myocardiopathia,szívizombetegség
myocarditis,szívizomgyulladás
myocardium,szívizom
myodynia,izomfájdalom
myofibrillae,izomrostok
myoglobin,izom hemoglobin
myoid,izomszerű
myologia,izomtan
myoma,izomdaganat
myometrium,méhizomzat
myométrium,méhizomzat
myopathia,izombántalom
myopia,rövidlátás
myorelaxant,izom elernyesztő
myositis,krónikus izomgyulladás
myotom,izomszelvény
myotomia,izommetszés
myotonia,izomtónus
myringo-,dobhártya-
myrrha,"balzsamfa szirupja, mirha"
mystax,bajusz
Myx-,Nyálka
n. cranialis,agyideg
n. glossopharyngeus,nyelv-garat ideg
n. medianus,középideg
n. musculocutaneus,izombőrideg
n. radialis,orsóideg
n. ulnaris,singcsonti ideg
naevus,anyajegy
naevus flammeus,vörösborszínű éranyajegy
nanosomia,törpenövés
nanus,törpe
Narc-,Érzéketlenség
narcosis,eszméletvesztés
nares,orrnyílások
naris,orrlyuk
Nas-,Orr
nasalis,orral kapcsolatos
nasitis,orrgyulladás
nasogutta,orrcsepp
nasopharynx,orrgarati
Nasus,orr
nasus externus,külső orr
natis,alsó
nativus,született
natrium,"Na+ (szérum), nátrium"
natrium aceticum,ecetsavas natrium
natrium boracicum,bórsavas natrium
natrium bromatum,bromnatrium
natrium carbonicum crystallisatum,jegecedett szénsavas natrium
natrium chloratum,"kősó, szikenyhalvag"
natrium hydro-carbonicum,szénsavas hydro-natrium
natrium hydro-oxydatum solutum,oldott szikeny-könéleg
natrium iodatum,iodnatrium
natrium nitricum,légenysavas natrium
natrium phosphoricum,phosphorsavas natrium
natrium sulfuricum crystallisatum,jegevedett kénsavas natrium
natus,születés
nausea,rosszullét
navicularis,csónak alakú
necro-,elhalt
necrophobia,halottfélelem
necropsia,hullavizsgálat
necrosis,szövetelhalás
necrosis cerebri,agyelhalás
necrosis cutis,bőrelhalás
necrosis localis,nekrózis
necrosis pancreatica infectiosa,fertőző hasnyálmirigy-elhalás
necroticus,elhalt
necrotomia,hullaboncolás
Neisseria meningitidis,meningococcus
nekrósis,"elhalás, szövetelhalás"
nekrózis,adott szerv vagy szövet vérellátási zavar okozta elhalása
nematocyta,csalánsejt
generatio alternans,Nemzedékváltakozás
neo-,új
neocortex,újkéreg
neonatus,újszülött
neopallium,újkéreg
neoplasia,szövet vagy szerv abnormális növekedése
Neoplasma glandulae salivaris,Nyálmirigydaganat
neoplasma laryngis,gégedaganat
neoplasma laryngis malignum,rosszindulatú gégedaganat
Neoplasma linguae,Nyelvdaganat
neoplasma thymi,csecsemőmirigy-daganat
neoplasma ventriculi,gyomordaganat
neoplasmata,daganatok
Nephr-,Vese
nephrectomia,vese kimetszés
nephritis,vesegyulladás
nephro-,veséhez tartozó
nephrocolica,vesegörcs
nephrolithiasis,vesekőbetegség
nephroma,vesedaganat
nephropathia,vesebetegség
nephrorrhagia,vesevérzés
nephros,vese
nephrosclerosis,vesekeményedés
nephrosis,nephrosis
nephrostoma,csillós tölcsér
nephrotomia,vese műtéti metszése
nervfläta i autonoma nervsystemet,prevertebrális plexus-képződmények
nervi craniales,agyidegek
nervi craniales et spinales,agy és gerinvelői idegek
nervi intercostales,bordaközti idegek
nervi laryngis,hörgőidegek
nervi lumbales,ágyéki idegek
nervi olfactorii,szaglóidegek
nervi peripherales,periferális idegek
nervi spinales,gerincidegek
nervi thoracici,mellkasi idegek
nervositas,Idegesség
nervosus,ideges
nervus,ideg
nervus abduccens,távolítóideg
nervus abducens,nervus abducens
nervus abducens,agyideg - VI.
nervus accelerans,szív serkentő idege
nervus accessorius,járulékos agyideg
nervus cranialis,fejideg
nervus facialis,"arcideg,  VII. agyideg"
nervus glossopharyngeus,nyelv-garat ideg
nervus glossopharyngeus (IX.),nyelv-garat ideg
nervus hypoglossus,nyelvalatti ideg
nervus ischiadicus,ülőideg
nervus lingualis,nyelvideg
nervus medianus,középideg
nervus motorius,izmot mozgató ideg
nervus musculocutaneus,izombőrideg
nervus occipitalis,nyakszirtideg
nervus oculomotorius,szemmozgató ideg
nervus olfactorius,szaglóideg
nervus opthalmicus,szemideg
nervus opticus,látóideg
nervus peroneus,szárkapocsideg
nervus phrenicus,rekeszizom ideg
nervus radialis,orsóideg
nervus sciaticus,ülőideg
nervus spinalis,gerincvelői ideg
nervus statoacusticus,egyensúlyi és hallóideg
nervus suralis,lábikraideg
nervus trigeminus,háromosztatú ideg
nervus ulnaris,singcsonti ideg
nervus vagus,bolygóideg
nervus vestibulocochlearis,egyensúlyi és hallóideg
Neur-,Ideg
neuralgia,"idegfájdalom, idegzsába"
neuralis,idegi
neurit,idegnyúlvány
neuritis,ideggyulladás
neuritis nervi optici,látóideg gyulladás
neuro-,idegrendszerre vonatkozó
neurocranium,agykoponya
neurodermatitis,idegi alapú bőrgyulladás
neurofibrillae,idegrostok
neuroglia,neuroglia
neurohypophysis,hypophysis hátulsó lebenye
neurologia,ideggyógyászat
neuron,idegszövet elemi egysége
neurona,idegsejtek
neurona efferenta,efferens idegsejt
neuronitis vestibularis,vesztibuláris ideggyulladás
neuropathia,idegbántalom
neuropathia peripherialis,perifériás neuropátia
neurosecretio,idegsejtek hormontermelése
neurotoxin,idegméreg
neurulatio,velőcső
neutralis,közömbös
neutrophilia,neutrofília
nexus,összeköttetés
nicotin,nikotin
nidus lienis,lépfészek
niger,sötét
nigra villosa,Fekete szőrös
nihil,semmi
nisus,ösztön
nisus sexualis,nemi ösztön
nitidatio,pete beágyzódás
nitrogenum fluidum,folyékony nitrogen
nitrosum,nitrit
nocturnus,éjjeli
nodi,göbök
nodi haemorrhoidalis,aranyeres csomó
nodi haemorrhoidoles,aranyércsomók
nodi lymphatici,nyirokcsomók
nodosus,csomós
nodulatio,csomóképződés
noduli,kis csomók
nodulus,kis dudor
Nodus,Csomó (nodus sinuatrialis - sinus csomó)
nodus atrioventricularis,pitvari-kamrai csomó
nodus haemorrhoidalis,aranyér-
nodus lymphaticus,nyirokcsomó
nodus sinuatrialis,sinus csomó
noma,vízirák
nomen,név
normotonia,normális vérnyomás
nostras,hazánkbeli
notochorda,gerinchúr
notus,ismert
novies,kilencszer
novitas,újdonság
noxinum,noxin
noxius,ártalmas
nubilitas,nemi érés
nucha,"sovány ember, tarkó"
nuclei cerebelli,kisagyi magvak
nuclei mediani thalami,középvonali talamuszmagok
núcleus,sejtmag
nucleus niger,feketeállomány
nucleus pulposus,porckorong belső - puha része
nudus,meztelen
numerus,szám
nystagmus,szemrezgés
o.c.,szemkenőcs
o.d.,napi
o.m.,reggel
obesitas,elhízás
obezitás,"elhízás, túlsúly"
Obliquus,ferde
observatio,megfigyelés
obstetrica,szülészet
obstetrix,szülésznő
obstipatio,székrekedés
"obstruere, occludere",elzár
obtusus,tompa
occipitalis,nyakszirthez tartozó
occipitomastoideus,nyakszirthez és csecsnyúlványhoz tartozó
Occipitum,Nyakszirt
occiput,nyakszirt
Occlusalis,Örlőfogak rágófelszíne felé tekintő irány
occlusio,elzáródás
occult immunization,észrevétlen immunizálódás
ochabnutý,elernyedt
oculo-,szemhez tartozó
oculogutta,szemcsepp
oculomotórius,szemmozgató
oculus,szem
Odont-,Fog
Odontoblast,Dentint termelő sejtek
odontopathia,fogbetegség
odontosis,"fogelőtörés, fogzás"
odoratus,szagos
oedema,"ödéma, vizenyő"
oedema cerebri,az agy vizenyője
oedema laryngis,gégevizenyő
oedema pulmonum,tüdővizenyő
oedematicus,vízenyős
oedematosus,megdagadt
oesophagei,nyelőcsőé
oesophagitis,nyelőcsőgyulladás
oesophago-gastro-bulboscopia,nyelőcső-gyomor-nyombéltükrözés
oesophagus,nyelőcső
oestradiol,ösztradiol
oid,"Hasonló, szerű"
olecranon,könyökcsúcs
olfactorius,szaglási
Olig-,Kevés-
oliguria,"csökkent vizelés, kevés vizelet"
om-,váll-
oma,Daganat
omarthritis,a vállízület gyulladása
omarthrosis,vállízület károsodás
omasum,százrétűgyomor
omentum maius,nagycseplesz
omentum minus,kiscseplesz
omnivora,mindenevők
omo-,vállhoz tartozó
omphalo-,köldökhöz tartozó
oncogenesis,daganatképződés
oncos,"dagadás, daganat, tumor"
ononis,iglice (növény)
ontogenetica,egyedfejlődéstan
onycho-,köröm-
onychomycosis,körömgombásodást
onychophagia,körömrágás
onyx,köröm
oocyt,petesejtek
oocyta,megtermékenyítetlen petesejt
oogenesis,petesejtek fejlődése
oogonium,őspetesejt
oophoron,petefészek
opacitas,átlátszatlanság
operabilis,operálható
operatio,műtéti beavatkozás
operatio abdominalis,hasi műtét
operatio oculi,szemműtét
operativus,műtét körüli
opertus,fedett
ophidismus,kígyóméreg-mérgezés
ophthalmicus,szemmel kapcsolatos
ophthalmitis,szemgyulladás
Ophthalmoptose,szemkidülledés
opia,látás
opium,mákony
opponens,átellenes
Opponens entis,Szembehelyező
opticus,látáshoz tartozó
optimus,legjobb
optotyp,látástábla
opus,mű
Or-,Száj
ora,csont
ora serrata,a szem egy része
oralis,"szájhoz tartozó, Fogíven belülre, a szájüregbe mutató irány"
Orbicularis,"Körkörös, gyűrűszerű"
orbita,szemüreg
orbitalis,szemüreghez tartozó
orchi-,gyógyszerészeti súlyegység
orchialgia,herefájdalom
orchiectomia,herekimetszés
orchitis,heregyulladás
organa genitalia feminina,női nemi szervek
organa genitalia masculina,férfi nemi szervek
organa sensorium,érzékszervek
organellum,szervecske
organicus,szervi
organisatio,elrendeződés
organismi,organizmusok
organizmus,szervezet
organogenesis,szervfejlődés
organologia,szervtan
organon adamantinum,zománcszerv
organum,szerv
organum electricum,villamosszerv
organum sensuum,érzékszerv
organum spirale,Corti szerv
organum tactus,tapintószerv
orientatio,tájékozódás
origanum,gyopár
originalis,"eredendő, eredeti"
oris,szájra vonatkozó
oro-,száj-
oropharynx,szájüreggarat
orthodontia,fogszabályzás
orthopaedicus,ortopéd
os basilare,alapcsont
os capitatum,fejescsont
os carpale,kéztőcsont
os coccygis,farokcsont
os coccygis,farkcsont
os costale,borda csontos része
os coxae,"csípőcsont, medencecsont"
os cuboideum,köbcsont
os cuneiforme,ékcsont
os cuneiforme laterale,laterális ékcsont
os ethmoideale,rostacsont
os frontale,homlokcsont
os hamatum,horgascsont
os humatum,horgascsont
os hyoideum,nyelvcsont
os ilium,csípőcsont
os innominatum,csípőcsont
os ischii,ülőcsont
os lacrimale,könnycsont
os lunatum,holdascsont
os metatarsale,lábközépcsont
os metatarsus,lábközépcsont
os nasale,orrcsont
os naviculare,sajkacsont
os naviculare pedis,lábtő sajkacsontja
os occipitale,nyakszirtcsont
os occipitalis,nyakszirtcsont
Os oris,száj
Os ossis,Csont
os palatinum,szájpadcsont
os parietale,falcsont
os petrosum,sziklacsont
os pisiforme,borsócsont
os planum,lapos csont
os pubis,szeméremcsont
os saccrum,keresztcsont
os sacrum,keresztcsont
os scaphoiduem,sajkacsont
os sesamoidea,lencsecsont
Os sesamoideum,szezámcsont
Os sphenoidale,ékcsont
os temporale,halántékcsont
os trapezium,trapézcsont
os trapezium,nagy sokszögletű csont
os trapezoideum,kis trapézcsont
os trapezoidum,kis sokszögletű csont
os triquetrum,háromszögűcsont
os vomer,ekecsont
Os zygomaticum,arccsont
os zygomaticus,járomcsont
oscillometricus,oszcillometriás
oscitatio,ásítás
osis,"Bántalom, betegség"
Oss-,Csont
ossa,csont
Ossa brevia,rövid csontok
ossa carpi,kéztőcsontok
ossa extremitatis inferioris,alsó végtag csontjai
ossa extremitatis superioris,felső végtag csontjai
ossa faciei,arccsontok
ossa irregularia,szabálytalan csontok
Ossa longa,hosszú csöves csontok
ossa manus,kézcsontok
ossa metacarpalia,kézközépcsont
ossa pedis,lábfejcsontok
ossa pelvis,medence csontok
ossa plana,lapos csontok
ossa pneumatica,légtartalmú csontok
ossa sesamoidea,lencsecsontok
ossa sezamoidea,szezámcsontok
ossealis,csonttal kapcsolatos
osseus,csontos
ossicula auditus,hallócsontocskák
ossiculum,kis csont
ossificans,csontosodó
ossificatio,elcsontosodás
ossis,csont
osteitis,csontszú
osteo-,csont-
osteoarthralgia,csont és izületi fájdalmak
osteochodropathia,csont- és porcbántalom
osteochondritis,csont és porc gyulladása
osteochondropathia,csont és porc betegség
osteoclast,csontfaló sejt
osteocyta,érett csontsejt
osteocytus,csontsejt
osteogenesis,csontképződés
osteoid,csontszerű
osteoides,csonthoz hasonló
osteolipoma,elcsontosodó zsírdaganat
osteologia,csonttan
Osteolysis,csontoldódás
osteopathia,csontbetegség
osteopenia,csonthiány
osteophlebitis,csont és viszérgyulladás
osteophyton,csontfelrakódás
osteoporosis,csontritkulás
ostitis,csontgyulladás
Ostium,"Nyílás, szájadék"
ostium arteriosum,artériás szájadék
ostium atrioventriculare,pitvar-kamrai szájadék
ostium atrioventriculare dextrum,jobb pitvar-jobb kamra összeköttetése
ostium cardiacum,gyomorszáj
ostium tubae abdominale,hasűri nyílás
ostium vaginae,hüvelybejárat
ostium venosum,vénás szájadék
ostium venosum dextrum,jobb vénás szájadék
oticus,füllel kapcsolatos
otitis,fülgyulladás
otitis media,középfülgyulladás
otitis media acuta,heveny középfülgyulladás
otitis media purulenta,gennyes középfülgyulladás
oto-,fül-
otoinstillatio,fülcseppek
otolithos,fülkő
otoncus,füldaganat
otorrhoea,fülfolyás
ovale,ovális
ovalis,tojásdad
ovarii,petefészki
ovarium,petefészek
ovárium,petefészek
oviductus,"petevezetékek, méhkürt"
oviductus,méhkürt
ovium,érett petesejt
ovulatio,érett petesejt kiszabadulása
ovum,petesejt
oxigénszaturáció,a vér oxigénnel való telítettségének mértéke
oxymel scillae,tengeri hagymás ecetes méz
oxyologia,elsősegélynyújtás
Oxyuris,fonalféreg
ödéma,szöveti folyadék felszaporodása miatti duzzanat
p.r.,végbélen át
p.r.n.,szükség szerint
pacemaker,szívritmus-szabályozó készülék
pachy-,vastag-
pachymeninx,kemény agyhártya
paedo-,gyermek-
paedogenesis,lárvanemzés
Palatinalis,"Felső, belső felszín (szájpadlás felöli)"
Palatinus,"Szájpadi (palatum i, n - szájpad)"
palatomaxillaris,szájpaddal és felső állcsonttal kapcsolatos
palatum,szájpad
palatum durum,kemény szájpad
Palatum fissum /palatoschisis,szájpadhasadék
Palatum molle,Lágyszájpad
paleo-,régi
paleocerebellum,kisagy középső része
palium,köpeny
palliativus,palliatív
pallidus,halvány
pallidus,sápadt
pallium,agyköpeny
pallor,"halványság, sápadtság"
palma,tenyér
palma manus,tenyér
palmaris,tenyérhez tartozó
palmatus,pálmaágszerű
palmitatum,palmitát
palpabilis,kitapintható
palpatio,megtapintás
palpebra,szemhéj
palpebralis,szemhéjjal kapcsolatos
palpebratio,pislogás
palpitáció,szívdobogás-érzés
palpitatio cordis,szívdobogás
palus,"ingovány, láp, mocsár"
panacea,általános gyógyszer
pancreas,hasnyálmirigy
Pancreas carcinoma,hasnyálmirigyrák
pancreaticuduodenalis,hasnyálmiriggyel és patkóbéllel kapcsolatos
pancreaticus,hasnyálmirigyhez tartozó
pancreatitis,hasnyálmirigy-gyulladás
pancreatitis acuta,Heveny hasnyálmirigy-gyulladás
pancreatopathia,hasnyálmirigy betegség
pancytopenia,minden sejt megkevesbedése
pandemia,"Több országra, vagy egész kontinensre kiterjedő járvány"
panencephalitis,az egész agy gyulladása
panniculus,panniculus
panniculus adiposus,zsírpárna
panphlebitis,az összes viszér gyulladása
pansinusitis,általános arcüreggyulladás
pansinusitis chronica,idült teljes arcüreggyulladás
pansinutitis,általános arcüreggyulladás
papaver,mák
papaver rhoeas,pipacs
papaver somniferum,bódító mák
Papilla,Szemölcs
papilla duodeni,Vater-papilla
papilla fungiformis,gombaalakú papillák
papilla mammae,emlőbimbó
papilla nervi optici,látóidegfő
papilla pili,hajszemölcs
papillae duodeni major,Vater-szemölcs
papillae linguae,szemölcsök a nyelven
papillaris,szemölcsös
papilloedema,látóidegfő-vizenyő
papilloma,szemölcsdaganat
papula,"a bőr foltszerű, kiemelkedő elváltozása"
papulosus,bőrgöbös
para-,mellett-
paraaorticus,aorta melletti
parabulia,akaratzavar
Paradontium,Fogágy
paradontosis,fogágybetegség
paraesthesia,álérzékelés
Paraglossia,Nyelvduzzanat
paralogia,értelmetlen beszéd
paralysis,bénulás
Paralysis deglutitionis,Nyelésbénulás
paralysis infantum,gyermekbénulás
paralyticus,"bénulásos, béna"
paramedialis,középvonal melletti
paranasalis,orr melletti
paraneoplasia,paraneoplázia
paraneoplasticus,paraneopláziával kapcsolatos
paranoid,paranoiaszerű
parapertussis,szamárköhögéshes hasonló betegség
paraplegia,paraplégia
parasitus,"élősdi, parazita"
parasympathicus,paraszimpatikus
parathyroidea,mellékpajzsmirigy
paratrachealis,gége melletti
paravertebralis,csigolya melletti
Parcialis,Részleges
parenchyma renalis,veseszövet
paresis,részleges bénulás
paresis facialis,arcbénulás
paresthesis,zsibbadás
paries,fal
paries abdominalis,hasfal
Paries etis,Fal
paries thoracis,mellkasfal
parietalis,falhoz tartozó
parodontitis,fogágygyulladás
parodontopathia,fogágybetegség
parosmia,Parosmia
parosmia,szaglási zavar
parótis,fültőmirigygyel kapcsolatos
parotitis,fültőmirigy-gyulladás
parotitis epidemica,"járványos fültőmirigy-gyulladás, mumpsz"
pars,adag
pars ampullaris recti,a végbél tág szakasza
pars basilaris,alapi rész
pars laryngea,garat gégei szakasza
pars laryngea pharyngis,gégegarat
pars medialis spermatis,spermium középső része
pars nasalis,garat orri szakasza
pars oralis,garat száji szakasza
pars orbitalis,szemüregi rész
pars petrosa,sziklacsonti rész
pars spongoisa urethrae,húgycsövet körülvevő barlangos test
pars squamosa,pikkelyrész
pars tympanica,dobüregi rész
partes laterales,oldalsó részek
parthenogenesis,szűznemzés
partialis,részleges
particulum,részecske
partim,részben
parturiens,nő szülésben
parturitio,vajúdás
partus,szülés
partus praematurus,koraszülés
parvus,"Kis, kicsi"
pasta dentalis,fogkrém
pastilli e natrio hydro-carbonico,két-szénsavas szikenyes cukorkorongok
patella,térdkalács
patellofemoralis,térd-combcsonti
pater,apa
pathia,Bántalom
pathogen,kórokozó
paulum,kevés
pavor,félelem
pavor nocturnus,éjszakai felriadások
pecten,taréj
pecten ossis pubis,szeméremfésű
pectinatus,fésűs
pectinéus,fésűsizom
pectoralis,mellkasi
pectus,mellkas
pectus carinatum,tyúkmell
pectus excavatum,"tölcsérmell, susztermellkas"
pectus gallinatum,"hajómell, tyúkmell"
Pectus oris,Mell
pectus recurvatum,tölcsérmell
pedes plani,"lapos talpak, lúdtalp"
pediculosis,emberi tetvesség
pedículus,tetű
pedo-,láb-
peduculus cerebri,agykocsány
peduculus pubis,lapostetű
pedunculatus,nyeles
pedunculatus,"nyéllel ellátott, kocsányos"
pedunculi cerebelli,kisagykocsányok
pedunculus,"kocsány, nyél"
pedunculus cerebellaris inferior,alsó kisagykocsány
pedunculus cerebellaris medius,középső kisagykocsány
pedunculus cerebelli,kisagykocsány
pedunculus cerebri,agykocsány
pellicula,vékony hártya
pellucidum,átlátszó
pellucidum,átlátható
pelveopathia,medencebántalom
pelveopathia,medencebetegség
pelveoperitonitis,medencei hashártyagyulladás
pelvinus,medencével kapcsolatos
pelvis,medence
Pelvis is,medence
pelvis major,nagymedence
pelvis minor,kismedence
pelvis renalis,vesemedence
pendulus,"fityegő, függő"
penetratio,behatolás
penis,hímvessző
penna,"szárnyszerű nyúlvány, szárny"
pepsinum,"fehérjebontó enzim, emésznye"
pepticus,peptikus
per os,szájon keresztül
per primam intentionem,elsődleges sebgyógyulás
per secundam intentionem,másodlagos sebgyógyulás
per tertiam intentionem,harmadlagos sebgyógyulás
peracutus,"nagyon heveny, éles (pl. fájdalom)"
perfectus,tökéletes
perforans,átfúró
perforatio intestini,bélátfúródás
perfusio renalis,vese-átáramoltatás
peri-,körül
periarticularis,izület körüli
pericarditis,szívburokgyulladás
pericardium,szívburok
pericoronaritis,fogkorona körüli gyulladás
periculosus,veszélyes
periculum,veszély
Peridontium,Gyökérhártya
perifocalis,góc körüli
perifocalis,perifokális
perihilaris,hilus körüli
Perimetrium,A méh hashártyai borítéka
perimysium,izom kötőszövetes burka
perimysium internum,perimysium
perinatalis,születés körüli
perineal muscles,gátizmok
perineotomia,gátmetszés
Perineum,Gát
perineuralis,idegcsoport körüli
periosteum,csonthártya
periostitis,csonthártyagyulladás
peripharyngeus,garat körül
periphericus,"kerületi, perifériás, valami körüli"
perirectalis,végbélnyílás körüli
peristalsis,bélmozgás
peritonaeum,hashártya
peritonealis,hashártyás
peritonealis,hashártyával kapcsolatos
peritoneo-,hashártya-
perivascularis,ér körüli
permagnus,nagyon nagy
permanens,maradandó
permeabilitas,"áteresztőképesség, átjárhatóság"
perniciosus,vészes
perniosis,fagydaganat
perone,lábszárcsont
peroneusok,szárkapcsi izmok
perpendiculáris,függőleges
persona,személy
personae,személyek
personalitas,személyiség
personopathia,személyiségzavar
pertussis,szamárköhögés
pes anserinus,lúdláb
pes equinovarus,Dongaláb (pes equinovarus)
pes equinus,lóláb
Pes pedis,láb
pes varus,donga láb
pessimus,legrosszabb
petechiae,vérzéses kiütés
petiolus epiglottidis,gégefedőnyél
petroleum rectificatum,tisztított kőolaj
petrosus,sziklához hasonló
phaco-,szemlencse-
phaenomena genetica,genetikai jelenségek
phaeochromocytoma,feochromocytóma
phagocyti,falósejtek
phagocytosis,fagocitózis
phagocytosis,sejtfalás
phagocytus,falósejt
phalangealis,ujjpercel kapcsolatos
phalanges digitorum,ujjpercek
phalanx,ujjperc
phalanx distalis,alsó ujjperccsont
phalanx media,középső ujjperccsont
phalanx proximalis,felső ujjperccsont
phallitis,hímvesszőgyulladás
phallus,hímvessző
phantasia,fantázia
pharinx,garat
Pharm(ac),Gyógyszer
pharmacon,gyógyszer
pharmacopoea,gyógyszerkönyv
pharmacotherapia,farmakoterápia
pharmacotherapia,gyógyszeres kezelés
Pharyng-,Garat
pharyngealis,garattal kapcsolatos
pharyngeus,garathoz tartozó
pharyngitis,garatgyulladás
pharynx,garat
phellandrium,bösövény
philtrum,ajakbarázda
philtrum,felső ajak függőleges barázdája
phimosis,fitymaszűkület
phlebitis,visszérgyulladás
phlebolith,érkő
phlebostasis,vénás pangás
phlebothrombosis,vénás trombózis
phlebotomia,"véna elvágása, vérvétel"
phlegmasia,gyulladás
phlogisticus,gyulladásos
phobia,"félelem, fóbia, iszony"
phocomelia,fókalábúság
phono-,hang-
phor,hordani
phoria,közérzet
phoro,hordani
phosphorus,foszfor
photoreceptori,fotoreceptorok
phrenicus,rekeszizommal kapcsolatos
phrénicus,rekeszizommal kapcsolatos
phrenitis,rekeszizom-gyulladás
phtisis,tuberkulózis
phylogenesis,származás
pia mater,lágy agyhártya
pigmentatio,festékanyag-képződés
pigmentum,festékanyag
pigmentum cutis,bőrfesték
pigmentum cutis,bőrpigment
pili,"hajszál, szőrszál, szőrzet"
piloerectio,szőrszál felállás
pilonidalis,pilonidális
pilosus,szőrös
pilula,pirula
pilulae ferri iodati,vasiblacsos labdacsok
pilulae laxantes,hashajtó labdacsok
pilus,haj
pilus capitis,haj
pinea,toboz
pinealis,tobozmirigyhez tartozó
pirexia,láz
pisiformis,borsószerű
pisum,borsó
pitvar,"a szív négy üregéből azon kettő, amely az ""elhasználódott"", oxigénben szegény vért fogadja be a szívbe"
pitvarfibrilláció,"a két pitvar kontrollálatlan és nagyon gyors összehúzódása, ami már érdemi véráramlást nem eredményez"
pitvari sövényhiány,"a két pitvart egymástól elválasztó izmos fal ""lukas"""
pitvari szeptumdefektus,lásd pitvari sövényhiány
pitvarkamrai csomó,"a szív ingerületvezető rendszerének fontos eleme, a pitvarok és a kamrák közötti ingerületátvitelt szabályozza"
pityriasis alba,Pityriasis alba
pityriasis rosea,Pityriasis rosea
pityriasis versicolor,pityriasis versicolor
pityron,fejkorpa
pius,lágy
pix,kátrány
pix liquida,kátrány
placenta,méhlepény (a méhen belüli életben a magzat anyagcseréjét biztosító szerv)
placenta accreta,méhfalhoz nőtt méhlepény
placenta adherens,tapadó méhlepény
placenta bilobata,kétkaréjos méhlepény
placenta diffusa,hártyaszerű méhlepény
placenta foetalis,magzati méhlepény
placenta materna,anyai méhlepény
placenta membranacea,hártyaszerű méhlepény
placenta multilobata,többkaréjos méhlepény
placenta praevia,elöl tapadt méhlepény
placenta praevia,előlfekvő lepény
placenta succenturiata,melléklepény
planocellulare,laphámmal kapcsolatos
planta,"kizárólagos, talp"
plantae,növények
plantalgia,talpfájás
plantaris,talpi
plantarreflex,Babinski-reflex
planum,"sík, felület, terület, arc"
"planum sagittale, planum paramedianum",középsík melletti sík
planum supracristale,supracristalis sík
planum transpyloricum,transpyloricus sík
planum transversospinale,transversospinalis sík
planus,sík
plaque,"kiemelkedő folt, plakk"
plasma,"testnedv, sejtnedv, vér sejtmentes része"
plasma sanguis,vérplazma
platy-,lapos-
platycephalia,laposfejűség
platyrhinia,nyeregorr
platysma,bőrizom
plegia,Bénulás
ples planus,lúdtalp
plethora,vérbőség
pleura,mellhártya
pleura cervicalis,mellhártya felső része
pleura costalis,bordai mellhártya
pleura diaphragmatica,rekeszizomhoz érő mellhártya
pleura parietalis,mellhártya fali lemeze
pleura pericardica,szívburki mellhártya
pleura visceralis,mellhártya zsigeri lemeze
pleuracallus,mellhártyakeményedés
pleuralgia,mellhártyafájdalom
pleuralis,mellhártyához tartozó
pleuritis,mellhártyagyulladás
plexiformis,fonatszerű
plexus,fonat
plexus autonomicus viscerale,prevertebrális plexus-képződmények
plexus brachialis,karfonat
plexus cardiacus,szívfonat
plexus choroideus,plexus chorioideus
plexus coeliacus,hasüregi vegetatív idegfonat
plexus coeliacus,plexus solaris
plexus intermesentericus,plexus aorticus abdominalis
plexus lumbalis,ágyéki idegfonat
plexus lumbosacralis,ágyéki-keresztcsonti fonat
plexus myentericus,Auerbach-fonat
plexus nervorum,idegfonat
plexus nervosus,degfonat
plexus sacralis autonomus,autonóm keresztfonat
plexus solaris,hasi fonat
plexus uterovaginalis,plexus uterovaginalis
plica,redő
plica axillaris,hónaljredő
plica vocalis,hangredő
plicae vocales,hangszálak
plicatus,"ráncos, redőzött"
plumbum aceticum basicum solutum,oldott aljas ecetsavas ólom
plumbum aceticum depuratum,tisztitott ecetsavas ólom
plumbum aceticum solutum,oldott ecetsavas ólom
plumbum carbonicum,szénsavas ólom
plumbum hyperoxydatum rubrum,veres ólomfeléleg
plumbum oxydatum,óloméleg
pluralis,többszörös
pneuma,levegő
pneumaticus,légzéshez tartozó
pneumaticus,légtartalmú
pneumo-,gáz-
pneumo-,levegő-
Pneumo(n),Tüdő
pneumoconiosis,pneumoconiosis
pneumologia,tüdőtan
pneumonectomia,tüdőcsonkolás
Pneumonia,Tüdőgyulladás
pneumonitis,tüdőgyulladás
pneumonopathia,tüdőbetegség
pneumopathia,tüdőbetegség
pneumopericarditis,tüdő és szívburokgyulladás
pneumoperitoneum,léghas
pneumothorax,légmell
Pnoe-,Légzés
pod-,láb-
podo-,láb-
podocyti,podocyták
podogramm,talplenyomat
poesis,képzés
polaris,pólusos
polio-,szürkeállomány-
poliomyelitis,járványos gyerekbénulás
poliomyelitis anterior acuta,gyermekbénulás
poliomyelitis anterior acuta,járványos gyerekbénulás
poliomyelitis anterior acuta,járványos gyermekbénulás
Pollenosis,Szénanátha (virágpor okozta)
pollex,hüvelykujj
polocyta,nem teljes értékű sarki test
polus,tengelyvég
poly-,sok
polyarthritis,sokízületi-gyulladás
polycystic kidney,sokcisztás vesebaj
polycysticus,sok cisztából álló
polycythaemia,sok vörösvérsejt a vérben
polydactilia,szám feletti ujj a kézen
polydiscopathia,sok porckorong betegsége
polyhydramnion,túl sok magzatvíz
polymorph,sokformájú
polymyalgia rheumatica,Polymyalgia rheumatica
polyneuritis,sok ideg gyulladása
polyneuropathia,sok idegbetegség
polypectomia,polip sebészeti eltávolítása
polypnoe,lihegés
polypus,"nyálkahártyadaganat, polip"
polypus cholecystae,epehólyag polip
polyradiculitis,Guillain-Barré syndroma
polysegmentalis,polysegmentális
polyspermia,több hímivarsejt bejutása
Polyuria,Sok vizelet
pomum,alma
pomum Adami,"ádámcsutka, gégefő"
pons,híd
pons varoli,Varol-híd
poplitealis,térdhajlati
popliteus,térdhajlati
Populus,nyárfa
porosus,lyukakkal átszőtt
poroticus,pórusos
porphyria cutanea tarda,porphyria cutanea tarda
porta,kapu
porta hepatis,májkapu
porta herniae,sérvkapu
portalis,kapuban levő
portio,adag
porus acusticus externus,külső hallónyílás
porus sudoriferus,verejtéknyílás
positio,helyzet
posologia,gyógyszer-adagolástan
post-,mögött
post meridiem,délutáni
postcentralis,központ mögötti
postclavicularis,kulcscsont utáni
posterior,hátsó
posthio-,fityma-
postinfectiosus,fertőzés utáni
postoperativus,műtét utáni
"post-polio syndrome, PPS, postpoliomyelitis",poszt-polio szindróma
poststenoticus,szűkület mögötti
posttraumaticus,baleset végett bekövetkezett
posturalis,posturális
potentia,képesség
potentia generandi,nemzőképesség
potio magnesiae citricae effervescens,pezsgő citromsavas kesereny-oldat
prae-,előtti
praeauricularis,fül előtti
praecentralis,központ előtti
praecox,elején
praematuritas,"éretlenség, koraszülöttség"
praemolaris,őrlőfog-előtti
Praeparatum genericum,generikum
praeputium,fityma
praeputium clitoridis,csikló fitymája
praesacralis,keresztcsont előtti
praeter,"kívül, mellett"
praevalentia,meghatározott betegségben szenvedő egyének aránya
praeventivus,"óvó, elhárító, betegség megelőzésére irányuló"
praxis,művelet végrehajtása
pre,előtt
precollapsus,ájulás előtti állapot
prelum abdominale,hasprés
prenatális,megszületés előtti (időben)
preputium,fityma
presbyopia,öregszeműség
pressor,nyomó
prevalens,gyakran előforduló
priapismus,állandósult merevedés
priliehajúce spojenia,tapadó érintkezések
primarius,"közvetlen, elsődleges"
primer bronchus,főhörgő
primitivus,"kezdetleges, ősi"
primordialis,kezdetleges
primum,egy
primus,"első, egy, fő"
principialis,fő
pro re nata,szükség szerint
processus,nyúlvány
processus abacterialis,abakteriális folyamat
processus alveolaris,fogmedri nyúlvány
processus articularis,ízületi nyúlvány
processus coagulationis,véralvadási folyamat
processus coracoideus,hollócsőrnyúlvány
processus costarius,bordacsökevény
processus frontalis,homloknyúlvány
processus genetici,genetikai eljárások
processus mastoideus,csecsnyúlvány
processus palatinus,szájpadnyúlvány
processus pterygoideus,az ékcsont röpnyúlványa
processus spinosus,csigolya-tövisnyúlvány
processus styloideus,csonttövis
processus styloideus radii,orsócsonti nyúlvány
processus styloideus ulnae,singcsonti nyúlvány
processus transversus,harántnyúlvány
processus uncinatus,kampónyúlvány
processus vermicularis,féregnyúlvány
processus xiphoideus,szegycsont kardnyúlványa
processus zygomaticus,járomnyujtvány
procidentia,prolapsus
procognitio,előérzet
proctitis,végbélgyulladás
proctitis ulcerativa,ulkuszos proktítisz
proctocolitis,végbél és vastagbélgyulladás
proctodeum,végbél alsó része
proctorrhagia,végbélvérzés
proctospasmus,végbélgörcs
prodromum,a betegség előjele
"productio salivae, salivatio, sialogenesis",nyáltermelés
profundus,Mély (fundus)
profusio,ömlés
progenesis,ivarsejtek kialakulása
progenia,"állkapocs-előreugrás, előre harapás"
progeszteron,sárgatest hormon
prognathia,állkapocs-előreugrás
prognosis,kórjóslat
progressivus,előrehaladó
prolapsus,süllyedés
prolapsus ani,végbélelőesés
prolapsus uteri,méhelőesés
prolapsus valvulae bicuspidalis,kéthegyű szívbillentyű előesése
prolatio,dilatáció
proliferatio,"szövetszaporodás, sejtburjánzás"
prominens,kiálló
prominéntia,linea terminalis keresztcsonti része
prominentia laryngea,"ádámcsutka, gégefő"
promontorium,"linea terminalis keresztcsonti része, kiemelkedés"
pronatio,befelé dőlt
pronephros,elővese
prophylacticus,megelőzés
propter hoc,ez végett
Proptosis,"előreesés, szemkidülledés"
prosencephalon,előagy
Prostata,"Dülmirigy, prosztata"
prostaticus,prosztatával kapcsolatos
prostatitis,prosztata gyulladása
proteinum,fehérjék
prothesis,műfogsor
prothrombinum,protrombin
proto-,sorozatban az első
protozoa,egysejtű
protrusio,kidülledés
Protrusio bulbi,előreesés
protrusio disci,porckorong kidülledés
protrusio medialis,mediális protrúzió
protuberantia,kiemelkedés
protuberantia occipitalis externa,külső nyakszirti gumó
proventriculus,begy
proximalis,"közelebbi, a testhez közelebbi"
proximalis epiphysis,törzshöz közelebbi végrész
pruriginosus,viszkető
pruritus vulvae,viszkető külső női nemi szervek
Pseud-,"Ál, hamis"
pseudo,FALSE
pseudocystis,álciszta
pseudoicterus,álsárgaság
psoa,ágyék
Psoas,Ágyék
psoriasis,pikkelysömör
psychomotoricus,pszichomotorikus
psychosis,elmebaj
pterygoidéus,szárny alakú
ptialo-,nyál-
ptilosis,szempillahullás
ptoe,Köpés
ptoticus,lesüllyedt
ptyalismus,nyálcsorgás
ptyalismus,nyálfolyás
Ptyalismus (sialosis),Nyálmirigy-túlműködés
pubertas,nemi érés
pubertas praecox,idő előtti pubertás
pubertas tarda,késői serdülés
pubes,szeméremszőrzet
pubicus,szeméremtájéki
pudéndum,szeméremszőrzet
pudéndum,szeméremtájék
puella,leány
puer,gyermek
puerperium,gyermekágy
pulex,bolha
pulicosis,bolhacsípés
pulmo,tüdő
pulmonális,tüdővel kapcsolatos
Pulpa,Fogbél
Pulpa dentis,Fogbél
pulpitis,fogbélgyulladás
pulposus,lágy
pulsus,pulzus
pulsus acceleratus,akceleráló pulzus
pulzoximéter,a vér oxigénszaturációját mérő készülék (lásd oxigénszaturáció)
punctatus,pontozott
punctio,csapolás
punctum,szúrt
punctum fixum,izom eredése
punctum maximum,tetőpont
punctum mobile,izom tapadása
pupilla,pupilla
puriformis,gennyszerű
purissimus,legtisztább
puronium,genny
purpura,foltok a bőrön
purulens,gennyes
purulentus,gennyes
purus,tiszta
pus,genny
pustula,"a bőr gyulladásos elváltozása (pl. pattanás), fakadék"
putamen,héj
Py-,Genny
pyaemia,gennyvérűség
pyel,vesemedence-
pyelectasia,vesemedencetágulás
pyelitis,vesemedence-gyulladás
pyelo,vesemedence-
pyelogram,vesemedence ábrázolás
Pyelon,vesemedence
pyemesis,gennyhányás
pyloricus,gyomornyíláshoz tartozó
pylorus,gyomorzár
pyoformis,gennyszerű
pyogenes,genny eredetű
pyogenesis,gennyképződés
pyohaemothorax,genny és vér a mellkasüregben
pyorrhoea,gennyfolyás
pyosalpinx,genny felgyülemlése a petevezetékben
pyothorax,gennymell
Pyramides renales,vesepiramisok
pyramis,piramis
pyrmides renales,vesepiramisok
pyrosis,gyomorégés
pyuria,gennyvizelés
q.d.,egyszer naponta
q.h.,óránkénti
q.i.d.,napi 4x
Quadrans,rész
Quadriceps cipitis,Négyfejű
quantum satis,amennyi elegendő
quantum sufficit,amennyi szükséges
quaque,minden
quaque die,egyszer naponta
quaque hora,óránkénti
quietas,csend
rachi-,gerinchez tartozó
rachialgia,gerincfájdalom
rachikele,gerincsérv
rachitis,angolkór
Radi-,Sugár
radialis,orsócsonti
radiális,sugárirányú
radiatio,kisugárzás
radices nervorum spinalium,gerincvelő ideggyökök
radicularis,gyökérrel kapcsolatos
radicularis sejtek,gyökérsejtek
radiculitis,ideggyök-gyulladás
radiculopathia,ideggyökér-bántalom
radii,orsócsonttal kapcsolatos
radiologus,röntgenszakorvos
radiopathologia,sugárkórtan
radius,"sugár, orsócsont"
Radix,Gyökér
radix dentis,foggyökér
Radix icis,Gyökér
radix linguae,nyelvgyök
radix nasi,orrgyök
radix nervi,ideggyökér
radix penis,pénisztő
radix pulmonis,tüdőgyökér
Radix unguis,körömtő
rami bronchales,nagyés kishörgők
ramificatio,elágazódás
ramus,ág
raphe,csontvarrat
raptus,dühkitörés
re-,"Vissza, újra"
reabsorptio,visszaszívódás
recens,friss
receptaculum,tartó
receptor,receptor
receptori sensorici,érzékelő receptorok
recessus,bemélyedés
recidivus,kiújuló
reclinatio,hátraesés
rectalis,a végbélhez tartozó
recto-,végbél-
rectouterinus,végbéllel és méhhel kapcsolatos
rectum,végbél
rectus,"azonnal, egyenes, nyíltan"
recurrens,felújuló
reductio functionis renis,veseműködés-csökkenés
reflexus,behajlított
refluxio acida,gyomosav-reflux
refractarius,makacs
regeneratio,megújulás
Regio,"Terület, tájék (regionalis)"
regio colli,nyak-régió
regio lumbosacralis,derék-keresztcsonti terület
regio olfactoria,szaglóhám
regio respiratoria,légzőtájék
regio sacrococcygealis,keresztcsont-farokcsonti terület
regiones corporis,testrészek
regressio,visszafejlődés
regularis,szabályos
regulatio,szabályozás
regurgitatio,öklendezés
reiectio,átültetett szövet kilökődése
reinfectio,újrafertőzés
relapsus,visszaesés
relapszus,"krónikus betegség visszatérése, fellángolása"
relaxatio,elernyedés
remedium,gyógyszer
remisszió,krónikus betegésgnek a tünetmentes szakasa
remittens,ingadozó
remodellatio,átalakítás
ren,vese
ren arcuatus,patkóvese
ren cirrhoticus,zsugorvese
ren succenturiatus,mellékvese
reniformis,vese alakú
renis,vesével kapcsolatos
renocellulare,vesesejtekből eredő
reparatio,javítás
Resectio,Gyökércsúcs eltávolítás
Respiratorius,légzési
respiro,légzés
respitatorius,légző
restrictivus,megszorító
resultatum,eredmény
resuscitatio,újraélesztés
retardatio mentalis,szellemi fejletlenség
rete,háló
rete testis,hererece
rete vasculosum,érhálózat
retentio,retenció
Retentio dentis,Fogvisszamaradás
reticularis,háló alakú
retículum,retikulum
reticulum nervosum,idegháló
reticulum sarcoplasmaticum,harántcsíkolt izomrost
reticulum trabeculare,gerendázatos hálózat
retina,a szem belső felszínének fényérzékeny rétege
retinaculum,tartószalag
retractio,behúzódás
retro-,"Mögött, visszafelé"
retrocaecalis,vakbél-mögötti
retromammillaris,emlő vagy mellbimbó mögötti
retropharyngealis,garat mögötti
retrosternalis,szegycsont mögötti
retrotonsillaris,mandula-mögötti
rheumatismus,reuma
rhinitis acuta,nátha
rhombencephalon,utóagyhólyag
Rhomboideus,Rombusz alakú
rigidus,nem hajlítható
rigor,merevség
rima,hasadás
rima glottidis,hangrés
rima oris,ajakrés
rima pudendi,szeméremrés
risorius,nevető
risus,nevetés
Rotatio,Forgatás
rotator,forgató
rotundus,kerek
röntgen,"vizsgálati eljárás, melynek során nagyenergiájú sugárzás segítségével a szervezet csontjairól és bizonyos szerveiről ""fényképet"" készíthetünk"
rrhagia,Vérzés
rrhaphia,"sebészeti varrás, varrat"
rubeola,"kanyaró, rózsahimlő"
rúbor,szégyen
truncus encephali,agytörzs
rubor labiorum,ajakpír
rubrum,vörös
rudimentaer,elcsökevényesedett
ruga,ránc
ruptilis,törékeny
ruptio,beszakadás
ruptura,beszakadás
ruptura intestini,bélrepedés
"ruptura musculi, myorrhexis",izomszakadás
ruptura renalis,veseberepedés
ruptura uteri,méhrepedés
rupturae,szétrepedések
ruptus,beszakadt
Rx,"recept, vény"
saccatus,eltokolt
saccharida,szénhidrátok
saccharo-,cukor
saccharum,cukor
saccharum lactis,tejcukor
sacci cervicales,nyaki légzsákok
sacci praethoracales,elülső mellkasi légzsákok
sacculus,végzsák
saccus aeralis,légzsák
saccus alveolaris,tüdőhólyagzsák
saccus interclavicularis,kulcscsonti légzsák
saccus vitellinus,szíkhólyag
Sacer,Szent (os sacrum - keresztcsont)
sacralis,keresztcsonti
sacrococcygeus,kereszt- és farokcsonti
sacrodynia,kereszcsontfájdalom
sacroiliacalis,kereszt és csípőcsonttal kapcsolatos
sacroiliitis,szakroilitisz
sacrum,keresztes
sacrum acutum,heveny keresztcsont
saepe,gyakori
Sagittalis,"Nyílirányú (sagitta ae, f - nyíl), Elölről hátrafelé irányuló"
salivaris,nyálhoz tartozó
Salmonella,szalmonella
salpingitis,petevezeték gyulladás
salpinx,kürt
salpinx uterina,petevezeték
sanatio,gyógyulás
sanatio vulneris,sebgyógyulás
sanatio vulneris per primam intentionem,elsődleges sebgyógyulás
sanatus,begyógyult
sanguiferus,vérvivő
sanguis,vér
sanguis fetalis,magzati vér
Saphenus,Rejtett
sarcolemma,izomrost burok
sarcolemma,izomrost hártyája
sarcoma,húsdaganat
Sartorius,Szabó-
saturatio,telítettség
saturnismus,ólommérgezés
scabies,Rühesség (scabies)
scala anterior,elülső koponyagödör
scala media,középső koponyagödör
scala posterior,hátsó koponyagödör
scalenus,ferde
scapha,barázda a fülkagylón
scaphoideus,sajkacsont
scapula,lapocka
scapuláris,lapockával kapcsolatos
scarlatina,"Vörheny (scarlatina), skarlát"
scatoscopia,székletvizsgálat
sceletum,csontváz
Schistosomiasis,Schistosoma-fertőzés
schizo-,hasadt-
schizophrenia,tudathasadásos elmezavar
Schoenlein-Henoch purpura,Schönlein-Henoch purpura
scissura,"árok, barázda, repedés"
sclera,a szem (látható) fehér része
scleritis,ínhártyagyulladás
scleroderma circumscripta,foltos scleroderma
scleroderma diffusa,"szisztémás scleroderma, generalizált scleroderma"
sclerosis multiplex,központi idegrendszerben jelentkező autoimmun betegség
sclerosis tuberosa,Göbös agykeményedés (sclerosis tuberosa)
scleroticus,kemény
scolex,galandféreg feje
scoliosis,"gerincoszlop oldalirányú görbülete, gerincferdülés"
scop,Tükrös vizsgálóeszköz
scorbut,skorbut
scotoma,látótérkiesés
scrotum,herezacskó
Sculptio,Fogvésés
scutiformis,pajzs alakú
scybalum,székletrög
sebaceus,faggyús
sébum,viasz
secretio,kiválasztás
secretorius,kibocsájtó
secretum,váladék
secretum pancreaticum,pankreász-szekrétum
Sectio,"Vágás, metszés, metszet"
sectio caesarea,császármetszés
sectio perinealis,gátmetszés a hüvelyen keresztül
secundum,valami alapján
segmentum,gerezd
selenium,szelén
Sella,"Szék, nyereg"
Semen,"Mag, ondó"
semi-,fél-
semicirculus,félkör
Semilunaris,Félhold alakú
seminalis,ondóhoz tartozó
semiovalis,féltojásdad
semispinalis,féltövises
Semitendinosus,féliginas
semper,mindig
senega,szenega
senescentia,öregedés
senilis,aggkori
senilitas,"Szenilitás, időskori butulás"
senium,öregkor
senna,szenna-levelek
sensorius,érzékelési
sensus,elöregedés
separandum,elválasztva
separationes liquorum corporis,testfolyadék rekeszek
sepsis,vérmérgezés
sepsis puerperalis,gyermekágyi vérmérgezés
Sept-,"Fal, sövény"
septotomia,septum bemetszése
séptum,rekeszizom
Septum,sövény
septum cordis,szívsövény
septum interventriculare,kamrai sövény
septum nasi,orrsövény
septum nasi osseum,csontos orrsövény
septus,sövényes
sequestratio,csontelhalás
Ser-,Savó
seropurulens,savós-gennyes
serpens,kúszó
Serratus,Fűrészes
serum,"szérum, savó"
serum lactis commune,közönséges tejsavó
sessilis,"mozdulatlan, ülő"
sexualis,nemi élettel kapcsolatos
sexus,"szexuális élet, nem"
shampoo,sampon
shigellosis,bacilláris dizentéria
Shy-Drager syndrome,Shy-Drager syndroma
Sial(o)-,Nyál
sialadenectomia,nyálmirigy műtéti eltávolítása
sialo-,nyál-
Sialodochoadenitis,Nyálmirigykivezetőcső-gyulladás
sialogen,nyálképző
sialolith,nyálkő
Sialolithiasis,nyálkövesség
siccus,kiszáradt
sidero-,vas-
sigmoiditis,szigmabél gyulladása
sigmoiditis chronica,krónikus szigmabélgyulladás
signum,jel
similis,hasonló
simplex,egyszerű
simulatio,színlelés
sinapis,mustár
sine,nélkül
sine morbo,betegség nélküli
sine morbo gynec.,nincs nőgyógyászati betegség
sine morbo mammae,nincs emlőbetegség
singularis,egyedüli
singultus,csuklás
singulus,magában álló
sinister,bal
sinus,"öböl, üreg"
Sinus aperta,Üregmegnyitás
sinus coronarius,koronária sinus
sinus frontalis,homloküreg
sinus maxillaris,arcüreg
sinus paranasales,orrmelléküregek
sinus renalis,veseöböl
sinus sphenoidalis,ékcsonti üreg
sinus sphenoidalis,iköböl
Sinus us,"Öböl, üreg"
sinus valsalvae,valsalva üreg
sinus venosus,vénás öböl
sinusitis,arcüreggyulladás
sinusitis acuta,Heveny melléküreggyulladás
sinusitis chronica,krónikus homloküreggyulladás
sinusitis maxillaris,arcüreggyulladás
sinusitis maxillaris acuta,akút arcüreggyulladás
sinusitis sphenoidalis,ékcsontüreggyulladás
sis,állapot
sitis,szomjúság
skeleton,csontváz
sludge cholecystae,epehólyag iszap
solidum,tömör szerkezet
solutio,"megoldás, oldat"
soma,test
Somat-,Test
somatogenes,test eredetű
somnabulismus,alvajárás
somnolentia,aluszékonyság
soor,szájpenész
sopor,"mély alvás, öntudatlanság"
Spasm-,Görcs
spasmodicus,görcsös
spasmus,görcs
spastosus,görcsös
Spatium (diasthema),Hézag a fogak között
speculum,vizsgálótükör
Sperma,"Mag, ondó (görög)"
spermatogonium,ősondósejt
spermatozoa,spermasejtek
spermium,hímivarsejt
sphenoidalis,ék alakú
Sphenoidalis,"Ék-, ék alakú"
sphera,gömb
spheroideus,gömbszerű
sphincter,záróizom
sphygmomanometer,vérnyomésmérő
spina,"gerinc, tövis"
spina bifida,gerinchasadék
Spina bifida aperta,gerincvelősérv
spina bifida occulta,Rejtett gerinchasadék (spina bifida occulta)
spina iliaca,csípőtövis
spina iliaca anterior inferior,elülső alsó csípőtövis
spina iliaca posterior superior,hátulsó felső csípőtövis
spina scapulae,lapockatövis
spinális,gerincoszlopi
spinchterotomia,záróizom műtéti metszése
spini scapulae,lapockatövis
spinosus,gerinccel kapcsolatos
Spirat-,Légzés
spissus,sűrű
Splanch-,Zsiger
splanchnicus,zsigerekhez tartozó
splanchnocranium,arckoponya
splanchnologia,zsigertan
splanchnomegalia,zsigermegnagyobbodás
splanchnopathia,zsigerbántalom
splanchnoptosis,zsigersüllyedés
splen,lép
splenectomia,lép kimetszése
splenitis,lépgyulladás
Splenius,Szíj-
splenomegalia,lépmegnagyobbodás
spondylarthritis ankylopoetica,Bechterew-kór
spondylarthrosis,csigolyaizületi bántalom
spondylarthrosis lumbalis,ágyéki csigolyaizületi bántalom
spondylitis ankylosans,Bechterew-kór
spondylolisthesis,csigolyacsuszamlás
spondylolysis,csigolyaívek sérülése
spondylosis,csigolyaívek sérülése
spondylus,csigolya
spongia,szivacs
spongia pressa,sajtolt szivacs
spongiformis,szivacsos
Spongiosus,Szivacsos
spurius,FALSE
sputum,köpet
Squama,Pikkely
squama frontalis,pikkelyrész
squama occipitalis,pikkelyrész
squamosus,pikkelyes
St. post. Inf. virosa Subfebrilitas Spec.,Lázat nem elérő vírusos fertőzés utánni állapot
stasis,állás
status asthmaticus,status asthmaticus
status morbidus,betegségi állapot
status post fracturam pelvis,a medence törés utáni állapot
status post sanationem,gyógyulás utáni állapot
steato-,zsír-
steatorrhoea,zsírszéklet
steatosis,zsírfelgyülemlés
steatosis hepatis,máj elzsírosodás
stenocardia,szívszorulás
stenosans,szűkülő
stenosis,szűkület
stenosis arteriae renalis,veseartéria-szűkület
stenosis valvae cordis,szívbillentyűszűkület
"stenosis valvae-, valvulae tricuspidalis",trikuszpidális billentyű szűkülete
stenosis valvulae mitralis,Mitrális stenosis
stenotisans,szűkülő
sterco-,bélsár-
stereoaphonia,térhallás
sterilis,meddő
sterilisatio,terméketlenítés
sternalis,szegycsonthoz tartozó
sternocleidomastoideus,Fejbiccentő
sternum,szegycsont
sternutatio,horkolás
stethos,mellkas
stigma,jel
stimulans,élénkítőszer
stimulus,"inger, serkentés, stimulálás"
stoma,"csont, nyílás"
Stoma(t)-,Száj
stomatitis,szájgyulladás
stomatologia,fogászat
stomatologia,fogorvoslástan
stomia,nyílás
strabizmus,kancsalság
strangulatio,elszorítódás
stratum,réteg
stratum corneum,szaruréteg
stratum ganglionare,kisagykéreg középső rétege
stratum granulosum,Malphigi-réteg
stratum lucidum,fénylő réteg
stratum moleculare,kisagykéreg külső rétege
stratum spinosum,tüskés réteg
strepitus,"zaj, zörej"
stria,csík
stria primitiva,őscsík
striae gravidarum,terhességi csíkok
striatus,csíkos
Strict-,Összenyomás
strictura,szűkület
stridor,sípoló légzés
stroma,szerv kötőszövetes váza
stroma ovarii,petefészek kötőszöveti váza
structura,"szerkezet, szövetszerkezet"
structurae geneticae,genetikai stuktúrák
struma,golyva
studium,tanulmány
styloideus,vesszőszerű
styrax liquidus,storaxbalzsam
subacromiale,acromion alatti
subacutus,félheveny
subarcuatus,"enyheívű, ívalatti"
subcapitalis,fej alatti
subcapitalis,fejecs alatti
subcapsularis,"kapszula alatt, tok alatt"
subchondralis,porc alatti
subclavia,kulcscsont alatti
subconjunctivalis,kötőhártya alatti
subcorticalis,kéreg alatti
subcutan,bőralatti
subcutanus,bőr alatt
subcutis,a bőr legmélyebb rétege
subduralis,agykoponyán belüli
subepiglotticus,gégefedő alatti
subhepaticus,májalatti
subictericus,enyhén besérgult
subileus,részleges bélelzáródás
subitum,gyors
subitus,gyors
sublatio,leválás
subligamentalis,ín alatti
subliminalis,tudati küszöb alatti
submandibularis,állkapocs alatti
submandibularis,szubmandibularis
submucosa,nyálkahártya-alatti kötőszövet
submucosum,nyálkahártya alatti
subnasalis,orr alatti
suborbitalis,szemgödör alatti
subpleuralis,pleura alatti
subscapularis,lapocka alatti
subserosus,savós hártya alatti
subserosus,serosa alatti
subserosus,szubszerózus
subsidium investigationis,kutatás támogatása
subspecies,alfaj
substantia,állomány
substantia adamantina,fogzománc-állomány
substantia alba,fehér állomány
substantia cerebralis grisea,szürke agyállomány
substantia cerebri,agyállomány
substantia compacta,kompakt állomány
substantia corticalis,külső kéregállomány
substantia eburnea,dentin
substantia eburnea,dentinállomány
substantia grisea,szürke állomány
substantia grisea centralis,központi szürkeállomány
substantia medullaris,velőállomány
substantia nigra,fekete állomány
substantia nuclearis,maganyag
substantia ossea,"fogcement, cementállomány"
substantia spongiosa,szivacsos állomány
substernalis,szegycsont alatti
substitutio,pótlás
subtilis,apró
succedaneus,helyettesítő
succus,nedv
succus pancreaticus,hasnyál
suctio,szívás
sudamina,hőpörsenés
sudatio,"izzadság, verejték"
sudor,izzadság
suffocatio,fulladás
suffusio,"bevérzés, véraláfutás, vérdaganat, vérömleny, zúzódás"
suicidium,öngyilkosság
sulcus,barázda
sulcus anterolateralis,oldalsó-elülső barázda az agy alapi felszínén
sulcus centralis,központi barázda
sulcus cerebralis,agybarázda
sulcus cerebri,agybarázda
sulcus coronarius,koszorúbarázda
sulcus costae,bordai barázda
sulcus hemisphericus,féltekebarázda
sulcus nasolabialis,orr-ajak barázda
sulcus nasolacrimalis,orrkönnybarázda
sulfur crudum,nyers kén
SUP,kúp
supercilium,szemöldök
Superficialis,"Felszíni, felületi"
Superficies,Felszín
superficium cutis,bőrfelszín
superior,felső
supinatio,kifelé fordítás
supinator,hanyintó
suppositorium,kúp
suppressio,elnyomás
suppuráló,gennyet termelő
suppuratio,gennyedés
suppurativus,gennyes
supra,"döntő, legfelső"
supraepiglottis,gégefedő feletti
supramalleolaris,malleolus feletti
supraorbitalis,szemüreg-feletti
suprarenalis,mellékvesével kapcsolatos
supraspinatus,tövis feletti
suprasternalis,szegycsont feletti
supremus,"döntő, legfelső"
supremus,legfelső
sura,"lábikra, vádli"
surdomutitas,süketnémaság
surdus,siket
susceptibilitas,fogékonyság
susp. grav.extraut.,gyanított méhen kívüli terhesség
suspectus,feltételezett
suspensio,felfüggesztés
sutura,varrat
sutura lambdoidea,lambda-varrat
sutura plana,sima varrat
sutura sagittalis,nyílvarrat
sutura serrata,fogazott varrat
sutura squamosa,pikkelyvarrat
suturae craniales,koponyavarratok
suturatio,varrás
symbiosis,életközösség
symbioticus,együtt élő
symmetria,részarányosság
sympaticus,sympaticus idegrendszer része
sympaticus,együttérző
symphysis,"összeköttetés, összenövés"
symphysis pubis,szeméremízület
symptoma,kórtünet
synapsis,idegátcsatolódás
synarthrosis,folytonos összeköttetés
synchondrosis,összeporcosodás
syncope,ájulás (átmeneti eszméletvesztés)
syncronos,egyidejű
syncytium,több sejt egybeolvadása
syndactylia,ujjösszenövés
syndesmologia,ízülettan
syndesmosis,szalagos összeköttetés
syndroma,tünetcsoport
syndroma canalis carpi,alagút szindróma
synechia,beteges összenövés
synergia,együttműködés
Synergista,együttműködő
synostosis,csontösszenövés
synovia,ízületi folyadék
synovitis,izületi nyálkahártya gyulladás
synovium,ízületi hártya
syphiliticus,szifiliszes
syphiliticus,vérbajos
syringomyelia,folyadékkal töltött üreg a gerincvelőben
syrinx,"cső, üreg"
systema,rendszer
systema cardiovasculare,szív és érrendszer
systema conducente cordis,szív impulzusokat vezető rendszere
systema digestorium,emésztőrendszer
systema endocrinum,belsőelválasztású rendszer
systema haematopoeticum,vérképző rendszer
systema immunum,immunrendszer
systema lymphaticum,nyirokrendszer
systema musculoskeletale,izom és vázrendszer
systema nervorum centrale,központi idegrendszer
systema nervorum perifericum,perifériális idegrendszer
systema nervosum,idegrendszer
systema nervosum autonomica,vegetatív idegrendszer
systema nervosum centrale,központi idegrendszer
systema nervosum cerebrospinale,szomatikus idegrendszer
systema nervosum periphericum,perifériális idegrendszer
systema nervosum periphericum,környéki idegrendszer
systema nervosum sympathicum,szimpatikus idegrendszer
systema nervosum vegetativum,vegetatív idegrendszer
systema nervosusm parasympathicum,paraszimpatikus idegrendszer
systema organorum viscerale,zsigerrendszer
systema respiratorium,légzőrendszer
systema urogenitale,húgy és nemi rendszer
systema vasorum,érrendszer
systole,összehúzódás
systremma,lábikragörcs
szeptumdefektus,a szív üregeit elválasztó fal(ak) folytonossághiánya
szívinfarktus,a szívizom vérellátási zavara következtében létrjövő szívizomelhalás
szívkatéterezés,vizsgálóeljárás melynek során nagyon vékony csövet vezetnek az ereken keresztül a szívbe
szuicid,öngyilkos
t.d.s.,háromszor naponta
t.i.d.,háromszor naponta
tabletta abortiva,eseményutáni-tabletta
tabletta acidi salicylici,szalicilsav-tabletta
tabuletta,tabletta
tachy,szapora
tachycardia,szapora szívverés
tachylalia,"gyors beszéd, hadarás"
tachyphagia,gyors evés
tachypnoe,szapora légzés
Tact-,Érintés
tactilis,tapintási
tactus,érintés
taenia,"bélgiliszta, ínszalag,"
talipes,veleszületett lábdeformitás
talis,olyan
talocruralis,talokrurális
talofibularis,talofibuláris
talotibialis,talotibiális
talus,boka
tangentialis,érintő irányú
tantalium,tantál
tantum,annyi
tardus,késő
tarsal,lábtő-
tarso-,lábtő-
tarsometatarseus,tarzometatarzális
tarsus,lábtő
taxidermia,állatpreparáció
TBL,tabletta
tectorius,befedés
tectum,fedél
tectum calvae,fejbőr hajas része
tegmen,takaró
tegmen tympani,a dobüreg csontos teteje
tegmentum,borító
tela,szövet
tela adiposa,zsírszövet
tela conjunctiva,kötőszövet
tela dentis,fogszövet
tela elastica,rugalmas szövet
tela granulationis,sarjszövet
tela lymphoidea,nyirokszövet
tela nervosa,idegszövet
tela subcutanea,bőralatti szövet
telae,szövetek
teleagiectasia,hajszálértágulat
teleangiectasis,hajszálértágulat
telencephalon,végagy
telencephalon medium,középső előagy
telepathia,gondolatolvasás
tellurium,tellúr
telodendron,idegnyúlvány végfácskája
temperamentum,vérmérséklet
temperatura cutis,bőrhőmérséklet
tempora,halánték
temporalis,halántékcsonti
tempore,idejében (vminek)
temporomandibularis,halántékcsonti-állkapcsi
temporooccipitalis,halántékcsonti-nyakszirtcsonti
Tempos,Halánték
tempus,idő
tendentia oedematica,ödéma-tendencia
tendines,inak
tendineus,inas
tendinitis,íngyulladás
tendinopathia,ínbetegség
tendo,ín
tendo Achillis,Achilles ín
tendo calcaneus,lábszárhajlító ín
tendovaginitis,inhüvely gyulladás
tenebrositas,homályállapot
tenia,kötelék
tenia coli,vastagbelet összhúzó köteg
ténius,karcsú
tenostosis,ín elcsontosodás
tenotomia,ín műtéti metszése
tensor,feszítő
tentorium,sátor
tenuis,"finom, vékony"
tenuissime,nagyon gyengéden
ter in die,háromszor naponta
teratogen,fejlődési rendellenességet kiváltó
terebinthina,terpentin
teres,"henger alakú, kerek"
tergum,"hát, vissza"
terminalia nervorum,idegvégződések
terminalis,véghez tartozó
terminalis filamentum,végfonál
terminus,"határidő, fogalom"
terror bacilli,bacillustól való félelem
testectomia,herekimetszés
testicularis,herével kapcsolatos
testinalis,heréhez tartozó
testis,here
tetraparesis,négy végtag enyhe bénulása vagy gyengesége
textura,szövet
textus,szövet
thalamus,a köztiagy része
thalassaemia,örökletes vérképzőrendszeri betegség
thalassophobia,tengeriszony
thanatophobia,szorongó fájdalom
theca,tok
thecoma,jóindulatú kemény daganat a petefészekben
theleplastica,emlőbimbó plasztikai műtéte
thelitis,emlőbimbó-gyulladás
thenar,"talp, tenyér"
theoria,elmélet
Therap-,Kezelés
therapeutica,gyógyszerek
therapia,gyógykezelés
therapia electroconvulsiva,elektorkonvulzív terápia
therapia steroidi,szteroid-terápia
thermoreceptori,hőérzékelők
Thorac-,Mellkas
thoracalis,mellkasi
thoracoacromialis,mellkasi-vállcsúcsi
thoracocentesis,mellkascsapolás
thoracotómia,mellkas megnyitásával járó sebészi beavatkozás
thorax,mellkas
Thorax acis,mellkas
thorium,tórium
three times,háromszoros
Thromb-,Rög
thrombangitis obliterans,Buerger kór
thrombectomia,vérrögkimetszés
thromboangiitis obliterans,Buerger kór
thrombocyta,vérlemezke
thrombocyti,vérlemezkék
thrombocytopenia,thrombocitopénia
thrombophlebitis,tromboflebitisz
thrombosis,vérrögösödés
thrombosis arteriae renalis,veseartéria trombózis
thrombus,vérrög
thymoma,csecsemőmirigy-daganat
thymus,csecsemőmirigy
thymus persistens,fennmaradó csecsemőmirigy
thyreo-,pajzsmirigy-
thyreocervicalis,pajzsmiriggyel és nyakkal kapcsolatos
thyreoideus,pajzsmiriggyel kapcsolatos
thyrocalcitoninum,kalcitonin
thyroiditis,pajzsmirigygyulladás
tibia,sípcsont
tibialis,sípcsonthoz tartozó
tid,háromszor naponta
tinea,gombás bőrkiütés
tinea capitis,mycosis capitis
tinea pedis,lábgomba
tinea unguium,körömgombásodást
tinea versicolor,pityriasis versicolor
tinnitus,fülcsengés
titubatio,bukdácsolás
tomia,Műtéti metszés
tonometer,nyomésmérő
tonsilla,mandula
tonsilla adenoidea,garat mandula
tonsilla cerebelli,kisagyi tonsilla
tonsilla lingualis,nyelv mandula
tonsilla palatina,szájpadi mandula
tonsilla pharyngea,garatmandula
tonsilla tubaria,fülkürtmandula
tonsillectomia,mandula műtéti eltávolítása
tonsillitis,garatmandulagyulladás
tonsillolith,mandulakő
tonus,"hangzás, feszülés, nyugalmi izom feszülési állapota"
tophus,"csomó, göb"
torsio,csavarás
torsio testis,herecsavarodás
torticollis,"ferde nyak, nyakmerevedés"
tortilis,csavart
torus,csomó
totalis,teljes
toxicitas,méreghatás
"toxicitas, venenositas",ártalmasság
toxicogen,méregképző
toxicoid,méregszerű
toxicosis,mérgezés
toxin,méreg
toxoplasmosis,toxoplazmózis
Trache-,Légcső
trachea,légcső
trachealis,légcsővel kapcsolatos
tracheopathia,légcsőbántalom
tracheorrhaphia,tracheorrhaphy
tracheotomia,légcsőmetszés
trachoma,Trachoma
tractio,húzás
tractus,földsáv
tractus autonomici,autonóm pályák
tractus biliaris,epevezeték rendszer
tractus corticospinalis crutiatus,keresztezett piramispálya
tractus corticospinalis directus,keresztezetlen piramispálya
tractus efferentes,efferens pályák
tractus gastrointestinalis,gyomor-bél csatorna
tractus nervosi,idegpályák
tractus olfactorii,szaglópályák
tractus opticus,látóköteg
tractus rubrospinalis,Monakow-pálya
tractus spinocerebellaris dorsalis,Flechsig-pálya
tractus spinocerebellaris ventralis,Gowers-pálya
tractus spinothalamici,gerincvelő-látótelepi pálya
tractus spinothalamicus,Edinger-pálya
tractus urinarius,húgyutak
tragos,fülcsap
transanalis,az anuson keresztül
transbronchialis,hörgőn keresztüli
transcisio,átvágás
transcriptio,átírás
transcutan,bőrön át
transfixio,átszúrás
transformare,transzformál
transfusio,vérátömlesztés
transfusio exsanguino,vércsere
translatio,fordítás
transmuralis,transmurális
transparens,áttetsző
transpiratio,verítékezés
transplantatio,szervátültetés
transplantatum cutis,átültetett bőr
transudatum,vizenyő
transurethralis,húgycsövön keresztül
transvaginalis,hüvelyen át
Transversalis,Harántirányú (egyik oldalról a másik oldal felé mutató irány)
transversum,keresztbenálló
transversus,harántirányú
transzplantáció,szervátültetés
trapezius,trapéz formájú
trauma,sérülés
Traumat-,Sérülés
traumatica,balesetes
traumaticinum,traumaticin
traumaticus,balesetes
trema,hangulatváltozás
tremens,reszkető
trementia,remegősség
"tremibundus, tremulus, vibratus","remegő, reszkető"
tremor,remegés
tremor mani,kézremegés
"tremor, trepidatio, vibratio","remegés, reszketés"
"tremulans, vibratus, vibratorius",remegő
trepanatio,csontfúrás
trianguláris,delta alakú
trias,hármas csoport
triceps,háromfejű
Triceps cipitis,Háromfejű
trichinosus,borsókás
trichoglossia,szőrös nyelv
trichotillomania,beteges hajtépdesés
tricuspidalis,háromcsúcsú
Tricuspidalis,Háromhegyű
tridymus,hármas iker
trifolium febrinum,vidra elecke
trigeminus,háromosztatú
triplex,háromszoros
tripsia,zúzás
tripsia,zúzás
tríquetrus,delta alakú
trismus,szájzár
trisomia,trisomia
trituratio,porhigítás
trochánter,tompor
trochanter major,nagytompor
trochanter minor,kistompor
trochantericus,tomporos
trochlea,csiga
trochlearis,pörgéhez tartozó
trophia,Táplálkozás
trophia,növekedés
trophicus,táplálkozási
trunci post amputationem,amputációs csonkok
truncus,csomagtartó
Truncus,törzs
truncus arteriosus,aortatörzs
truncus cerebri,agytörzs
truncus encephali superior,felső agytörzs
truncus enchephali inferior,alsó agytörzs
truncus lumbalis,ágyéki nyiroktörzs
truncus lymphaticus,nyirokvezeték
trypanosomiasis,álomkór
tu. renis,vesedaganat
Tuba,"Kürt(tuba uterina-petevezeték), csatorna, cső"
tuba auditiva,Eustach-kürt
tuba auditiva Eustachi,Eustach-kürt
tuba fallopiana,petevezeték
tuba fallopii,petevezeték
tuba pharyngotympanica,fülkürt
tuba uterina,"petevezeték, méhkürt"
tubae follopii,"méhkürt, petevezetékek"
tubaria,kürtös
tuber,"csomó, dudor, duzzanat"
tuber calcanei,sarokdudor
Tuber eris,"Dudor, kiemelkedés"
tuber frontale,homlokdudor
tuber ischiadicum,ülőgumó
tubercolosis,gümőkór
tubercolosis laryngis,gégegümőkór
tuberculosis,"tuberkulózis, TBC, gümőkór"
tuberculosus,"gümőkóros, TBC-s"
tuberculum,bütyök
tuberculum costae,bordagumó
tuberculum labii superioris,felső ajakszéli gumó
tuberculum majus,nagy dudor
tuberculum pubicum,csontdudor
tuberositas,csontdudor
tuberositas radii,orsócsonti dudor
tuberositas ulnae,singcsonti dudor
tuberosus,"dudoros, érdes"
tubularis,csöves
tubuli colligentes renis,gyűjtő vesetubulusok
tubuli seminiferi,herecsatornácskák
tubuli seminiferi contorti,herecsatornácskák
tubuli uriniferi,vesecsatorna
tubulosus,csöves
tubulovillosus,csöves-bolyhos
tubulus,csatorna
tubulus contortus distalis,distalis kanyarulatos csatorna
tubulus contortus proximalis,proximalis kanyarulatos csatorna
tubulus renalis,vesecsatorna
tubulus renalis distalis,távoli vesetubulusok
tubulus renalis proximalis,közeli vesetubulusok
tubulus renis,vesecsatornácska
tubus,"csatorna, cső"
tumidus,duzzadt
tumor,"daganat, rendellenes szövetszaporulat"
tumor cerebri,agydaganat
tumor cutis,bőrdaganat
tumor endometrii,endometrium daganat
tumor malignus telae epithelicae carcinoma cancer,rák
tumor mammae,emlődaganat
Tumor oris,Daganat
tumor renis,vesedaganat
tumor telae ossis,csontszövet-daganat
tumor testis,here daganat
tumoris ossealis,csontdaganatnak
tunica,"réteg, burok, hártya"
tunica albuginea,kötőszöveti tok
tunica albuginea,heréket körülvevő kötőszövetes burok
tunica conjunctiva,kötőhártya (szemben)
tunica dartos,herezacskó-boríték
tunica fibrosa,rostos burok
tunica intima,testfolyadékot elszigetelő belső réteg
tunica mucosa,nyálkahártya
tunica mucosa intestinalis,bél nyálkahártya
tunica mucosa nasalis,orrnyálkahártya
tunica mucosa olfactoria,szagló nyálkahártya
tunica mucosa oris,száj nyálkahártyája
tunica mucosa respiratoria,légzőszervi nyálkahártya
tunica mucosa ventriculi,gyomor nyálkahártya
tunica serosa,savós hártya
turbidus,zavaros
turbinalis,csavarodott
turcicus,Török
turricephalia,toronykoponya
tussis,köhögés
tuto,biztos
tylosis,bőrkérgesedés
tympanicus,dobüregi
tympano-,dobhártya-
tympanosclerosis,dobhártya-keményedés
tympanum,dob
typhlosis,vakság
typhoides,tífuszhoz hasonló
typhus abdominalis,hastífusz
typhus abdominalis,tífusz
typhus exanthematicus,Kiütéses tífusz (typhus exanthematicus)
typicus,jellegzetes
ubiquitaer,mindenüt előforduló
ulceratio,fekélyesedés
ulceratio laryngis,gégefekélyesedés
ulcerogen,fekélyképző
ulcerosus,fekélyes
ulcus,fekély
ulcus cruris,lábszárfekély
ulcus decubitale,nyomás okozta fekély
ulcus duodeni,Nyombélfekély
ulcus jejunale,éhbélfekély
ulcus labii,ajakfekély
ulcus molle,Lágyfekély (ulcus molle)
ulcus vaginae,hüvelyfekély
ulcus ventriculi,gyomorfekély
ulna,karcsont
ulnaris,singcsontal kapcsolatos
ultimus,végső
umbilicus,köldök
umbo,"kiemelkedés, köldök"
una,egy
unciformis,"horog alakú, kampószerű"
uncinatus,horgas
uncovertebralis,csigolyatest
unctio,kenés
uncus,horog
"ungue, unguis, ungula",köröm
unguentum,kenőcs
unguentum cerussae,ólomfehér-kenőcs
unguentum dermale,kenőcs
ungues,körmök
unguicularis,körömhöz tartozó
unguis incarnatus,benőtt köröm
unifocalis,egyközpontú
unilateralis,egyoldali
unipennatus,egytollú
unisexualis,egynemű
unitas curabilis,betegellátó-egység
universalis,általános
Ur-,Vizelet
uraemia,a vér nitrogénszintjének emelkedése
Uraemia,Veseelégtelenség
uragog,húgyhajtó
uresis,vizelés
ureter,húgyvezeték
ureteralgia,húgyvezeték-fájdalom
ureterectomia,húgyvezetéknek műtéti eltávolítása
uretericus,húgyvezetékhez tartozó
ureteritis,húgyvezeték-gyaulladás
ureterokele,húgyvezetéksérv
ureterolith,húgyvezetékkő
ureterostenosis,húgyvezeték-szűkület
ureterotomia,húgyvezeték műtéti metszése
urethra,húgycső
urethra feminina,női húgycső
urethra masculina,férfi húgycső
urethralgia,húgycsőfájdalom
urethralis,húgycsőhöz tartozó
urethrectomia,húgycsőnek műtéti eltávolítása
urethremphraxis,húgycsőelzáródás
urethritis,húgycsőgyulladás
urethrokele,húgycsősérv
urethroscopia,húgycsőtükrözés
urethrostenosis,húgycsőszükület
urethrotomia,húgycső műtéti metszése
urgens,sürgős
uria,Vizeletürítés
uricus,húgysavas
urina,vizelet
urinarius,húgyrendszerrel kapcsolatos
urinatio,vizeletürítés
Urinifer,Vizeletelvezető
urocystitis,húgyhólyaggyulladás
urogenitalis,vizeleti és nemi szervekhez tartozó
urolith,húgykő
urolithiasis,húgykőbetegség
urologicus,urológiai
uropoeticus,vizeletkiválasztó
Uropoeticus,"Vizeletkiválasztó, vizeletképző"
urtica,csalánfolt
urticaria,csalánkiütés (a bőr szúnyogcsípés-szerű elváltozása)
ustus,égetett
usus,használ
uterinus,méhhel kapcsolatos
uterus,anyaméh
uvula,nyelvcsap (a szájpadlásról lelógó szövetrész)
uvularis,nyelvcsappal kapcsolatos
uvulectomia,cseplesz kimetszése
vaccinatio,védőoltás
Vaccinum pertussis,szamárköhögés elleni oltóanyag
vacuola,folyadékkal telt hólyagocska
vacuus,üres
vagina,hüvely
Vagina bulbi,Tenon-féle tok
vagina duplex,dupla hüvely
vagina rotatorium,rotátorköpeny
vagina tendinis,ínhüvely
vagina tendinum musculorum rotatorium,rotátorköpeny
vagina tenditis,ínhüvely
vaginalis,"hüvelyhez tartozó, hüvelyi"
vaginismus,akaratlan hühelygörcs
vaginismus,hüvelygörcs
vaginodynia,hüvelyfájdalom
vagotonia,paraszimpatikus tónus
vagus,vándorlás
valeriana,gyökönke- gyógynövény
valgus,kifelé fordított
Valva,Billentyű (valvula)
valva aortalis,aortabillentyű
valva cordis,szívbillentyű
valva mitralis,kétcsúcsú billentyű
valva tricuspidalis,háromhegyű billentyű
"valva, valvula",billentyű
valvula bicuspidalis,kétcsúcsú vitorlás billentyű
valvula cuspidalis,vitorlás billentyű
valvula ileocaecalis,Bauhin-billentyű
valvula mitralis,kétcsúcsú vitorlás billentyű
valvula semilunaris,félhold alakú billentyű
valvula tricuspidalis,háromcsúcsú vitorlás billentyű
valvulae cordis,szívbillentyűk
valvularis,billentyűs
valvuloplastica,billentyűplasztika
variabilis,"változékony, változatos"
variatio,"változat, módosulat"
varicella,bárányhimlő
varicokele,sérv visszeres kötegekkel
varicositas,visszérbetegség
varicosus,visszeres
variegatus,tarka
variola,fekete himlő
varix,görcsér
varus,kifele csavarodó
vas deferens,ondóvezeték
vas lymphaticum,nyirokér
"Vas, vasis (vasa, vasorum), n","Véredény, ér"
vasa capillaria,hajszálerek
vasa coronaria,koszorúerek
vasa sanguinea,ér
vasa vasorum,ereket ellátó erek
vascularis,érrendszeri
vascularisatio,érképződés
vasculitis,érgyulladás
vasculosus,"érrendszeri, erekben gazdag"
vasculum,erecske
vasectomia,ondóvezeték sebészeti eltávolitása
Vaselinum album,fehér vazelin
vasoconstrictio,érszűkítés
vasoconstrictor,ér üregét szűkítő
vasodilatatio,"értágítás, értágulás"
vasodilatator,értágító
vasodilatator,ér üregét tágító
vasomotor,érmozgató ideg
vasospasmus,érgörcs
vastus,nagy
vehiculum,vivőszer
velamentum,"befedés, betakarás, burok"
véna,"az elhasználódott, oxigénben szegény vért szállító a szív felé szállító erek gyűjtőneve, visszér"
vena axillaris,hónaljvéna
vena azygos,páratlan viszér
Vena basilica,Felső végtagi medialis bőrvéna
vena cava inferior,alsó üres visszér
vena cava superior,felső gyűjtőér
Vena cephalica,Felső végtagi oldalsó bőrvéna
vena cerebralis,agyvéna
vena comitans,kísérő viszér
vena iliaca communis,közös csípővéna
vena linenalis,lép-véna
vena ovarica,petefészekvéna
vena poplitea,térdhajlati véna
vena poplitealis,térdhajlati véna
vena portae,májkapugyűjtőér
vena pulmonalis,tüdővéna
vena renalis,vesevéna
vena retinalis,retina-véna
vena splenica,lép-véna
vena umbilicalis,köldökvénák
venae,"gyűjtőérrel kapcsolatos, vénák"
venae comitantes,kísérő viszerek
venae cordis,koszorúerek
venae hepaticae,máj viszerek
venae jugulares,juguláris vénák
venae pulmonales,tüdő viszerei
venae renales,vese vénák
venae umbilicales,köldökvénák
venasectio,érvágás
venena,mérgek
venenum,méreg
veneralis,"nemi, szexuális"
venerus,nemi
venesectio,érvágás
venosus,vénás
venter,has
ventilatio,légcsere
Ventralis,"Hasi, elülső"
ventricularis,agykamrai
ventriculi cerebrales,agykamra
ventriculi cordis,szívkamrák
ventriculi laterales,oldalkamrák
ventriculomegalia,kamramegnagyobbodás
ventriculotomia,ventriculotómia
ventriculum,kamra
ventriculus,"gyomor, has, kamra"
ventriculus cerebri,agykamra
ventriculus cordis,szívkamra
ventriculus dexter,jobb szívkamra
ventriculus laryngis,gégetasak
ventriculus primus cerebri,I. agykamra
ventriculus quartus,negyedik kamra
ventriculus sinister,bal szívkamra
ventriculus tertius,harmadik kamra
ventromedialis,hasi-középi
venula,kis visszér
venulae,kis viszerek
veratrinum,veratrin
verbalis,szóbeli
veridicalis,igazmondó
verisimiliter,valószínű
vermicid,féregölő
vermicularis,hernyóhoz hasonló
vermiformis,féregszerű
vermis,féregszerű rész
vermis cerebelli,kisagyféreg
vernix caseosa,magzatmáz
verruca necrogenica,necrogen szemölcs
verruca necrogenica,posmortem szemölcs
Verruca plantaris,talpi szemölcs
versicolor,színváltoztató
versio,fordítás
vertebra,csigolya
vertebra basilaris,ötödik ágyéki csigolya
vertebra cervicalis,nyakcsigolya
vertebra coccygea,farkcsigolya
vertebra lumbalis,ágyékcsigolya
vertebra plana,lapos csigolya
vertebra prominens,hetedik nyaki csigolya
vertebra sacralis,keresztcsonti csigolya
vertebra sacralis,szakrális csigolya
vertebra thoracalis,háti csigolya
vertebra thoracalis,mellkasi csigolya
vertebrae,csigolyák
vertebrae cervicales,nyakcsigolyák
vertebrae lumbales,ágyékcsigolya
vertebrae thoracicae,hátcsigolya
vertebralis,csigolyával/gerinccel kapcsolatos
vertebrarium,gerinc
vertebratus,gerinces
vertex,csúcs
vertex cranii,koponyatető
Verticalis,Függőleges irányú (alulról felfelé v felülről lefelé)
vertiginosus,szédülő
vertigo,szédülés
veruccosus dermatitis,mohos láb
verum,valódi
verus,valódi
vesica,hólyag
vesica biliaris,epehólyag
vesica urinaria,húgyhólyag
vesicalis,hólyaggal kapcsolatos
vesice,hólyag
vesicovaginalis,hólyaggal és hüvellyel kapcsolatos
vesicula,hólyagocska
vesicula seminalis,ondóhólyag
vesicularis,hólyaghoz tartozó
vesiculo,"hólyag, húgyhólyag"
vesiculosus,apró hólyagú
vestibularis,"pitvari, Fogíven kívüli felszín"
vestibulum,"bejárat, pitvar"
vestibulum nasi,orrtornác
Vestibulum oris,Szájtornác
vestibulum vaginae,hüvelytornác
Viafalsa / foss rute,Áll út
villi intestinales,bélbolyhok
villosus,bolyhokkal fedett
villus,boholy
vinculum,"kötelék, szalag"
vinosus,borszerű
vinum,bor
vir,férfi
vira,vírusok
virga,vessző
virgatus,vesszőszerű
virginitas,szüzesség
virgo,szűz
viridis,zöld
virilis,férfi
virilisatio,férfiasodás
virion,sejten kívüli vírusrészecske
viripotens,szexuálisan érett
virosus,vírusos
virulens,megbetegítésre képes
vis,erő
vis a tergo,tolóerő
viscera,zsigerek
visceralis,"zsigerekhez tartozó, zsigeri"
viscerocranium,arckoponya
visceroparietalis,zsigerekhez és hasfalhoz tartozó
viscus,"bél, zsigerek"
visio defectus,látáshiba
visualis,látással kapcsolatos
visus,látás
vita,élet
vitalis,"életfontosságú, fontos"
vitaminum B,B-vitamin
vitiligo,a bőr pigmenthiányos állapota miatt kialakuló fehér folt
vitium,"ártalom, baj, hiba"
vitium conformationis,deformáltság
vitreus,üvegszerű
vitrum,üveg
vitrum guttorum,csepegtető üveg
vocalis,hangal kapcsolatos
vola,tenyér
volaris,tenyéri
volumen,térfogat
volvulus,bélcsavarodás
vomer,ekecsont
Vomer eris,Ekecsont
vomitare,hány
vomitus,hányás
vortex,"örvény, forgó"
vortex pilorum,forgó (hajban)
vox,hang
vulgaris,közönséges
vulgaris,közös
vulneratio,sebzés
vulnus,"seb, sérülés"
vulnus chirurgicum,sebészi seb
vulnus punctum,szúrt seb
Vulva,Női külső nemi szervek közös elnevezése
vulvovaginitis,hüvelygyulladás és szeméremtest-gyulladás
vulvovaginitis mycotica,külső nemiszervek és hüvely gombás gyulladása
Wuchereria bancrofti,nyirokféreg
xanthaemia,karotinémia
xanthelasma palpebrarum,szemhéjon kialakuló xanthoma
xantho-,sárga
xanthochromia,sárgás elszíneződés
xanthocyanopsia,vörös-zöld vakság
xanthopsia,sárgalátás
xeno-,idegen
xenophobia,beteges félelem idegenektől
xerocheilia,ajakszárazság
xeroderma,bőrszárazság
xerophagia,száraz étel evése
xerophil,szárazságot kedvelő
xerophtalmia,szemszárazság
xerosis,szárazság
xerostomia,szájszárazság
xiphioidalgia,kardnyúlványfájdalom
xiphoides,kard alakú
xiphoideus,kardnyúlványhoz tartozó
zona ciliaris,sugárkoszorú
zona glomerulosa,mellékvese kérgének külső rétege
zona pellucida,átlátszó peteburok
zona reticularis,mellékvese belső rétege
zoogen,állati eredetű
zoonosis,emberre is terjedő állatbetegség
zoophilia,kóros vonzódás állatokhoz
zoophobia,beteges félelem állattól
zootoxin,állati eredtű méreg
zygoma,járomcsont
zygomaticofrontalis,járomcsonti-homlokcsonti
zygomaticoorbitalis,járomcsonti-szemgödri
zygomaticosphenoidalis,járomcsonti-ékcsonti
zygomaticotemporalis,járomcsonti-halántékcsonti
zygomaticus,járomcsontal kapcsolatos
zygomatofrontalis,járomcsonti-homlokcsonti
zygota,megtermékenyített petesejt
